time_ms,status,altitude_m,speed_ms,accel_ms2
38436,3,0,0,0
38456,3,0,0,0
38476,3,0,0,0
38496,3,0,0,0
38516,3,0,0,0
38536,3,0,0,0
38556,3,0,0,0
38576,3,0,0,0
38596,3,0,0,0
38616,3,0,0,0
38636,3,0,0,0
38656,3,0,0,0
38676,3,0,0,0
38696,3,0,0,0
38716,3,0,0,0
38736,3,0,0,0
38756,3,0,0,0
38776,3,0,0,0
38796,3,0,0,0
38816,3,0,0,0
38836,3,0,0,0
38856,3,0,0,0
38876,3,0,0,0
38896,3,0,0,0
38916,3,0,0,0
38936,3,0,0,0
38956,3,0,0,0
38976,3,0,0,0
38996,3,0,0,0
39016,3,0,0,0
39036,3,0,0,0
39056,4,0,0,0
39124,4,0,1,24.8
39144,4,0,2,36.8
39164,4,0,2,28.3
39184,4,0,3,34.9
39204,4,0,4,32.7
39224,4,0,5,34.7
39244,4,0,5,32.6
39264,4,1,6,29.1
39284,4,1,6,28
39304,4,1,7,31.6
39324,4,1,8,30
39344,4,1,8,30.8
39364,4,1,9,28.1
39384,4,2,9,34.2
39404,4,2,10,31
39424,4,2,11,27.5
39444,4,2,11,18.6
39464,4,2,11,25.4
39484,4,3,12,22.3
39504,4,3,12,23.9
39524,4,3,13,15.9
39544,4,3,14,42.4
39564,4,3,14,27.8
39584,4,3,15,21
39604,4,4,15,30.3
39624,4,4,16,21.7
39644,4,4,16,22
39664,4,4,17,30.8
39684,4,5,17,31.7
39704,4,5,18,31
39724,4,5,19,34.3
39744,4,5,19,27.4
39764,4,6,20,29.7
39784,4,6,20,31.7
39804,4,6,21,24.1
39824,4,7,21,27.2
39844,4,7,22,21.2
39864,4,7,22,34.6
39884,4,8,23,27.7
39904,4,8,24,35.9
39924,4,8,24,21.6
39944,4,9,25,36.1
39964,4,9,26,30.7
39984,4,9,26,24.7
40004,4,9,26,22.1
40024,4,10,27,35.3
40044,4,10,28,23
40064,4,10,28,27
40084,4,11,29,34.5
40104,4,11,30,37.8
40124,4,12,30,27.1
40144,4,12,31,30.7
40164,4,12,31,31.2
40184,4,13,32,14.6
40204,4,13,32,38.6
40224,4,14,33,32.3
40244,4,14,34,46.9
40264,4,15,35,32
40284,4,15,36,53
40304,4,16,37,47.1
40324,4,16,38,43.2
40344,4,16,38,26.7
40364,4,17,39,41.2
40384,4,17,40,52.9
40404,4,18,41,30.3
40424,4,18,42,47.5
40444,4,19,42,36.6
40464,4,19,43,61.2
40484,4,20,44,30.3
40504,4,21,45,21.3
40524,4,21,45,48.7
40544,4,22,46,28.7
40564,4,22,47,26.3
40584,4,23,47,16
40604,4,24,48,45.1
40624,4,24,48,14.9
40644,4,25,49,39.9
40664,4,26,50,34.2
40684,4,26,50,33
40704,4,27,51,25.3
40724,4,27,51,13.9
40744,4,28,52,36
40764,4,28,52,14.3
40784,4,29,53,29.3
40804,4,30,53,40.2
40824,4,30,54,51.9
40844,4,31,55,44.1
40864,4,31,57,59.7
40884,4,32,57,29
40904,4,33,58,25.6
40924,4,33,58,26.7
40944,4,34,58,9.2
40964,4,35,59,34
40984,4,35,60,51
41004,4,36,61,23.7
41024,4,36,61,40.3
41044,4,37,62,14.1
41064,4,37,62,24
41084,4,37,63,44.8
41104,4,38,64,41.6
41124,4,39,65,55.6
41144,4,39,65,9.6
41164,4,40,65,17.9
41184,4,40,66,32.6
41204,4,41,67,29.4
41224,4,42,68,48.2
41244,4,43,68,4.5
41264,4,44,68,32.3
41284,4,45,69,32.6
41304,4,46,69,16.7
41324,4,47,70,23.7
41344,4,47,71,45.5
41364,4,49,71,34.7
41384,4,49,72,30.4
41404,4,50,73,30.3
41424,4,51,73,34.6
41444,4,52,74,29.1
41464,4,53,75,33.7
41484,4,54,75,20.6
41504,4,54,76,26.3
41524,4,55,76,19.1
41544,4,56,77,34.7
41564,4,57,77,25.6
41584,4,59,78,35.9
41604,4,59,78,26.4
41624,4,60,79,31.1
41644,4,61,79,23.2
41664,4,62,80,31
41684,4,63,81,30.7
41704,4,64,81,32.3
41724,4,65,82,16.6
41744,4,65,82,25.6
41764,4,67,83,25.5
41784,4,68,83,26
41804,4,68,84,27.6
41824,4,70,84,29.2
41844,4,71,85,33
41864,4,72,86,25.2
41884,4,74,86,29
41904,4,75,87,35.5
41924,4,76,88,40
41944,4,77,88,30
41964,4,78,89,35.6
41984,4,79,90,30.1
42004,4,80,90,31.2
42024,4,82,91,29
42044,4,83,91,18.3
42064,4,83,92,22.8
42084,4,85,92,34.1
42104,4,86,93,26.5
42124,4,87,93,29.9
42144,4,88,94,30.3
42164,4,89,95,32
42184,4,91,95,15.3
42204,4,92,96,33
42224,4,93,96,44.8
42244,4,95,97,18.2
42264,4,96,97,30.4
42284,4,98,98,19.9
42304,4,99,99,33.8
42324,4,100,99,27.8
42344,4,102,100,27.1
42364,4,103,100,8.9
42384,4,104,101,37.7
42404,4,106,101,12.5
42424,4,107,101,33
42444,4,108,102,18.1
42464,4,109,102,24.6
42484,4,111,103,17.9
42504,4,112,103,16.9
42524,4,113,104,38.6
42544,4,115,104,30.3
42564,4,115,105,16.9
42584,4,117,105,33.8
42604,4,119,106,25.4
42624,4,119,106,10.3
42644,4,121,107,35.1
42664,4,122,107,33.3
42684,4,124,108,24
42704,4,125,108,20.5
42724,4,126,109,17.1
42744,4,128,109,28.1
42764,4,130,110,35.2
42784,4,131,111,29.9
42804,4,132,111,31.5
42824,4,133,112,19.1
42844,4,135,112,11
42864,4,137,112,15.2
42884,4,138,112,18
42904,4,140,113,33.4
42924,4,141,114,25.1
42944,4,143,114,30.8
42964,4,144,115,24.2
42984,4,145,115,37.8
43004,4,147,116,33.4
43024,4,148,117,34.7
43044,4,150,117,24.4
43064,4,152,118,29.7
43084,4,154,119,33.6
43104,4,156,119,22.9
43124,4,158,119,15.9
43144,4,160,120,11.8
43164,4,162,120,11.7
43184,4,163,120,5.6
43204,4,165,120,13.3
43224,4,168,121,29.8
43244,4,169,121,20.8
43264,4,172,122,27.6
43284,4,174,122,28.1
43304,4,177,123,14.3
43324,4,180,123,15.3
43344,4,181,123,23.7
43364,4,184,124,40.4
43384,4,185,125,14.9
43404,4,187,125,13.4
43424,4,188,125,18.8
43444,4,189,126,42.3
43464,4,192,126,17.9
43484,4,193,127,16.2
43504,4,195,127,17.9
43524,4,200,128,32.2
43544,4,203,128,17.1
43564,4,212,129,31.5
43584,4,222,129,32.3
43604,4,227,130,25.1
43624,4,236,130,27.1
43644,4,240,131,17.9
43664,4,247,131,14.4
43684,4,254,132,37.5
43704,4,258,132,20.2
43724,4,263,133,28.2
43744,4,266,133,6.9
43764,4,271,133,8
43784,4,275,134,29.4
43804,4,278,134,11.3
43824,4,282,134,29
43844,4,284,135,19.6
43864,4,288,136,43.9
43884,4,292,136,17.9
43904,4,294,137,30.7
43924,4,297,137,13.8
43944,4,299,138,36.2
43964,4,302,138,13
43984,4,306,139,38.1
44004,4,308,139,16.6
44024,4,311,140,39.3
44044,4,315,140,17.4
44064,4,317,140,16.9
44084,4,321,141,20.5
44104,4,322,141,23.5
44124,4,326,142,19.6
44144,4,329,142,16.1
44164,4,331,143,24.1
44184,4,334,143,19.2
44204,4,336,143,14.1
44224,4,339,144,25.9
44244,4,345,144,34.6
44264,4,349,145,8.8
44284,4,355,145,27.3
44304,4,358,146,20.2
44324,4,364,146,19.5
44344,4,370,146,14.2
44364,4,373,146,11
44384,4,379,147,25.3
44404,4,384,147,20
44424,4,386,148,40.7
44444,4,391,148,15.3
44464,4,394,149,19.1
44484,4,399,149,-4.9
44504,4,403,149,28.1
44524,4,406,150,10.2
44544,4,410,150,12.3
44564,4,412,150,36.8
44584,4,416,151,13.7
44604,4,420,151,29.4
44624,4,422,152,19.6
44644,4,427,152,19.5
44664,4,429,152,14.9
44684,4,436,153,26.6
44704,4,447,153,10.6
44724,4,453,154,24.9
44744,4,463,154,11.8
44764,4,467,154,24.8
44784,4,475,155,13.7
44804,4,482,155,17.9
44824,4,486,155,2.5
44844,4,494,155,19.2
44864,4,501,156,11.1
44884,4,504,156,10.9
44904,4,511,157,36.2
44924,4,514,157,7.3
44944,4,519,157,28.6
44964,4,525,158,16.3
44984,4,527,158,26.1
45004,4,532,158,10.4
45024,4,534,159,17.5
45044,4,539,159,25.3
45064,4,544,160,16.3
45084,4,546,160,31.3
45104,4,550,160,8.7
45124,4,552,161,10.7
45144,4,557,161,14.9
45164,4,561,161,10
45184,4,563,161,8.3
45204,4,567,162,27.7
45224,4,571,162,21.8
45244,4,573,163,22.8
45264,4,577,163,12
45284,4,580,163,11.7
45304,4,584,164,19.6
45324,4,588,164,8.9
45344,4,590,164,22.4
45364,4,594,165,23.1
45384,4,596,165,24.5
45404,4,601,165,8.7
45424,4,605,166,10.3
45444,4,607,166,19
45464,4,611,166,21.9
45484,4,614,167,8.4
45504,4,618,167,2.5
45524,4,622,167,13.3
45544,4,624,167,10
45564,4,629,168,24.8
45584,4,631,168,26.5
45604,4,635,168,19.9
45624,4,639,169,24.4
45644,4,642,169,17
45664,4,646,170,13.1
45684,4,650,170,10.7
45704,4,652,170,10.6
45724,4,657,170,8.8
45744,4,659,171,27.4
45764,4,663,171,28.3
45784,4,668,172,19.1
45804,4,670,172,18.9
45824,4,675,173,28.1
45844,4,677,173,27.7
45864,4,682,173,8.9
45884,4,686,174,10.9
45904,4,688,174,6.7
45924,4,693,174,17.4
45944,4,695,174,13.3
45964,4,700,174,5.3
45984,4,705,175,16.5
46004,4,707,175,18.5
46024,4,711,175,18.2
46044,4,713,176,12.5
46064,4,718,176,25.1
46084,4,722,176,13
46104,4,724,177,13.9
46124,4,729,177,20.5
46144,4,734,177,15.2
46164,4,736,178,12.1
46184,4,741,178,25.7
46204,4,743,179,23.2
46224,4,748,179,18.9
46244,4,752,179,10
46264,4,755,180,22.9
46284,4,760,180,19.2
46304,4,762,180,21.7
46324,4,767,181,24.6
46344,4,771,181,13.3
46364,4,774,181,7.2
46384,4,778,182,19.8
46404,4,780,182,33
46424,4,785,183,7.4
46444,4,790,183,22.5
46464,4,792,183,18.6
46484,4,797,184,15.1
46504,4,801,184,13.5
46524,4,804,184,13.6
46544,4,809,185,14.5
46564,4,811,185,14.2
46584,4,816,185,12.3
46604,4,821,185,20.2
46624,4,823,186,17.1
46644,4,828,186,18.9
46664,4,830,187,20.6
46684,4,835,187,21.3
46704,4,840,187,9.7
46724,4,842,187,11.2
46744,4,847,188,14.9
46764,4,849,188,16.1
46784,4,854,188,8.4
46804,4,859,188,5.5
46824,4,861,189,16.2
46844,4,866,189,10
46864,4,868,189,7.4
46884,4,873,189,11.3
46904,4,878,189,0.5
46924,4,880,189,12.3
46944,4,885,190,8.2
46964,4,890,190,12.8
46984,4,892,190,4.8
47004,4,897,190,12.9
47024,4,899,190,9
47044,4,903,191,14.8
47064,4,908,191,11.9
47084,4,910,191,8.8
47104,4,915,191,11.1
47124,4,918,192,11.1
47144,4,922,192,4.8
47164,4,927,192,7
47184,4,929,192,10.5
47204,4,934,192,5.6
47224,4,936,192,6.7
47244,4,941,192,4.5
47264,4,946,193,6.9
47284,4,948,193,3.7
47304,4,953,193,8.2
47324,4,957,193,2.3
47344,4,960,193,3.9
47364,4,965,193,9.1
47384,4,967,193,4.6
47404,4,972,193,4.5
47424,4,976,193,6.2
47444,4,979,193,6.7
47464,4,983,194,3.4
47484,4,986,194,-0.6
47504,4,990,194,2.2
47524,4,995,194,0
47544,4,997,194,1.8
47564,4,1002,194,-1.1
47584,4,1004,194,5
47604,4,1009,194,6.2
47624,4,1013,194,0.7
47644,4,1016,194,-1.9
47664,4,1020,194,4.1
47684,4,1022,194,2.7
47704,4,1027,194,0.7
47724,4,1032,194,5.1
47744,4,1034,194,-3.1
47764,4,1039,194,4.4
47784,4,1044,194,1.9
47804,4,1046,194,-2.1
47824,4,1050,194,2.9
47844,4,1053,194,-2.4
47864,4,1057,194,0.5
47884,4,1062,194,1.8
47904,4,1064,194,-0.6
47924,4,1069,193,2.5
47944,4,1071,193,3.8
47964,4,1076,193,3.8
47984,4,1080,193,1
48004,4,1082,193,2.2
48024,4,1087,192,-3.2
48044,4,1089,192,-0.8
48064,4,1094,192,-3.2
48084,4,1099,192,-0.6
48104,4,1101,192,0.5
48124,4,1105,192,-1.2
48144,4,1110,191,-1.1
48164,4,1112,191,1.4
48184,4,1117,191,-3.3
48204,4,1119,191,-5.1
48224,4,1124,191,-1.7
48244,4,1128,190,-3.8
48264,4,1130,190,-1.4
48284,4,1135,190,-2.3
48304,4,1137,190,-1.5
48324,4,1142,190,0.6
48344,4,1147,189,0.5
48364,4,1149,189,-1.1
48384,4,1153,189,1.6
48404,4,1156,189,-1.8
48424,4,1160,189,-1.5
48444,4,1165,188,0.2
48464,4,1167,188,1.7
48484,4,1171,188,-4.9
48504,4,1174,188,-1.4
48524,4,1178,188,-1.2
48544,4,1183,187,2.7
48564,4,1185,187,-0.8
48584,4,1190,187,-0.1
48604,4,1194,187,0
48624,4,1196,187,-0.8
48644,4,1201,186,0.3
48664,4,1203,186,0.2
48684,4,1208,186,0.9
48704,4,1212,186,-2.1
48724,4,1214,186,0.5
48744,4,1219,185,-1.9
48764,4,1221,185,-2.8
48784,4,1225,185,1.8
48804,4,1229,185,-1.5
48824,4,1232,185,-0.2
48844,4,1236,184,0.3
48864,4,1239,184,2.1
48884,4,1243,184,-1.5
48904,4,1248,184,-1.1
48924,4,1251,184,0.4
48944,4,1255,183,-1.4
48964,4,1259,183,-1.7
48984,4,1261,183,-2.2
49004,4,1266,183,-0.7
49024,4,1268,183,-1.8
49044,4,1273,182,-2.1
49064,4,1278,182,-2.5
49084,4,1280,182,-0.9
49104,4,1284,182,-0.1
49124,4,1287,182,0.5
49144,4,1291,181,-1.2
49164,4,1296,181,-3.1
49184,4,1298,181,1.7
49204,4,1302,181,0.9
49224,4,1304,181,-0.4
49244,4,1309,181,-2
49264,4,1314,180,1.1
49284,4,1316,180,1.1
49304,4,1320,180,-4.9
49324,4,1323,180,-2.4
49344,4,1327,180,-0.8
49364,4,1332,179,0.4
49384,4,1334,179,-1
49404,4,1339,179,-2.4
49424,4,1343,179,-5
49444,4,1346,179,2.9
49464,4,1350,178,-4.1
49484,4,1352,178,1.8
49504,4,1357,178,-3
49524,4,1361,178,-4.1
49544,4,1363,178,-3.7
49564,4,1368,177,-0.8
49584,4,1370,177,-4.2
49604,4,1375,177,-2.1
49624,4,1379,177,-4.4
49644,4,1381,177,-1.2
49664,4,1386,176,-2.3
49684,4,1388,176,-3.5
49704,4,1393,176,-6.4
49724,4,1397,176,-3.4
49744,4,1399,176,-4.4
49764,4,1404,175,-5.7
49784,4,1406,175,-5.1
49804,4,1410,175,-8.2
49824,4,1414,175,-2.5
49844,4,1417,175,-5.5
49864,4,1421,174,-4.9
49884,4,1426,174,-3.2
49904,4,1428,174,-4.7
49924,4,1432,174,-7.5
49944,4,1434,174,-6.8
49964,4,1439,173,-4.6
49984,4,1443,173,-4.6
50004,4,1445,173,-4.1
50024,4,1450,173,-4.9
50044,4,1452,173,-7
50064,4,1456,172,-3.8
50084,4,1461,172,-6.2
50104,4,1463,172,-3.6
50124,4,1467,172,-5.7
50144,4,1469,172,-5.1
50164,4,1474,171,-3
50184,4,1478,171,-2.2
50204,4,1480,171,-4.8
50224,4,1485,171,-5.3
50244,4,1489,171,-4.1
50264,4,1491,171,-3.6
50284,4,1495,170,-3
50304,4,1498,170,-6.7
50324,4,1502,170,-3.2
50344,4,1506,170,-2.5
50364,4,1508,170,-4.2
50384,4,1512,169,-4.2
50404,4,1514,169,-1.4
50424,4,1518,169,-4.7
50444,4,1522,169,-4.8
50464,4,1524,169,-8.8
50484,4,1528,168,-4.5
50504,4,1530,168,-6
50524,4,1535,168,-6
50544,4,1540,168,-6.6
50564,4,1542,168,-3.1
50584,4,1546,167,-3.7
50604,4,1548,167,-4.3
50624,4,1553,167,-4.2
50644,4,1557,167,-2.5
50664,4,1560,167,-3.7
50684,4,1564,166,-5.8
50704,4,1567,166,-10.1
50724,4,1569,166,-4.8
50744,4,1574,166,-3
50764,4,1576,166,-3.9
50784,4,1580,165,-4.8
50804,4,1584,165,-3.7
50824,4,1586,165,-7.9
50844,4,1591,165,-5.3
50864,4,1593,165,-6.5
50884,4,1597,164,-7.6
50904,4,1601,164,-4.3
50924,4,1603,164,-7.3
50944,4,1608,164,-5.8
50964,4,1610,164,-5.7
50984,4,1614,163,-3.8
51004,4,1618,163,-2.5
51024,4,1620,163,-4.7
51044,4,1624,163,-2.1
51064,4,1629,163,-2.7
51084,4,1631,162,-4.4
51104,4,1635,162,-8.4
51124,4,1637,162,-4.4
51144,4,1642,162,-7.7
51164,4,1646,162,-6.2
51184,4,1648,161,-8.1
51204,4,1652,161,-6.8
51224,4,1654,161,-6.7
51244,4,1658,161,-7.5
51264,4,1662,161,-6.7
51284,4,1664,161,-2.4
51304,4,1668,160,-5
51324,4,1670,160,-6
51344,4,1674,160,-7.9
51364,4,1678,160,-7.6
51384,4,1680,160,-7.7
51404,4,1685,159,-7.1
51424,4,1687,159,-7.7
51444,4,1691,159,-7.6
51464,4,1695,159,-8.1
51484,4,1697,159,-6.3
51504,4,1701,158,-6.7
51524,4,1705,158,-5.4
51544,4,1708,158,-8
51564,4,1712,158,-6.7
51584,4,1714,158,-3.3
51604,4,1718,157,-6.4
51624,4,1722,157,-8.2
51644,4,1724,157,-8
51664,4,1728,157,-3.1
51684,4,1730,157,-5.4
51704,4,1734,156,-7.7
51724,4,1738,156,-3.3
51744,4,1740,156,-3
51764,4,1745,156,-9.2
51784,4,1747,156,-6.8
51804,4,1751,155,-9.5
51824,4,1754,155,-4.8
51844,4,1756,155,-7.6
51864,4,1760,155,-4.3
51884,4,1762,155,-5.1
51904,4,1767,154,-6
51924,4,1771,154,-8
51944,4,1773,154,-8.7
51964,4,1777,154,-8.1
51984,4,1781,154,-7.7
52004,4,1783,153,-6.6
52024,4,1787,153,-5.8
52044,4,1789,153,-4.8
52064,4,1793,153,-9
52084,4,1797,153,-7.4
52104,4,1799,152,-5.1
52124,4,1803,152,-9.2
52144,4,1805,152,-7.1
52164,4,1809,152,-7.6
52184,4,1813,152,-6
52204,4,1815,151,-8.2
52224,4,1819,151,-6.3
52244,4,1821,151,-7.3
52264,4,1826,151,-6.6
52284,4,1830,151,-5.5
52304,4,1832,150,-9.7
52324,4,1836,150,-7
52344,4,1840,150,-5
52364,4,1841,150,-10
52384,4,1845,150,-8.2
52404,4,1847,150,-4.9
52424,4,1851,149,-11.2
52444,4,1856,149,-8.2
52464,4,1857,149,-7.1
52484,4,1862,149,-8.4
52504,4,1863,149,-7.1
52524,4,1867,148,-8.8
52544,4,1871,148,-6
52564,4,1873,148,-6.6
52584,4,1877,148,-6.2
52604,4,1879,148,-3.9
52624,4,1883,147,-7.4
52644,4,1887,147,-5.5
52664,4,1889,147,-7.3
52684,4,1893,147,-10.4
52704,4,1895,147,-5.5
52724,4,1899,146,-3.7
52744,4,1903,146,-8.8
52764,4,1905,146,-7.4
52784,4,1909,146,-5
52804,4,1913,146,-9.1
52824,4,1915,145,-5.9
52844,4,1918,145,-4.3
52864,4,1920,145,-10.7
52884,4,1924,145,-8.8
52904,4,1928,145,-12.3
52924,4,1930,144,-4.7
52944,4,1934,144,-7.4
52964,4,1935,144,-10.4
52984,4,1939,144,-8.8
53004,4,1943,143,-13.7
53024,4,1945,143,-11.6
53044,4,1949,143,-4.4
53064,4,1951,143,-7.7
53084,4,1955,143,-11.2
53104,4,1959,142,-11.4
53124,4,1960,142,-13.2
53144,4,1964,142,-3.1
53164,4,1968,142,-2.8
53184,4,1970,142,-2.7
53204,4,1973,141,-3.2
53224,4,1975,141,-9.2
53244,4,1979,141,-12.3
53264,4,1983,141,-14.1
53284,4,1985,140,-11.5
53304,4,1989,140,-0.4
53324,4,1991,140,-2
53344,4,1994,140,-2.6
53364,4,1998,140,-3.2
53384,4,2000,139,-3.6
53404,4,2003,139,-10.2
53424,4,2005,139,-9
53444,4,2009,139,-6.4
53464,4,2013,139,-11.6
53484,4,2015,138,-2.6
53504,4,2019,138,-5.5
53524,4,2021,138,0.8
53544,4,2025,138,-4.1
53564,4,2028,138,-4.2
53584,4,2030,137,-1.2
53604,4,2033,137,-4.5
53624,4,2037,137,-8.7
53644,4,2039,137,-2.5
53664,4,2043,137,-3.8
53684,4,2044,136,-2.3
53704,4,2048,136,-3.2
53724,4,2052,136,-5.9
53744,4,2054,136,-11.4
53764,4,2058,136,-4.5
53784,4,2060,135,-0.5
53804,4,2063,135,-6.2
53824,4,2067,135,2.6
53844,4,2069,135,-8.7
53864,4,2072,135,-14.3
53884,4,2074,134,-11.9
53904,4,2078,134,-13
53924,4,2081,134,-15.8
53944,4,2083,133,-9.6
53964,4,2087,133,-1.3
53984,4,2091,133,-2
54004,4,2093,133,-3.5
54024,4,2096,133,1.4
54044,4,2098,133,-6.1
54064,4,2102,132,-15.3
54084,4,2105,132,-16.3
54104,4,2107,132,-10.7
54124,4,2110,131,-2.9
54144,4,2112,131,-1.5
54164,4,2116,131,2.2
54184,4,2119,131,-7.2
54204,4,2121,131,-16.4
54224,4,2125,130,-4.4
54244,4,2127,130,-1
54264,4,2130,130,-9.6
54284,4,2134,130,-0.5
54304,4,2136,129,-15.5
54324,4,2139,129,-4.4
54344,4,2141,129,-16.5
54364,4,2144,129,-2.5
54384,4,2148,129,-11.3
54404,4,2149,128,-15.8
54424,4,2153,128,-14.6
54444,4,2157,128,-7.1
54464,4,2159,128,-4.8
54484,4,2162,127,-18.2
54504,4,2164,127,-19.3
54524,4,2168,127,-6
54544,4,2171,126,-6.5
54564,4,2173,126,-13.6
54584,4,2176,126,-1.6
54604,4,2178,126,-3.8
54624,4,2181,126,-10.4
54644,4,2185,125,-7
54664,4,2186,125,-3.6
54684,4,2190,125,0.3
54704,4,2192,125,-19.8
54724,4,2195,124,1.8
54744,4,2199,124,-15.1
54764,4,2201,124,-11.6
54784,4,2204,124,-10.9
54804,4,2208,123,-2.4
54824,4,2209,123,-17.9
54844,4,2213,123,-15.6
54864,4,2215,123,-3.5
54884,4,2218,122,-15.2
54904,4,2221,122,-5
54924,4,2223,122,-17.6
54944,4,2226,121,-12.3
54964,4,2228,121,-6.6
54984,4,2232,121,-5.7
55004,4,2235,121,-12.2
55024,4,2237,120,-15.2
55044,4,2241,120,-4
55064,4,2242,120,-14.5
55084,4,2246,120,-5.4
55104,4,2249,120,-7.9
55124,4,2251,119,-7.1
55144,4,2254,119,-12.6
55164,4,2256,119,-8.3
55184,4,2259,119,-11.6
55204,4,2262,118,-16.6
55224,4,2264,118,2.4
55244,4,2267,118,-18.5
55264,4,2271,118,-1.2
55284,4,2273,117,-3.9
55304,4,2276,117,-15.6
55324,4,2278,117,-2.5
55344,4,2281,117,-10.7
55364,4,2285,117,-9.9
55384,4,2286,116,-14.3
55404,4,2289,116,-3.4
55424,4,2291,116,-14.6
55444,4,2294,116,-1.9
55464,4,2298,115,-4.9
55484,4,2299,115,-10.4
55504,4,2303,115,-10.9
55524,4,2304,115,-0.8
55544,4,2308,115,0.7
55564,4,2311,114,-15.7
55584,4,2313,114,-5.1
55604,4,2316,114,-1.8
55624,4,2318,114,-0.4
55644,4,2321,113,-13.2
55664,4,2324,113,-8.2
55684,4,2326,113,-3
55704,4,2329,113,-19.9
55724,4,2332,112,-17.2
55744,4,2334,112,-6.4
55764,4,2338,112,-3
55784,4,2339,111,-19.4
55804,4,2343,111,-13.7
55824,4,2346,111,-11.6
55844,4,2348,111,-0.5
55864,4,2351,111,-12.7
55884,4,2353,110,-17.1
55904,4,2356,110,-12.5
55924,4,2359,110,-18.2
55944,4,2361,109,-2.6
55964,4,2364,109,-6.4
55984,4,2365,109,0.8
56004,4,2369,109,-15.4
56024,4,2372,108,-17.9
56044,4,2374,108,-2.3
56064,4,2377,108,-10.5
56084,4,2380,108,-1.5
56104,4,2382,107,-12.2
56124,4,2385,107,-14.2
56144,4,2387,107,-4.4
56164,4,2390,107,-10.3
56184,4,2393,107,-2.4
56204,4,2394,106,1.5
56224,4,2397,106,-11.6
56244,4,2399,106,1.5
56264,4,2402,106,-13.7
56284,4,2405,105,-9.3
56304,4,2407,105,-2.1
56324,4,2410,105,-7.1
56344,4,2412,105,-2.7
56364,4,2415,105,-10.5
56384,4,2418,104,-14.2
56404,4,2420,104,-5
56424,4,2423,104,-16.5
56444,4,2425,104,-13.9
56464,4,2428,103,-13.3
56484,4,2431,103,-2.5
56504,4,2432,103,-8.4
56524,4,2435,103,-1.4
56544,4,2439,103,-6.5
56564,4,2440,102,-14
56584,4,2444,102,-4.3
56604,4,2445,102,-7.7
56624,4,2448,102,-16.4
56644,4,2451,101,-12
56664,4,2453,101,-6.8
56684,4,2456,101,-16.2
56704,4,2457,101,-11
56724,4,2460,100,-11
56744,4,2463,100,-3.8
56764,4,2465,100,-7.4
56784,4,2468,100,-8.7
56804,4,2469,100,3.1
56824,4,2472,99,-15.6
56844,4,2476,99,-7.4
56864,4,2477,99,-1.2
56884,4,2480,99,-11.4
56904,4,2483,98,-14.1
56924,4,2485,98,-10.2
56944,4,2488,98,-15.2
56964,4,2489,98,-6.2
56984,4,2493,97,-2.8
57004,4,2496,97,3.2
57024,4,2497,97,-14.7
57044,4,2500,97,-1.7
57064,4,2502,97,-4.1
57084,4,2505,96,1.5
57104,4,2508,96,-11.4
57124,4,2509,96,6.1
57144,4,2512,96,-8.5
57164,4,2514,96,-0.5
57184,4,2517,95,-8.3
57204,4,2519,95,-1.9
57224,4,2521,95,-8.8
57244,4,2524,95,2.8
57264,4,2525,95,-5.7
57284,4,2528,94,-9.6
57304,4,2531,94,-4.5
57324,4,2533,94,-9.7
57344,4,2536,94,0.4
57364,4,2539,94,-5.7
57384,4,2540,93,-10.8
57404,4,2543,93,-15.9
57424,4,2545,93,-5.1
57444,4,2547,93,-10.9
57464,4,2550,92,-17
57484,4,2552,92,-9.5
57504,4,2555,92,-16.7
57524,4,2556,92,-10.7
57544,4,2559,91,-10.7
57564,4,2562,91,-0.1
57584,4,2563,91,-11.3
57604,4,2566,91,1.8
57624,4,2568,90,-14.4
57644,4,2571,90,-17.9
57664,4,2574,90,-15.4
57684,4,2575,89,-16.5
57704,4,2578,89,1.8
57724,4,2581,89,-6.7
57744,4,2582,89,2.2
57764,4,2585,89,-11.8
57784,4,2587,88,-0.7
57804,4,2589,88,-3.6
57824,4,2592,88,-11.7
57844,4,2594,88,-2.3
57864,4,2597,88,-8.4
57884,4,2598,87,-10.5
57904,4,2601,87,-14.8
57924,4,2604,87,-16.5
57944,4,2605,87,-8.7
57964,4,2608,86,-12.9
57984,4,2609,86,-11.3
58004,4,2612,86,-14.9
58024,4,2615,85,-17
58044,4,2616,85,-6.7
58064,4,2619,85,-15.7
58084,4,2621,85,-6.1
58104,4,2624,84,-16.9
58124,4,2626,84,-14.7
58144,4,2628,84,-7.1
58164,4,2630,84,-13.1
58184,4,2633,83,-12
58204,4,2634,83,-13.6
58224,4,2637,83,0.5
58244,4,2639,83,-14.6
58264,4,2641,82,-15.1
58284,4,2644,82,-8.6
58304,4,2646,82,-12.5
58324,4,2648,82,-11.8
58344,4,2650,81,-8.3
58364,4,2652,81,-11.3
58384,4,2655,81,0.8
58404,4,2656,81,-3.3
58424,4,2659,81,-10.7
58444,4,2660,80,2.5
58464,4,2663,80,-14.1
58484,4,2666,80,-8.6
58504,4,2667,80,-3.4
58524,4,2670,79,-13.6
58544,4,2673,79,-15.1
58564,4,2674,79,1.6
58584,4,2677,79,-10.3
58604,4,2678,79,-13.1
58624,4,2681,78,0.5
58644,4,2683,78,-14.6
58664,4,2685,78,-13.6
58684,4,2688,77,-15.9
58704,4,2689,77,0
58724,4,2691,77,-12.3
58744,4,2694,77,-13.2
58764,4,2695,77,-8
58784,4,2698,76,-3.6
58804,4,2700,76,-12.3
58824,4,2702,76,-12.6
58844,4,2705,76,-5.4
58864,4,2706,75,-4
58884,4,2709,75,-11.6
58904,4,2710,75,-12
58924,4,2713,75,-5.7
58944,4,2715,75,-1
58964,4,2716,74,-14
58984,4,2719,74,-14.4
59004,4,2721,74,2.7
59024,4,2723,74,0.5
59044,4,2726,73,-15.4
59064,4,2727,73,-14.6
59084,4,2729,73,-8.4
59104,4,2732,73,-9
59124,4,2733,72,-3.2
59144,4,2736,72,-15.8
59164,4,2737,72,-14.5
59184,4,2740,72,-9.4
59204,4,2742,71,-10.6
59224,4,2744,71,1.8
59244,4,2746,71,-14.9
59264,4,2747,71,-15.2
59284,4,2750,70,-14.2
59304,4,2753,70,-14.1
59324,4,2754,70,-1.9
59344,4,2756,70,-7.1
59364,4,2757,70,-2.9
59384,4,2760,69,-12.7
59404,4,2762,69,-13.3
59424,4,2764,69,-17.3
59444,4,2766,68,-15.7
59464,4,2769,68,-4.8
59484,4,2770,68,-3.9
59504,4,2773,68,-13.8
59524,4,2774,67,-14.6
59544,4,2777,67,-12.3
59564,4,2779,67,-11.1
59584,4,2780,67,-12.9
59604,4,2783,66,-5.3
59624,4,2784,66,-10.7
59644,4,2786,66,-2.1
59664,4,2789,66,0.3
59684,4,2790,66,-6.6
59704,4,2792,65,-1.8
59724,4,2793,65,-8.5
59744,4,2796,65,-15.2
59764,4,2798,65,-14.6
59784,4,2800,64,-13
59804,4,2802,64,-14
59824,4,2805,64,-13.9
59844,4,2806,64,-16.2
59864,4,2808,63,-15.7
59884,4,2809,63,-13.6
59904,4,2812,63,-12.6
59924,4,2814,62,-13.6
59944,4,2815,62,-13.4
59964,4,2818,62,-16.9
59984,4,2819,62,-14.2
60004,4,2821,61,-12.9
60024,4,2824,61,-13
60044,4,2825,61,-13.3
60064,4,2827,60,-15.3
60084,4,2828,60,-15.3
60104,4,2831,60,-10.3
60124,4,2833,60,-16.5
60144,4,2834,59,-13.6
60164,4,2837,59,-16.3
60184,4,2838,59,-13.7
60204,4,2840,58,-13.9
60224,4,2843,58,-17
60244,4,2844,58,-15.4
60264,4,2846,58,-14.6
60284,4,2849,57,-12.6
60304,4,2850,57,-1.1
60324,4,2852,57,-0.6
60344,4,2853,57,0.2
60364,4,2856,56,-0.2
60384,4,2858,56,-14.1
60404,4,2859,56,-15.8
60424,4,2861,56,-15
60444,4,2863,55,-14.6
60464,4,2865,55,-14.9
60484,4,2867,55,-5.6
60504,4,2868,55,-1.6
60524,4,2870,54,-1.5
60544,4,2871,54,-7.9
60564,4,2874,54,-15.1
60584,4,2876,54,-11.9
60604,4,2877,53,-12
60624,4,2879,53,-7.3
60644,4,2882,53,-10.4
60664,4,2883,53,-17.6
60684,4,2885,52,-14.8
60704,4,2886,52,-13.7
60724,4,2888,52,-9.4
60744,4,2891,52,-4.5
60764,4,2892,51,-12.2
60784,4,2894,51,-14.9
60804,4,2895,51,-13.9
60824,4,2897,51,-1.5
60844,4,2900,51,-6.6
60864,4,2901,50,-14.4
60884,4,2903,50,-12.6
60904,4,2904,50,-2.2
60924,4,2906,50,-9.4
60944,4,2908,49,-17.2
60964,4,2909,49,-13.3
60984,4,2911,49,-5.7
61004,4,2912,48,-16
61024,4,2914,48,-12.4
61044,4,2917,48,-4.4
61064,4,2918,48,-13
61084,4,2920,48,-7.7
61104,4,2922,47,-3.2
61124,4,2923,47,-12.6
61144,4,2926,47,-13
61164,4,2927,47,-4.7
61184,4,2929,46,-10.6
61204,4,2931,46,-13.8
61224,4,2932,46,-5.2
61244,4,2934,46,-7.1
61264,4,2935,46,-9.4
61284,4,2937,45,-2.6
61304,4,2939,45,-15.1
61324,4,2940,45,-11.9
61344,4,2942,45,-8.3
61364,4,2943,44,-12.2
61384,4,2946,44,-7
61404,4,2948,44,-6.7
61424,4,2949,44,-12.2
61444,4,2950,44,-4.7
61464,4,2951,43,-17.7
61484,4,2953,43,-3.8
61504,4,2956,43,-9.9
61524,4,2957,43,-7.5
61544,4,2959,42,-8.7
61564,4,2961,42,-13.6
61584,4,2962,42,-6.7
61604,4,2964,42,-9.4
61624,4,2965,42,-7.7
61644,4,2967,41,-12.1
61664,4,2969,41,-7.4
61684,4,2969,41,-6.4
61704,4,2971,41,-14.3
61724,4,2972,40,-10.1
61744,4,2973,40,-4.2
61764,4,2975,40,-14.3
61784,4,2976,40,-9.9
61804,4,2978,40,-12.6
61824,4,2979,39,-7.7
61844,4,2981,39,-12.3
61864,4,2983,39,-12.3
61884,4,2984,39,-2.8
61904,4,2986,38,-11.5
61924,4,2987,38,-4.3
61944,4,2988,38,-11
61964,4,2990,38,-5.2
61984,4,2991,38,-14.3
62004,4,2993,37,-12.1
62024,4,2995,37,-4.5
62044,4,2996,37,-12.8
62064,4,2998,37,-6.4
62084,4,2999,36,-13
62104,4,3001,36,-10.6
62124,4,3003,36,-7.6
62144,4,3004,36,-11
62164,4,3006,36,-9.3
62184,4,3007,35,-11.9
62204,4,3009,35,-11.9
62224,4,3011,35,-8.5
62244,4,3012,35,-13.8
62264,4,3014,34,-10.7
62284,4,3015,34,-6.4
62304,4,3017,34,-11.6
62324,4,3018,34,-10.7
62344,4,3019,34,-6.4
62364,4,3021,33,-9.4
62384,4,3023,33,-0.5
62404,4,3024,33,-6.6
62424,4,3026,33,-10.3
62444,4,3027,33,-9.6
62464,4,3029,32,-12.3
62484,4,3031,32,-8.7
62504,4,3032,32,-13.7
62524,4,3034,32,-12.8
62544,4,3034,31,-11.1
62564,4,3036,31,-11.3
62584,4,3038,31,-12.9
62604,4,3039,31,-9.7
62624,4,3041,31,-9.4
62644,4,3042,30,-10.3
62664,4,3044,30,-9
62684,4,3045,30,-13.8
62704,4,3046,30,-13.6
62724,4,3048,29,-14.6
62744,4,3050,29,-8.9
62764,4,3051,29,-6
62784,4,3053,29,-16.2
62804,4,3054,28,-8.4
62824,4,3055,28,-10.4
62844,4,3057,28,-10.5
62864,4,3058,28,-9.9
62884,4,3060,27,-13.8
62904,4,3060,27,-11.1
62924,4,3062,27,-10
62944,4,3064,27,-10.9
62964,4,3065,27,-11.6
62984,4,3067,26,-9.3
63004,4,3068,26,-9.6
63024,4,3069,26,-9.4
63044,4,3071,26,-14.4
63064,4,3072,26,-10.7
63084,4,3074,25,-11.2
63104,4,3075,25,-11.9
63124,4,3076,25,-12.5
63144,4,3078,25,-9.9
63164,4,3079,24,-13.6
63184,4,3080,24,-13.9
63204,4,3082,24,-11.2
63224,4,3083,24,-12.5
63244,4,3084,23,-10.2
63264,4,3085,23,-10
63284,4,3087,23,-13.3
63304,4,3089,23,-13.3
63324,4,3089,22,-13.3
63344,4,3091,22,-12
63364,4,3092,22,-11.3
63384,4,3094,22,-12.6
63404,4,3096,21,-11.8
63424,4,3096,21,-11.7
63444,4,3098,21,-10.6
63464,4,3099,21,-11.2
63484,4,3101,21,-9
63504,4,3102,20,-7.4
63524,4,3103,20,-8.8
63544,4,3104,20,-9.1
63564,4,3106,20,-13.3
63584,4,3107,20,-12.2
63604,4,3108,19,-14.1
63624,4,3109,19,-11.2
63644,4,3111,19,-10.1
63664,4,3112,19,-9.3
63684,4,3113,18,-10
63704,4,3115,18,-10.7
63724,4,3116,18,-11
63744,4,3117,18,-14.3
63764,4,3119,18,-10.7
63784,4,3120,17,-10
63804,4,3121,17,-12
63824,4,3122,17,-11.6
63844,4,3123,17,-11.4
63864,4,3125,16,-7.8
63884,4,3126,16,-12.6
63904,4,3127,16,-13
63924,4,3128,16,-11.9
63944,4,3130,16,-9.7
63964,4,3131,15,-15
63984,4,3132,15,-14.7
64004,4,3133,15,-10
64024,4,3135,15,-8
64044,4,3136,14,-13.7
64064,4,3137,14,-10.6
64084,4,3138,14,-7.8
64104,4,3139,14,-13.7
64124,4,3141,13,-9.4
64144,4,3141,13,-11.6
64164,4,3143,13,-13.5
64184,4,3144,13,-7.4
64204,4,3145,12,-13.4
64224,4,3146,12,-11
64244,4,3147,12,-10.7
64264,4,3149,12,-12.6
64284,4,3149,12,-8.8
64304,4,3151,11,-14.7
64324,4,3152,11,-8.7
64344,4,3153,11,-12.1
64364,4,3154,11,-11.6
64384,4,3156,10,-13.2
64404,4,3157,10,-9.1
64424,4,3158,10,-12.4
64444,4,3159,10,-10.8
64464,4,3160,9,-14.2
64484,4,3161,9,-9.1
64504,4,3162,9,-12.6
64524,4,3163,9,-7.7
64544,4,3164,9,-11.5
64564,4,3165,8,-9
64584,4,3167,8,-10
64604,4,3167,8,-11.6
64624,4,3169,8,-8.5
64644,4,3170,7,-12.6
64664,4,3171,7,-11.3
64684,4,3172,7,-8.1
64704,4,3173,7,-13.6
64724,4,3174,7,-11.6
64744,4,3175,6,-8.4
64764,4,3176,6,-12
64784,4,3178,6,-11.3
64804,4,3179,6,-7.9
64824,4,3180,5,-11.3
64844,4,3181,5,-12.1
64864,4,3182,5,-9.4
64884,4,3183,5,-9.6
64904,4,3183,5,-10.7
64924,4,3184,4,-11.8
64944,4,3186,4,-11.9
64964,4,3186,4,-6
64984,4,3188,4,-11.2
65004,4,3188,4,-10.6
65024,4,3190,3,-9.3
65044,4,3191,3,-9.7
65064,4,3192,3,-10.4
65084,4,3193,3,-12.4
65104,4,3194,3,-10.7
65124,4,3195,2,-10.9
65144,4,3196,2,-9.3
65164,4,3197,2,-9.1
65184,4,3198,2,-12
65204,4,3199,1,-12
65224,4,3200,1,-10.5
65244,4,3201,1,-11.3
65264,4,3201,1,-10.5
65284,4,3202,1,-12
65304,4,3204,0,-11.4
65324,4,3204,0,-9.9
65344,4,3205,0,-12.3
65364,4,3206,0,-12.3
65384,4,3207,0,-11.5
65404,4,3208,0,-11.2
65424,4,3209,0,-10.1
65444,4,3210,0,-8.7
65464,4,3211,0,-8.4
65484,4,3212,0,-8.4
65504,4,3213,0,-10.7
65524,4,3214,0,-10.3
65544,4,3215,0,-12.4
65564,4,3216,0,-12.3
65584,4,3217,0,-12.4
65604,4,3218,0,-11.2
65624,4,3219,0,-12
65644,4,3220,0,-10.1
65664,4,3221,0,-10.7
65684,4,3221,0,-11.1
65704,4,3222,0,-10.2
65724,4,3223,0,-10.9
65744,4,3224,0,-10.7
65764,4,3225,0,-11.3
65784,4,3225,0,-10.7
65804,4,3226,0,-11.4
65824,4,3227,0,-11.2
65844,4,3228,0,-10.4
65864,4,3229,0,-11.1
65884,4,3230,0,-11.5
65904,4,3231,0,-10.3
65924,4,3231,0,-10.7
65944,4,3232,0,-10.3
65964,4,3234,0,-11.4
65984,4,3234,0,-11.7
66004,4,3235,0,-9.4
66024,4,3236,0,-11
66044,4,3237,0,-10.9
66064,4,3238,0,-10.5
66084,4,3238,0,-10.3
66104,4,3239,0,-9.2
66124,4,3240,0,-11.3
66144,4,3241,0,-9.4
66164,4,3242,0,-10.4
66184,4,3242,0,-9.7
66204,4,3243,0,-11.2
66224,4,3244,0,-10
66244,4,3245,0,-10.3
66264,4,3246,0,-11.5
66284,4,3246,0,-10.8
66304,4,3247,0,-10.9
66324,4,3248,0,-7.4
66344,4,3249,0,-10.7
66364,4,3250,0,-10
66384,4,3250,0,-10.6
66404,4,3251,0,-7.4
66424,4,3252,0,-8.4
66444,4,3253,0,-10.7
66464,4,3254,0,-11.1
66484,4,3255,0,-10.9
66504,4,3255,0,-11.2
66524,4,3256,0,-10.9
66544,4,3257,0,-11.3
66564,4,3257,0,-10.3
66584,4,3258,0,-11.6
66604,4,3259,0,-10.1
66624,4,3260,0,-9.3
66644,4,3260,0,-11.2
66664,4,3261,0,-10.5
66684,4,3262,0,-10
66704,4,3263,0,-11
66724,4,3264,0,-11.3
66744,4,3264,0,-10.3
66764,4,3265,0,-10.8
66784,4,3266,0,-10.9
66804,4,3266,0,-11.2
66824,4,3267,0,-10.8
66844,4,3268,0,-11.3
66864,4,3268,0,-10.7
66884,4,3269,0,-11
66904,4,3270,0,-10
66924,4,3270,0,-9.9
66944,4,3271,0,-11.3
66964,4,3271,0,-11.3
66984,4,3272,0,-10.7
67004,4,3272,0,-11.3
67024,4,3273,0,-10
67044,4,3274,0,-10.4
67064,4,3274,0,-10.9
67084,4,3275,0,-10.7
67104,4,3275,0,-10.9
67124,4,3276,0,-10.6
67144,4,3277,0,-7.9
67164,4,3277,0,-11
67184,4,3278,0,-11
67204,4,3279,0,-9.2
67224,4,3280,0,-8.4
67244,4,3281,0,-12.2
67264,4,3281,0,-11.8
67284,4,3282,0,-10.5
67304,4,3283,0,-11.8
67324,4,3283,0,-10
67344,4,3284,0,-10.7
67364,4,3284,0,-6.8
67384,4,3285,0,-10.6
67404,4,3286,0,-10.2
67424,4,3286,0,-12
67444,4,3287,0,-12.1
67464,4,3287,0,-9.7
67484,4,3288,0,-12.5
67504,4,3289,0,-9.6
67524,4,3289,0,-10.3
67544,4,3290,0,-8.2
67564,4,3290,0,-9.6
67584,4,3291,0,-10.3
67604,4,3291,0,-8.9
67624,4,3292,0,-11.1
67644,4,3292,0,-7.4
67664,4,3293,0,-10.1
67684,4,3293,0,-11.3
67704,4,3294,0,-11.6
67724,4,3295,0,-10.5
67744,4,3295,0,-10.5
67764,4,3296,0,-10.3
67784,4,3296,0,-9.4
67804,4,3297,0,-10.5
67824,4,3297,0,-10.3
67844,4,3298,0,-11.4
67864,4,3299,0,-9.1
67884,4,3299,0,-11.2
67904,4,3300,0,-8.9
67924,4,3300,0,-10
67944,4,3301,0,-10.6
67964,4,3301,0,-10.1
67984,4,3301,0,-8.9
68004,4,3302,0,-11.7
68024,4,3302,0,-10.8
68044,4,3303,0,-12.3
68064,4,3303,0,-8.3
68084,4,3304,0,-11.2
68104,4,3304,0,-10.5
68124,4,3305,0,-11
68144,4,3305,0,-10
68164,4,3305,0,-9.7
68184,4,3306,0,-10.7
68204,4,3306,0,-9.9
68224,4,3307,0,-8.4
68244,4,3307,0,-10.3
68264,4,3308,0,-11.6
68284,4,3308,0,-9.4
68304,4,3309,0,-8.7
68324,4,3309,0,-12.3
68344,4,3310,0,-10
68364,4,3310,0,-9.7
68384,4,3310,0,-7.4
68404,4,3311,0,-9.5
68424,4,3311,0,-11.1
68444,4,3311,0,-10.3
68464,4,3312,0,-11.2
68484,4,3312,0,-10
68504,4,3313,0,-9
68524,4,3313,0,-10.3
68544,4,3313,0,-11
68564,4,3313,0,-11.5
68584,4,3314,0,-9.2
68604,4,3314,0,-9.4
68624,4,3315,0,-12.1
68644,4,3315,0,-10.7
68664,4,3315,0,-9.2
68684,4,3316,0,-11.6
68704,4,3316,0,-9.7
68724,4,3317,0,-12.4
68744,4,3317,0,-9.7
68764,4,3317,0,-10.7
68784,4,3318,0,-8.4
68804,4,3318,0,-11.7
68824,4,3318,0,-10.7
68844,4,3319,0,-10.3
68864,4,3319,0,-10.3
68884,4,3319,0,-8
68904,4,3320,0,-11.1
68924,4,3320,0,-12
68944,4,3321,0,-9.9
68964,4,3321,0,-9.6
68984,4,3322,0,-9.4
69004,4,3322,0,-10
69024,4,3322,0,-10.8
69044,4,3322,0,-10.6
69064,4,3323,0,-9.7
69084,4,3323,0,-9.2
69104,4,3323,0,-11.1
69124,4,3323,0,-11.4
69144,4,3324,0,-10.5
69164,4,3324,0,-10
69184,4,3324,0,-10.6
69204,4,3324,0,-10.6
69224,4,3325,0,-9.9
69244,4,3325,0,-10.7
69264,4,3325,0,-10.4
69284,4,3326,0,-13.9
69304,4,3326,0,-11.1
69324,4,3326,0,-8.7
69344,4,3327,0,-12.2
69364,4,3327,0,-11
69384,4,3327,0,-10.8
69404,4,3327,0,-9.4
69424,4,3328,0,-12.8
69444,4,3328,0,-8.6
69464,4,3328,0,-7.7
69484,4,3328,0,-13.1
69504,4,3329,0,-10.2
69524,4,3329,0,-10.7
69544,4,3329,0,-11.3
69564,4,3329,0,-9.5
69584,4,3329,0,-12.4
69604,4,3330,0,-8.8
69624,4,3330,0,-10.1
69644,4,3330,0,-9.5
69664,4,3330,0,-6.4
69684,4,3330,0,-10.1
69704,4,3330,0,-8.8
69724,4,3330,0,-11.6
69744,4,3330,0,-11.3
69764,4,3331,0,-8.2
69784,4,3331,0,-11.6
69804,4,3331,0,-11.6
69824,4,3331,0,-11.5
69844,4,3331,0,-11
69864,4,3331,0,-12.6
69884,4,3332,0,-9.4
69904,4,3332,0,-10.1
69924,4,3332,0,-8.9
69944,4,3332,0,-11.9
69964,4,3333,0,-12.3
69984,4,3333,0,-10
70004,4,3333,0,-8.9
70024,4,3333,0,-10.3
70044,4,3333,0,-11
70064,4,3334,0,-10.3
70084,4,3334,0,-10.2
70104,4,3334,0,-9.7
70124,4,3334,0,-9.3
70144,4,3334,0,-8.3
70164,4,3334,0,-12
70184,4,3334,0,-10.7
70204,4,3334,0,-12.2
70224,4,3334,0,-11
70244,4,3334,0,-11.5
70264,4,3334,0,-10
70284,4,3334,0,-10
70304,4,3334,0,-9.9
70324,4,3334,0,-12.4
70344,4,3334,0,-9.9
70364,4,3334,0,-11.1
70384,4,3334,0,-8.1
70404,4,3334,0,-9.1
70424,4,3335,0,-11.3
70444,4,3335,0,-9.1
70464,4,3335,0,-11.5
70484,4,3335,0,-10.8
70504,4,3335,0,-10.5
70524,4,3335,0,-9.4
70544,4,3335,0,-10
70564,4,3335,0,-7.7
70584,4,3335,0,-13
70604,4,3335,0,-9
70624,4,3335,0,-12.6
70644,4,3335,0,-11
70664,4,3335,0,-10
70684,4,3335,0,-10.6
70704,4,3335,0,-10.1
70724,4,3335,0,-9.5
70744,4,3335,0,-10.3
70764,4,3335,0,-11
70784,4,3335,0,-10
70804,4,3335,0,-10
70824,4,3335,0,-10.6
70844,4,3335,0,-11.8
70864,4,3335,0,-10
70884,4,3335,0,-9.1
70904,4,3335,0,-10.5
70924,4,3335,0,-10.3
70944,4,3335,0,-11.6
70964,4,3335,0,-10
70984,4,3335,0,-10
71004,4,3335,0,-10.2
71024,4,3335,0,-11
71044,4,3335,0,-10.3
71064,4,3335,0,-10.6
71084,4,3334,0,-11.3
71104,4,3334,0,-9.1
71124,4,3334,0,-7.9
71144,4,3334,0,-8.7
71164,4,3334,0,-10.8
71184,4,3334,0,-9.9
71204,4,3334,0,-10.4
71224,4,3334,0,-10.3
71244,4,3334,0,-11
71264,4,3334,0,-10.3
71284,4,3334,0,-9.7
71304,4,3334,0,-7.9
71324,4,3334,0,-11
71344,4,3333,0,-10.4
71364,4,3333,0,-11.3
71384,4,3333,0,-9.2
71404,4,3333,0,-11.1
71424,4,3333,0,-9.7
71444,4,3333,0,-11.3
71464,4,3333,0,-11.3
71484,4,3332,0,-10.7
71504,4,3332,0,-10.6
71524,4,3332,0,-10.1
71544,4,3332,0,-10.7
71564,4,3332,0,-11
71584,4,3331,0,-12.3
71604,4,3331,0,-11.2
71624,4,3331,0,-11.1
71644,4,3331,0,-11
71664,4,3331,0,-10.3
71684,5,3331,0,-10.4
71704,5,3330,0,0
71724,5,3330,0,0
71744,5,3330,0,0
71764,5,3331,0,0
71784,5,3330,0,0
71804,5,3330,0,0
71824,5,3330,0,0
71844,5,3330,0,0
71864,5,3330,0,0
71884,5,3330,0,0
71904,5,3330,0,0
71924,5,3330,0,0
71944,5,3330,0,0
71964,5,3329,0,0
71984,5,3329,0,0
72004,5,3329,0,0
72024,5,3329,0,0
72044,5,3329,0,0
72064,5,3328,0,0
72084,5,3328,0,0
72104,5,3328,0,0
72124,5,3328,0,0
72144,5,3328,0,0
72164,5,3327,0,0
72184,5,3327,0,0
72204,5,3326,0,0
72224,5,3326,0,0
72244,5,3326,0,0
72264,5,3325,0,0
72284,5,3325,0,0
72304,5,3325,0,0
72324,5,3325,0,0
72344,5,3325,0,0
72364,5,3325,0,0
72384,5,3325,0,0
72404,5,3325,0,0
72424,5,3325,0,0
72444,5,3326,0,0
72464,5,3326,0,0
72484,5,3327,0,0
72504,5,3327,0,0
72524,5,3326,0,0
72544,5,3326,0,0
72564,5,3325,0,0
72584,5,3323,0,0
72604,5,3323,0,0
72624,5,3322,0,0
72644,5,3322,0,0
72664,5,3322,0,0
72684,5,3324,0,0
72704,5,3325,0,0
72724,5,3327,0,0
72744,5,3328,0,0
72764,5,3331,0,0
72784,5,3334,0,0
72804,5,3335,0,0
72824,5,3337,0,0
72844,5,3338,0,0
72864,5,3339,0,0
72884,5,3339,0,0
72904,5,3340,0,0
72924,5,3341,0,0
72944,5,3342,0,0
72964,5,3343,0,0
72984,5,3347,0,0
73004,5,3348,0,0
73024,5,3348,0,0
73044,5,3348,0,0
73064,5,3348,0,0
73084,5,3348,0,0
73104,5,3347,0,0
73124,5,3344,0,0
73144,5,3340,0,0
73164,5,3338,0,0
73184,5,3336,0,0
73204,5,3335,0,0
73224,5,3334,0,0
73244,5,3332,0,0
73264,5,3332,0,0
73284,5,3332,0,0
73304,5,3333,0,0
73324,5,3333,0,0
73344,5,3333,0,0
73364,5,3333,0,0
73384,5,3333,0,0
73404,5,3333,0,0
73424,5,3333,0,0
73444,5,3332,0,0
73464,5,3332,0,0
73484,5,3330,0,0
73504,5,3328,0,0
73524,5,3327,0,0
73544,5,3325,0,0
73564,5,3324,0,0
73584,5,3323,0,0
73604,5,3321,0,0
73624,5,3321,0,0
73644,5,3320,0,0
73664,5,3320,0,0
73684,5,3319,0,0
73704,5,3317,0,0
73724,5,3316,0,0
73744,5,3315,0,0
73764,5,3314,0,0
73784,5,3313,0,0
73804,5,3313,0,0
73824,5,3312,0,0
73844,5,3311,0,0
73864,5,3309,0,0
73884,5,3308,0,0
73904,5,3307,0,0
73924,5,3306,0,0
73944,5,3306,0,0
73964,5,3307,0,0
73984,5,3308,0,0
74004,5,3309,0,0
74024,5,3310,0,0
74044,5,3311,0,0
74064,5,3312,0,0
74084,5,3312,0,0
74104,5,3313,0,0
74124,5,3314,0,0
74144,5,3315,0,0
74164,5,3314,0,0
74184,5,3314,0,0
74204,5,3311,0,0
74224,5,3308,0,0
74244,5,3308,0,0
74264,5,3306,0,0
74284,5,3305,0,0
74304,5,3304,0,0
74324,5,3304,0,0
74344,5,3303,0,0
74364,5,3303,0,0
74384,5,3303,0,0
74404,5,3303,0,0
74424,5,3302,0,0
74444,5,3302,0,0
74464,5,3301,0,0
74484,5,3298,0,0
74504,5,3297,0,0
74524,5,3294,0,0
74544,5,3292,0,0
74564,5,3290,0,0
74584,5,3288,0,0
74604,5,3287,0,0
74624,5,3286,0,0
74644,5,3287,0,0
74664,5,3286,0,0
74684,5,3285,0,0
74704,5,3285,0,0
74724,5,3284,0,0
74744,5,3284,0,0
74764,5,3282,0,0
74784,5,3282,0,0
74804,5,3282,0,0
74824,5,3283,0,0
74844,5,3285,0,0
74864,5,3286,0,0
74884,5,3285,0,0
74904,5,3285,0,0
74924,5,3284,0,0
74944,5,3283,0,0
74964,5,3283,0,0
74984,5,3281,0,0
75004,5,3280,0,0
75024,5,3278,0,0
75044,5,3276,0,0
75064,5,3276,0,0
75084,5,3275,0,0
75104,5,3274,0,0
75124,5,3274,0,0
75144,5,3274,0,0
75164,5,3273,0,0
75184,5,3273,0,0
75204,5,3273,0,0
75224,5,3272,0,0
75244,5,3272,0,0
75264,5,3272,0,0
75284,5,3272,0,0
75304,5,3271,0,0
75324,5,3271,0,0
75344,5,3271,0,0
75364,5,3271,0,0
75384,5,3271,0,0
75404,5,3271,0,0
75424,5,3271,0,0
75444,5,3271,0,0
75464,5,3271,0,0
75484,5,3271,0,0
75504,5,3271,0,0
75524,5,3271,0,0
75544,5,3271,0,0
75564,5,3271,0,0
75584,5,3270,0,0
75604,5,3270,0,0
75624,5,3270,0,0
75644,5,3270,0,0
75664,5,3270,0,0
75684,5,3270,0,0
75704,5,3270,0,0
75724,5,3270,0,0
75744,5,3270,0,0
75764,5,3270,0,0
75784,5,3270,0,0
75804,5,3270,0,0
75824,5,3270,0,0
75844,5,3270,0,0
75864,5,3270,0,0
75884,5,3270,0,0
75904,5,3270,0,0
75924,5,3269,0,0
75944,5,3269,0,0
75964,5,3269,0,0
75984,5,3269,0,0
76004,5,3269,0,0
76024,5,3269,0,0
76044,5,3269,0,0
76064,5,3269,0,0
76084,5,3269,0,0
76104,5,3269,0,0
76124,5,3268,0,0
76144,5,3268,0,0
76164,5,3268,0,0
76184,5,3267,0,0
76204,5,3267,0,0
76224,5,3267,0,0
76244,5,3267,0,0
76264,5,3267,0,0
76284,5,3266,0,0
76304,5,3266,0,0
76324,5,3266,0,0
76344,5,3266,0,0
76364,5,3265,0,0
76384,5,3265,0,0
76404,5,3265,0,0
76424,5,3264,0,0
76444,5,3264,0,0
76464,5,3263,0,0
76484,5,3263,0,0
76504,5,3263,0,0
76524,5,3263,0,0
76544,5,3263,0,0
76564,5,3263,0,0
76584,5,3263,0,0
76604,5,3263,0,0
76624,5,3263,0,0
76644,5,3263,0,0
76664,5,3262,0,0
76684,5,3262,0,0
76704,5,3262,0,0
76724,5,3262,0,0
76744,5,3261,0,0
76764,5,3261,0,0
76784,5,3261,0,0
76804,5,3261,0,0
76824,5,3261,0,0
76844,5,3261,0,0
76864,5,3261,0,0
76884,5,3261,0,0
76904,5,3261,0,0
76924,5,3261,0,0
76944,5,3261,0,0
76964,5,3261,0,0
76984,5,3261,0,0
77004,5,3261,0,0
77024,5,3261,0,0
77044,5,3261,0,0
77064,5,3261,0,0
77084,5,3261,0,0
77104,5,3261,0,0
77124,5,3261,0,0
77144,5,3260,0,0
77164,5,3260,0,0
77184,5,3260,0,0
77204,5,3260,0,0
77224,5,3260,0,0
77244,5,3260,0,0
77264,5,3260,0,0
77284,5,3260,0,0
77304,5,3260,0,0
77324,5,3260,0,0
77344,5,3260,0,0
77364,5,3260,0,0
77384,5,3260,0,0
77404,5,3259,0,0
77424,5,3259,0,0
77444,5,3259,0,0
77464,5,3259,0,0
77484,5,3259,0,0
77504,5,3259,0,0
77524,5,3259,0,0
77544,5,3258,0,0
77564,5,3258,0,0
77584,5,3258,0,0
77604,5,3258,0,0
77624,5,3258,0,0
77644,5,3258,0,0
77664,5,3257,0,0
77684,5,3257,0,0
77704,5,3257,0,0
77724,5,3257,0,0
77744,5,3256,0,0
77764,5,3256,0,0
77784,5,3256,0,0
77804,5,3255,0,0
77824,5,3255,0,0
77844,5,3255,0,0
77864,5,3255,0,0
77884,5,3254,0,0
77904,5,3254,0,0
77924,5,3254,0,0
77944,5,3254,0,0
77964,5,3254,0,0
77984,5,3254,0,0
78004,5,3253,0,0
78024,5,3253,0,0
78044,5,3253,0,0
78064,5,3253,0,0
78084,5,3253,0,0
78104,5,3253,0,0
78124,5,3253,0,0
78144,5,3253,0,0
78164,5,3253,0,0
78184,5,3253,0,0
78204,5,3253,0,0
78224,5,3252,0,0
78244,5,3252,0,0
78264,5,3252,0,0
78284,5,3252,0,0
78304,5,3252,0,0
78324,5,3252,0,0
78344,5,3252,0,0
78364,5,3252,0,0
78384,5,3252,0,0
78404,5,3252,0,0
78424,5,3252,0,0
78444,5,3252,0,0
78464,5,3252,0,0
78484,5,3252,0,0
78504,5,3252,0,0
78524,5,3252,0,0
78544,5,3252,0,0
78564,5,3252,0,0
78584,5,3252,0,0
78604,5,3252,0,0
78624,5,3252,0,0
78644,5,3252,0,0
78664,5,3252,0,0
78684,5,3252,0,0
78704,5,3252,0,0
78724,5,3252,0,0
78744,5,3252,0,0
78764,5,3252,0,0
78784,5,3252,0,0
78804,5,3252,0,0
78824,5,3252,0,0
78844,5,3252,0,0
78864,5,3252,0,0
78884,5,3252,0,0
78904,5,3252,0,0
78924,5,3252,0,0
78944,5,3252,0,0
78964,5,3252,0,0
78984,5,3251,0,0
79004,5,3251,0,0
79024,5,3251,0,0
79044,5,3251,0,0
79064,5,3251,0,0
79084,5,3251,0,0
79104,5,3250,0,0
79124,5,3250,0,0
79144,5,3250,0,0
79164,5,3250,0,0
79184,5,3250,0,0
79204,5,3249,0,0
79224,5,3249,0,0
79244,5,3249,0,0
79264,5,3248,0,0
79284,5,3248,0,0
79304,5,3248,0,0
79324,5,3247,0,0
79344,5,3247,0,0
79364,5,3247,0,0
79384,5,3247,0,0
79404,5,3247,0,0
79424,5,3247,0,0
79444,5,3246,0,0
79464,5,3246,0,0
79484,5,3246,0,0
79504,5,3246,0,0
79524,5,3246,0,0
79544,5,3246,0,0
79564,5,3246,0,0
79584,5,3246,0,0
79604,5,3246,0,0
79624,5,3246,0,0
79644,5,3245,0,0
79664,5,3245,0,0
79684,5,3245,0,0
79704,5,3245,0,0
79724,5,3245,0,0
79744,5,3245,0,0
79764,5,3245,0,0
79784,5,3245,0,0
79804,5,3245,0,0
79824,5,3245,0,0
79844,5,3245,0,0
79864,5,3245,0,0
79884,5,3244,0,0
79904,5,3244,0,0
79924,5,3245,0,0
79944,5,3244,0,0
79964,5,3244,0,0
79984,5,3244,0,0
80004,5,3244,0,0
80024,5,3244,0,0
80044,5,3244,0,0
80064,5,3244,0,0
80084,5,3244,0,0
80104,5,3244,0,0
80124,5,3243,0,0
80144,5,3243,0,0
80164,5,3243,0,0
80184,5,3243,0,0
80204,5,3243,0,0
80224,5,3243,0,0
80244,5,3244,0,0
80264,5,3243,0,0
80284,5,3243,0,0
80304,5,3243,0,0
80324,5,3243,0,0
80344,5,3243,0,0
80364,5,3243,0,0
80384,5,3243,0,0
80404,5,3244,0,0
80424,5,3244,0,0
80444,5,3243,0,0
80464,5,3243,0,0
80484,5,3242,0,0
80504,5,3242,0,0
80524,5,3242,0,0
80544,5,3242,0,0
80564,5,3241,0,0
80584,5,3241,0,0
80604,5,3240,0,0
80624,5,3240,0,0
80644,5,3240,0,0
80664,5,3239,0,0
80684,5,3239,0,0
80704,5,3239,0,0
80724,5,3239,0,0
80744,5,3239,0,0
80764,5,3239,0,0
80784,5,3238,0,0
80804,5,3238,0,0
80824,5,3238,0,0
80844,5,3238,0,0
80864,5,3238,0,0
80884,5,3238,0,0
80904,5,3238,0,0
80924,5,3238,0,0
80944,5,3237,0,0
80964,5,3237,0,0
80984,5,3237,0,0
81004,5,3237,0,0
81024,5,3237,0,0
81044,5,3237,0,0
81064,5,3237,0,0
81084,5,3237,0,0
81104,5,3236,0,0
81124,5,3236,0,0
81144,5,3236,0,0
81164,5,3236,0,0
81184,5,3236,0,0
81204,5,3236,0,0
81224,5,3236,0,0
81244,5,3236,0,0
81264,5,3236,0,0
81284,5,3236,0,0
81304,5,3236,0,0
81324,5,3236,0,0
81344,5,3236,0,0
81364,5,3236,0,0
81384,5,3236,0,0
81404,5,3235,0,0
81424,5,3235,0,0
81444,5,3235,0,0
81464,5,3235,0,0
81484,5,3235,0,0
81504,5,3235,0,0
81524,5,3235,0,0
81544,5,3235,0,0
81564,5,3235,0,0
81584,5,3235,0,0
81604,5,3235,0,0
81624,5,3235,0,0
81644,5,3234,0,0
81664,5,3234,0,0
81684,5,3234,0,0
81704,5,3234,0,0
81724,5,3234,0,0
81744,5,3234,0,0
81764,5,3234,0,0
81784,5,3234,0,0
81804,5,3233,0,0
81824,5,3233,0,0
81844,5,3233,0,0
81864,5,3233,0,0
81884,5,3233,0,0
81904,5,3233,0,0
81924,5,3232,0,0
81944,5,3232,0,0
81964,5,3232,0,0
81984,5,3232,0,0
82004,5,3232,0,0
82024,5,3232,0,0
82044,5,3232,0,0
82064,5,3232,0,0
82084,5,3232,0,0
82104,5,3232,0,0
82124,5,3232,0,0
82144,5,3232,0,0
82164,5,3231,0,0
82184,5,3231,0,0
82204,5,3231,0,0
82224,5,3231,0,0
82244,5,3231,0,0
82264,5,3230,0,0
82284,5,3230,0,0
82304,5,3230,0,0
82324,5,3230,0,0
82344,5,3230,0,0
82364,5,3230,0,0
82384,5,3230,0,0
82404,5,3230,0,0
82424,5,3230,0,0
82444,5,3230,0,0
82464,5,3229,0,0
82484,5,3229,0,0
82504,5,3229,0,0
82524,5,3229,0,0
82544,5,3229,0,0
82564,5,3229,0,0
82584,5,3229,0,0
82604,5,3229,0,0
82624,5,3229,0,0
82644,5,3229,0,0
82664,5,3229,0,0
82684,5,3229,0,0
82704,5,3229,0,0
82724,5,3229,0,0
82744,5,3229,0,0
82764,5,3229,0,0
82784,5,3229,0,0
82804,5,3229,0,0
82824,5,3229,0,0
82844,5,3229,0,0
82864,5,3229,0,0
82884,5,3229,0,0
82904,5,3229,0,0
82924,5,3229,0,0
82944,5,3229,0,0
82964,5,3229,0,0
82984,5,3229,0,0
83004,5,3228,0,0
83024,5,3228,0,0
83044,5,3228,0,0
83064,5,3228,0,0
83084,5,3227,0,0
83104,5,3227,0,0
83124,5,3227,0,0
83144,5,3227,0,0
83164,5,3227,0,0
83184,5,3227,0,0
83204,5,3227,0,0
83224,5,3226,0,0
83244,5,3226,0,0
83264,5,3226,0,0
83284,5,3226,0,0
83304,5,3225,0,0
83324,5,3225,0,0
83344,5,3225,0,0
83364,5,3225,0,0
83384,5,3225,0,0
83404,5,3225,0,0
83424,5,3224,0,0
83444,5,3224,0,0
83464,5,3224,0,0
83484,5,3223,0,0
83504,5,3223,0,0
83524,5,3223,0,0
83544,5,3223,0,0
83564,5,3223,0,0
83584,5,3223,0,0
83604,5,3223,0,0
83624,5,3222,0,0
83644,5,3222,0,0
83664,5,3222,0,0
83684,5,3222,0,0
83704,5,3222,0,0
83724,5,3222,0,0
83744,5,3221,0,0
83764,5,3221,0,0
83784,5,3221,0,0
83804,5,3221,0,0
83824,5,3221,0,0
83844,5,3221,0,0
83864,5,3221,0,0
83884,5,3221,0,0
83904,5,3220,0,0
83924,5,3220,0,0
83944,5,3220,0,0
83964,5,3220,0,0
83984,5,3220,0,0
84004,5,3220,0,0
84024,5,3220,0,0
84044,5,3219,0,0
84064,5,3219,0,0
84084,5,3219,0,0
84104,5,3219,0,0
84124,5,3219,0,0
84144,5,3219,0,0
84164,5,3219,0,0
84184,5,3219,0,0
84204,5,3219,0,0
84224,5,3219,0,0
84244,5,3219,0,0
84264,5,3219,0,0
84284,5,3219,0,0
84304,5,3219,0,0
84324,5,3219,0,0
84344,5,3219,0,0
84364,5,3218,0,0
84384,5,3218,0,0
84404,5,3218,0,0
84424,5,3218,0,0
84444,5,3218,0,0
84464,5,3218,0,0
84484,5,3217,0,0
84504,5,3217,0,0
84524,5,3217,0,0
84544,5,3217,0,0
84564,5,3217,0,0
84584,5,3217,0,0
84604,5,3216,0,0
84624,5,3216,0,0
84644,5,3216,0,0
84664,5,3216,0,0
84684,5,3216,0,0
84704,5,3216,0,0
84724,5,3216,0,0
84744,5,3215,0,0
84764,5,3215,0,0
84784,5,3215,0,0
84804,5,3215,0,0
84824,5,3215,0,0
84844,5,3215,0,0
84864,5,3215,0,0
84884,5,3215,0,0
84904,5,3215,0,0
84924,5,3215,0,0
84944,5,3215,0,0
84964,5,3215,0,0
84984,5,3215,0,0
85004,5,3215,0,0
85024,5,3215,0,0
85044,5,3214,0,0
85064,5,3214,0,0
85084,5,3214,0,0
85104,5,3214,0,0
85124,5,3214,0,0
85144,5,3214,0,0
85164,5,3214,0,0
85184,5,3214,0,0
85204,5,3214,0,0
85224,5,3214,0,0
85244,5,3214,0,0
85264,5,3214,0,0
85284,5,3214,0,0
85304,5,3213,0,0
85324,5,3213,0,0
85344,5,3213,0,0
85364,5,3213,0,0
85384,5,3213,0,0
85404,5,3213,0,0
85424,5,3213,0,0
85444,5,3213,0,0
85464,5,3213,0,0
85484,5,3212,0,0
85504,5,3212,0,0
85524,5,3212,0,0
85544,5,3212,0,0
85564,5,3212,0,0
85584,5,3212,0,0
85604,5,3212,0,0
85624,5,3212,0,0
85644,5,3212,0,0
85664,5,3211,0,0
85684,5,3211,0,0
85704,5,3211,0,0
85724,5,3211,0,0
85744,5,3211,0,0
85764,5,3211,0,0
85784,5,3211,0,0
85804,5,3211,0,0
85824,5,3211,0,0
85844,5,3210,0,0
85864,5,3210,0,0
85884,5,3210,0,0
85904,5,3210,0,0
85924,5,3210,0,0
85944,5,3210,0,0
85964,5,3210,0,0
85984,5,3210,0,0
86004,5,3210,0,0
86024,5,3210,0,0
86044,5,3210,0,0
86064,5,3209,0,0
86084,5,3209,0,0
86104,5,3209,0,0
86124,5,3209,0,0
86144,5,3209,0,0
86164,5,3208,0,0
86184,5,3208,0,0
86204,5,3208,0,0
86224,5,3208,0,0
86244,5,3208,0,0
86264,5,3207,0,0
86284,5,3207,0,0
86304,5,3207,0,0
86324,5,3207,0,0
86344,5,3207,0,0
86364,5,3207,0,0
86384,5,3206,0,0
86404,5,3206,0,0
86424,5,3206,0,0
86444,5,3206,0,0
86464,5,3206,0,0
86484,5,3206,0,0
86504,5,3206,0,0
86524,5,3205,0,0
86544,5,3205,0,0
86564,5,3205,0,0
86584,5,3205,0,0
86604,5,3205,0,0
86624,5,3205,0,0
86644,5,3204,0,0
86664,5,3204,0,0
86684,5,3204,0,0
86704,5,3204,0,0
86724,5,3204,0,0
86744,5,3204,0,0
86764,5,3204,0,0
86784,5,3204,0,0
86804,5,3204,0,0
86824,5,3204,0,0
86844,5,3203,0,0
86864,5,3203,0,0
86884,5,3203,0,0
86904,5,3203,0,0
86924,5,3203,0,0
86944,5,3203,0,0
86964,5,3203,0,0
86984,5,3202,0,0
87004,5,3202,0,0
87024,5,3202,0,0
87044,5,3202,0,0
87064,5,3202,0,0
87084,5,3202,0,0
87104,5,3202,0,0
87124,5,3202,0,0
87144,5,3201,0,0
87164,5,3201,0,0
87184,5,3201,0,0
87204,5,3201,0,0
87224,5,3201,0,0
87244,5,3201,0,0
87264,5,3201,0,0
87284,5,3200,0,0
87304,5,3200,0,0
87324,5,3200,0,0
87344,5,3200,0,0
87364,5,3200,0,0
87384,5,3200,0,0
87404,5,3200,0,0
87424,5,3200,0,0
87444,5,3200,0,0
87464,5,3199,0,0
87484,5,3199,0,0
87504,5,3199,0,0
87524,5,3199,0,0
87544,5,3199,0,0
87564,5,3199,0,0
87584,5,3199,0,0
87604,5,3199,0,0
87624,5,3199,0,0
87644,5,3199,0,0
87664,5,3199,0,0
87684,5,3199,0,0
87704,5,3199,0,0
87724,5,3199,0,0
87744,5,3199,0,0
87764,5,3199,0,0
87784,5,3199,0,0
87804,5,3199,0,0
87824,5,3199,0,0
87844,5,3199,0,0
87864,5,3199,0,0
87884,5,3199,0,0
87904,5,3199,0,0
87924,5,3199,0,0
87944,5,3198,0,0
87964,5,3198,0,0
87984,5,3198,0,0
88004,5,3198,0,0
88024,5,3198,0,0
88044,5,3198,0,0
88064,5,3198,0,0
88084,5,3198,0,0
88104,5,3198,0,0
88124,5,3197,0,0
88144,5,3197,0,0
88164,5,3197,0,0
88184,5,3197,0,0
88204,5,3197,0,0
88224,5,3197,0,0
88244,5,3196,0,0
88264,5,3196,0,0
88284,5,3196,0,0
88304,5,3196,0,0
88324,5,3196,0,0
88344,5,3196,0,0
88364,5,3196,0,0
88384,5,3195,0,0
88404,5,3195,0,0
88424,5,3195,0,0
88444,5,3195,0,0
88464,5,3195,0,0
88484,5,3195,0,0
88504,5,3195,0,0
88524,5,3195,0,0
88544,5,3194,0,0
88564,5,3194,0,0
88584,5,3194,0,0
88604,5,3194,0,0
88624,5,3194,0,0
88644,5,3194,0,0
88664,5,3194,0,0
88684,5,3194,0,0
88704,5,3193,0,0
88724,5,3193,0,0
88744,5,3193,0,0
88764,5,3193,0,0
88784,5,3193,0,0
88804,5,3193,0,0
88824,5,3193,0,0
88844,5,3193,0,0
88864,5,3193,0,0
88884,5,3193,0,0
88904,5,3192,0,0
88924,5,3192,0,0
88944,5,3192,0,0
88964,5,3192,0,0
88984,5,3192,0,0
89004,5,3192,0,0
89024,5,3192,0,0
89044,5,3192,0,0
89064,5,3192,0,0
89084,5,3192,0,0
89104,5,3192,0,0
89124,5,3192,0,0
89144,5,3192,0,0
89164,5,3192,0,0
89184,5,3192,0,0
89204,5,3192,0,0
89224,5,3192,0,0
89244,5,3192,0,0
89264,5,3192,0,0
89284,5,3192,0,0
89304,5,3191,0,0
89324,5,3191,0,0
89344,5,3191,0,0
89364,5,3191,0,0
89384,5,3191,0,0
89404,5,3191,0,0
89424,5,3191,0,0
89444,5,3191,0,0
89464,5,3191,0,0
89484,5,3191,0,0
89504,5,3190,0,0
89524,5,3190,0,0
89544,5,3190,0,0
89564,5,3190,0,0
89584,5,3189,0,0
89604,5,3189,0,0
89624,5,3189,0,0
89644,5,3189,0,0
89664,5,3189,0,0
89684,5,3188,0,0
89704,5,3188,0,0
89724,5,3188,0,0
89744,5,3188,0,0
89764,5,3187,0,0
89784,5,3187,0,0
89804,5,3187,0,0
89824,5,3187,0,0
89844,5,3187,0,0
89864,5,3187,0,0
89884,5,3186,0,0
89904,5,3186,0,0
89924,5,3186,0,0
89944,5,3186,0,0
89964,5,3186,0,0
89984,5,3186,0,0
90004,5,3186,0,0
90024,5,3185,0,0
90044,5,3185,0,0
90064,5,3185,0,0
90084,5,3185,0,0
90104,5,3185,0,0
90124,5,3185,0,0
90144,5,3185,0,0
90164,5,3184,0,0
90184,5,3184,0,0
90204,5,3184,0,0
90224,5,3184,0,0
90244,5,3184,0,0
90264,5,3184,0,0
90284,5,3184,0,0
90304,5,3184,0,0
90324,5,3184,0,0
90344,5,3184,0,0
90364,5,3184,0,0
90384,5,3183,0,0
90404,5,3183,0,0
90424,5,3183,0,0
90444,5,3183,0,0
90464,5,3183,0,0
90484,5,3183,0,0
90504,5,3183,0,0
90524,5,3183,0,0
90544,5,3183,0,0
90564,5,3183,0,0
90584,5,3183,0,0
90604,5,3183,0,0
90624,5,3182,0,0
90644,5,3182,0,0
90664,5,3182,0,0
90684,5,3182,0,0
90704,5,3182,0,0
90724,5,3182,0,0
90744,5,3182,0,0
90764,5,3181,0,0
90784,5,3181,0,0
90804,5,3181,0,0
90824,5,3181,0,0
90844,5,3181,0,0
90864,5,3181,0,0
90884,5,3181,0,0
90904,5,3181,0,0
90924,5,3180,0,0
90944,5,3180,0,0
90964,5,3180,0,0
90984,5,3180,0,0
91004,5,3180,0,0
91024,5,3180,0,0
91044,5,3180,0,0
91064,5,3180,0,0
91084,5,3180,0,0
91104,5,3180,0,0
91124,5,3180,0,0
91144,5,3180,0,0
91164,5,3180,0,0
91184,5,3180,0,0
91204,5,3180,0,0
91224,5,3180,0,0
91244,5,3180,0,0
91264,5,3180,0,0
91284,5,3180,0,0
91304,5,3180,0,0
91324,5,3179,0,0
91344,5,3179,0,0
91364,5,3179,0,0
91384,5,3179,0,0
91404,5,3179,0,0
91424,5,3179,0,0
91444,5,3179,0,0
91464,5,3179,0,0
91484,5,3178,0,0
91504,5,3178,0,0
91524,5,3178,0,0
91544,5,3178,0,0
91564,5,3178,0,0
91584,5,3178,0,0
91604,5,3178,0,0
91624,5,3177,0,0
91644,5,3177,0,0
91664,5,3177,0,0
91684,5,3177,0,0
91704,5,3177,0,0
91724,5,3177,0,0
91744,5,3177,0,0
91764,5,3177,0,0
91784,5,3176,0,0
91804,5,3176,0,0
91824,5,3176,0,0
91844,5,3176,0,0
91864,5,3176,0,0
91884,5,3176,0,0
91904,5,3176,0,0
91924,5,3176,0,0
91944,5,3175,0,0
91964,5,3175,0,0
91984,5,3175,0,0
92004,5,3175,0,0
92024,5,3175,0,0
92044,5,3175,0,0
92064,5,3175,0,0
92084,5,3174,0,0
92104,5,3174,0,0
92124,5,3174,0,0
92144,5,3174,0,0
92164,5,3174,0,0
92184,5,3174,0,0
92204,5,3173,0,0
92224,5,3173,0,0
92244,5,3173,0,0
92264,5,3173,0,0
92284,5,3173,0,0
92304,5,3173,0,0
92324,5,3173,0,0
92344,5,3173,0,0
92364,5,3173,0,0
92384,5,3172,0,0
92404,5,3172,0,0
92424,5,3172,0,0
92444,5,3172,0,0
92464,5,3172,0,0
92484,5,3172,0,0
92504,5,3171,0,0
92524,5,3171,0,0
92544,5,3171,0,0
92564,5,3171,0,0
92584,5,3171,0,0
92604,5,3171,0,0
92624,5,3171,0,0
92644,5,3170,0,0
92664,5,3170,0,0
92684,5,3170,0,0
92704,5,3170,0,0
92724,5,3170,0,0
92744,5,3170,0,0
92764,5,3170,0,0
92784,5,3170,0,0
92804,5,3170,0,0
92824,5,3170,0,0
92844,5,3169,0,0
92864,5,3169,0,0
92884,5,3169,0,0
92904,5,3170,0,0
92924,5,3170,0,0
92944,5,3169,0,0
92964,5,3169,0,0
92984,5,3169,0,0
93004,5,3169,0,0
93024,5,3169,0,0
93044,5,3169,0,0
93064,5,3169,0,0
93084,5,3169,0,0
93104,5,3168,0,0
93124,5,3168,0,0
93144,5,3168,0,0
93164,5,3168,0,0
93184,5,3168,0,0
93204,5,3168,0,0
93224,5,3167,0,0
93244,5,3167,0,0
93264,5,3167,0,0
93284,5,3167,0,0
93304,5,3167,0,0
93324,5,3167,0,0
93344,5,3166,0,0
93364,5,3166,0,0
93384,5,3166,0,0
93404,5,3166,0,0
93424,5,3166,0,0
93444,5,3166,0,0
93464,5,3165,0,0
93484,5,3165,0,0
93504,5,3165,0,0
93524,5,3165,0,0
93544,5,3165,0,0
93564,5,3165,0,0
93584,5,3165,0,0
93604,5,3165,0,0
93624,5,3165,0,0
93644,5,3164,0,0
93664,5,3164,0,0
93684,5,3164,0,0
93704,5,3164,0,0
93724,5,3164,0,0
93744,5,3164,0,0
93764,5,3164,0,0
93784,5,3164,0,0
93804,5,3164,0,0
93824,5,3164,0,0
93844,5,3164,0,0
93864,5,3163,0,0
93884,5,3163,0,0
93904,5,3163,0,0
93924,5,3163,0,0
93944,5,3163,0,0
93964,5,3163,0,0
93984,5,3163,0,0
94004,5,3163,0,0
94024,5,3163,0,0
94044,5,3162,0,0
94064,5,3162,0,0
94084,5,3162,0,0
94104,5,3162,0,0
94124,5,3162,0,0
94144,5,3162,0,0
94164,5,3162,0,0
94184,5,3162,0,0
94204,5,3162,0,0
94224,5,3161,0,0
94244,5,3161,0,0
94264,5,3161,0,0
94284,5,3161,0,0
94304,5,3161,0,0
94324,5,3161,0,0
94344,5,3161,0,0
94364,5,3161,0,0
94384,5,3161,0,0
94404,5,3160,0,0
94424,5,3160,0,0
94444,5,3160,0,0
94464,5,3160,0,0
94484,5,3160,0,0
94504,5,3160,0,0
94524,5,3160,0,0
94544,5,3160,0,0
94564,5,3159,0,0
94584,5,3159,0,0
94604,5,3159,0,0
94624,5,3159,0,0
94644,5,3159,0,0
94664,5,3159,0,0
94684,5,3159,0,0
94704,5,3159,0,0
94724,5,3159,0,0
94744,5,3159,0,0
94764,5,3159,0,0
94784,5,3159,0,0
94804,5,3159,0,0
94824,5,3159,0,0
94844,5,3158,0,0
94864,5,3158,0,0
94884,5,3158,0,0
94904,5,3158,0,0
94924,5,3158,0,0
94944,5,3158,0,0
94964,5,3158,0,0
94984,5,3158,0,0
95004,5,3158,0,0
95024,5,3157,0,0
95044,5,3157,0,0
95064,5,3157,0,0
95084,5,3157,0,0
95104,5,3157,0,0
95124,5,3157,0,0
95144,5,3157,0,0
95164,5,3156,0,0
95184,5,3156,0,0
95204,5,3156,0,0
95224,5,3156,0,0
95244,5,3156,0,0
95264,5,3156,0,0
95284,5,3156,0,0
95304,5,3156,0,0
95324,5,3156,0,0
95344,5,3156,0,0
95364,5,3156,0,0
95384,5,3155,0,0
95404,5,3155,0,0
95424,5,3155,0,0
95444,5,3155,0,0
95464,5,3155,0,0
95484,5,3155,0,0
95504,5,3155,0,0
95524,5,3155,0,0
95544,5,3155,0,0
95564,5,3155,0,0
95584,5,3155,0,0
95604,5,3155,0,0
95624,5,3154,0,0
95644,5,3154,0,0
95664,5,3154,0,0
95684,5,3154,0,0
95704,5,3154,0,0
95724,5,3154,0,0
95744,5,3154,0,0
95764,5,3154,0,0
95784,5,3153,0,0
95804,5,3153,0,0
95824,5,3153,0,0
95844,5,3153,0,0
95864,5,3153,0,0
95884,5,3153,0,0
95904,5,3152,0,0
95924,5,3152,0,0
95944,5,3152,0,0
95964,5,3152,0,0
95984,5,3151,0,0
96004,5,3151,0,0
96024,5,3151,0,0
96044,5,3151,0,0
96064,5,3151,0,0
96084,5,3151,0,0
96104,5,3151,0,0
96124,5,3151,0,0
96144,5,3151,0,0
96164,5,3150,0,0
96184,5,3150,0,0
96204,5,3150,0,0
96224,5,3150,0,0
96244,5,3150,0,0
96264,5,3150,0,0
96284,5,3150,0,0
96304,5,3150,0,0
96324,5,3150,0,0
96344,5,3150,0,0
96364,5,3150,0,0
96384,5,3150,0,0
96404,5,3150,0,0
96424,5,3150,0,0
96444,5,3149,0,0
96464,5,3149,0,0
96484,5,3149,0,0
96504,5,3149,0,0
96524,5,3149,0,0
96544,5,3149,0,0
96564,5,3149,0,0
96584,5,3149,0,0
96604,5,3149,0,0
96624,5,3149,0,0
96644,5,3148,0,0
96664,5,3148,0,0
96684,5,3148,0,0
96704,5,3148,0,0
96724,5,3148,0,0
96744,5,3148,0,0
96764,5,3148,0,0
96784,5,3148,0,0
96804,5,3148,0,0
96824,5,3148,0,0
96844,5,3147,0,0
96864,5,3147,0,0
96884,5,3147,0,0
96904,5,3147,0,0
96924,5,3147,0,0
96944,5,3147,0,0
96964,5,3147,0,0
96984,5,3147,0,0
97004,5,3147,0,0
97024,5,3147,0,0
97044,5,3147,0,0
97064,5,3146,0,0
97084,5,3146,0,0
97104,5,3146,0,0
97124,5,3146,0,0
97144,5,3146,0,0
97164,5,3145,0,0
97184,5,3145,0,0
97204,5,3145,0,0
97224,5,3145,0,0
97244,5,3145,0,0
97264,5,3144,0,0
97284,5,3144,0,0
97304,5,3144,0,0
97324,5,3144,0,0
97344,5,3143,0,0
97364,5,3143,0,0
97384,5,3143,0,0
97404,5,3143,0,0
97424,5,3143,0,0
97444,5,3143,0,0
97464,5,3143,0,0
97484,5,3143,0,0
97504,5,3143,0,0
97524,5,3143,0,0
97544,5,3143,0,0
97564,5,3143,0,0
97584,5,3142,0,0
97604,5,3142,0,0
97624,5,3142,0,0
97644,5,3142,0,0
97664,5,3142,0,0
97684,5,3142,0,0
97704,5,3142,0,0
97724,5,3142,0,0
97744,5,3142,0,0
97764,5,3142,0,0
97784,5,3141,0,0
97804,5,3141,0,0
97824,5,3141,0,0
97844,5,3141,0,0
97864,5,3141,0,0
97884,5,3141,0,0
97904,5,3141,0,0
97924,5,3141,0,0
97944,5,3141,0,0
97964,5,3141,0,0
97984,5,3140,0,0
98004,5,3140,0,0
98024,5,3140,0,0
98044,5,3140,0,0
98064,5,3140,0,0
98084,5,3140,0,0
98104,5,3140,0,0
98124,5,3140,0,0
98144,5,3140,0,0
98164,5,3140,0,0
98184,5,3140,0,0
98204,5,3139,0,0
98224,5,3139,0,0
98244,5,3139,0,0
98264,5,3139,0,0
98284,5,3139,0,0
98304,5,3139,0,0
98324,5,3139,0,0
98344,5,3138,0,0
98364,5,3138,0,0
98384,5,3138,0,0
98404,5,3138,0,0
98424,5,3138,0,0
98444,5,3138,0,0
98464,5,3137,0,0
98484,5,3137,0,0
98504,5,3137,0,0
98524,5,3137,0,0
98544,5,3137,0,0
98564,5,3137,0,0
98584,5,3137,0,0
98604,5,3137,0,0
98624,5,3137,0,0
98644,5,3137,0,0
98664,5,3137,0,0
98684,5,3136,0,0
98704,5,3136,0,0
98724,5,3136,0,0
98744,5,3136,0,0
98764,5,3136,0,0
98784,5,3136,0,0
98804,5,3136,0,0
98824,5,3135,0,0
98844,5,3135,0,0
98864,5,3135,0,0
98884,5,3135,0,0
98904,5,3135,0,0
98924,5,3135,0,0
98944,5,3135,0,0
98964,5,3134,0,0
98984,5,3134,0,0
99004,5,3134,0,0
99024,5,3134,0,0
99044,5,3134,0,0
99064,5,3134,0,0
99084,5,3134,0,0
99104,5,3134,0,0
99124,5,3134,0,0
99144,5,3134,0,0
99164,5,3134,0,0
99184,5,3134,0,0
99204,5,3134,0,0
99224,5,3134,0,0
99244,5,3134,0,0
99264,5,3134,0,0
99284,5,3134,0,0
99304,5,3134,0,0
99324,5,3134,0,0
99344,5,3133,0,0
99364,5,3133,0,0
99384,5,3133,0,0
99404,5,3133,0,0
99424,5,3133,0,0
99444,5,3133,0,0
99464,5,3133,0,0
99484,5,3133,0,0
99504,5,3132,0,0
99524,5,3132,0,0
99544,5,3132,0,0
99564,5,3132,0,0
99584,5,3132,0,0
99604,5,3132,0,0
99624,5,3132,0,0
99644,5,3132,0,0
99664,5,3131,0,0
99684,5,3131,0,0
99704,5,3131,0,0
99724,5,3131,0,0
99744,5,3131,0,0
99764,5,3131,0,0
99784,5,3131,0,0
99804,5,3131,0,0
99824,5,3131,0,0
99844,5,3130,0,0
99864,5,3130,0,0
99884,5,3130,0,0
99904,5,3130,0,0
99924,5,3130,0,0
99944,5,3130,0,0
99964,5,3129,0,0
99984,5,3129,0,0
100004,5,3129,0,0
100024,5,3129,0,0
100044,5,3129,0,0
100064,5,3128,0,0
100084,5,3128,0,0
100104,5,3128,0,0
100124,5,3128,0,0
100144,5,3128,0,0
100164,5,3128,0,0
100184,5,3128,0,0
100204,5,3127,0,0
100224,5,3127,0,0
100244,5,3127,0,0
100264,5,3127,0,0
100284,5,3127,0,0
100304,5,3127,0,0
100324,5,3126,0,0
100344,5,3126,0,0
100364,5,3126,0,0
100384,5,3126,0,0
100404,5,3126,0,0
100424,5,3126,0,0
100444,5,3126,0,0
100464,5,3126,0,0
100484,5,3126,0,0
100504,5,3126,0,0
100524,5,3125,0,0
100544,5,3125,0,0
100564,5,3125,0,0
100584,5,3125,0,0
100604,5,3125,0,0
100624,5,3125,0,0
100644,5,3125,0,0
100664,5,3125,0,0
100684,5,3125,0,0
100704,5,3125,0,0
100724,5,3125,0,0
100744,5,3124,0,0
100764,5,3124,0,0
100784,5,3124,0,0
100804,5,3124,0,0
100824,5,3124,0,0
100844,5,3124,0,0
100864,5,3124,0,0
100884,5,3123,0,0
100904,5,3123,0,0
100924,5,3123,0,0
100944,5,3123,0,0
100964,5,3123,0,0
100984,5,3123,0,0
101004,5,3122,0,0
101024,5,3122,0,0
101044,5,3122,0,0
101064,5,3122,0,0
101084,5,3122,0,0
101104,5,3122,0,0
101124,5,3122,0,0
101144,5,3122,0,0
101164,5,3122,0,0
101184,5,3122,0,0
101204,5,3121,0,0
101224,5,3121,0,0
101244,5,3121,0,0
101264,5,3121,0,0
101284,5,3121,0,0
101304,5,3121,0,0
101324,5,3121,0,0
101344,5,3121,0,0
101364,5,3120,0,0
101384,5,3120,0,0
101404,5,3120,0,0
101424,5,3120,0,0
101444,5,3120,0,0
101464,5,3120,0,0
101484,5,3120,0,0
101504,5,3120,0,0
101524,5,3120,0,0
101544,5,3120,0,0
101564,5,3119,0,0
101584,5,3119,0,0
101604,5,3119,0,0
101624,5,3119,0,0
101644,5,3119,0,0
101664,5,3119,0,0
101684,5,3119,0,0
101704,5,3119,0,0
101724,5,3119,0,0
101744,5,3119,0,0
101764,5,3119,0,0
101784,5,3119,0,0
101804,5,3119,0,0
101824,5,3119,0,0
101844,5,3119,0,0
101864,5,3118,0,0
101884,5,3118,0,0
101904,5,3118,0,0
101924,5,3118,0,0
101944,5,3118,0,0
101964,5,3118,0,0
101984,5,3118,0,0
102004,5,3118,0,0
102024,5,3118,0,0
102044,5,3118,0,0
102064,5,3117,0,0
102084,5,3117,0,0
102104,5,3117,0,0
102124,5,3117,0,0
102144,5,3117,0,0
102164,5,3116,0,0
102184,5,3116,0,0
102204,5,3116,0,0
102224,5,3116,0,0
102244,5,3116,0,0
102264,5,3116,0,0
102284,5,3116,0,0
102304,5,3115,0,0
102324,5,3115,0,0
102344,5,3115,0,0
102364,5,3115,0,0
102384,5,3115,0,0
102404,5,3115,0,0
102424,5,3115,0,0
102444,5,3115,0,0
102464,5,3114,0,0
102484,5,3114,0,0
102504,5,3114,0,0
102524,5,3114,0,0
102544,5,3114,0,0
102564,5,3114,0,0
102584,5,3114,0,0
102604,5,3114,0,0
102624,5,3114,0,0
102644,5,3114,0,0
102664,5,3113,0,0
102684,5,3113,0,0
102704,5,3113,0,0
102724,5,3113,0,0
102744,5,3113,0,0
102764,5,3113,0,0
102784,5,3113,0,0
102804,5,3113,0,0
102824,5,3113,0,0
102844,5,3113,0,0
102864,5,3112,0,0
102884,5,3112,0,0
102904,5,3112,0,0
102924,5,3112,0,0
102944,5,3112,0,0
102964,5,3112,0,0
102984,5,3112,0,0
103004,5,3112,0,0
103024,5,3112,0,0
103044,5,3112,0,0
103064,5,3112,0,0
103084,5,3112,0,0
103104,5,3112,0,0
103124,5,3112,0,0
103144,5,3112,0,0
103164,5,3112,0,0
103184,5,3111,0,0
103204,5,3111,0,0
103224,5,3111,0,0
103244,5,3111,0,0
103264,5,3111,0,0
103284,5,3111,0,0
103304,5,3111,0,0
103324,5,3111,0,0
103344,5,3111,0,0
103364,5,3110,0,0
103384,5,3110,0,0
103404,5,3110,0,0
103424,5,3110,0,0
103444,5,3110,0,0
103464,5,3110,0,0
103484,5,3109,0,0
103504,5,3109,0,0
103524,5,3109,0,0
103544,5,3109,0,0
103564,5,3108,0,0
103584,5,3108,0,0
103604,5,3108,0,0
103624,5,3108,0,0
103644,5,3108,0,0
103664,5,3107,0,0
103684,5,3107,0,0
103704,5,3107,0,0
103724,5,3107,0,0
103744,5,3107,0,0
103764,5,3106,0,0
103784,5,3106,0,0
103804,5,3106,0,0
103824,5,3105,0,0
103844,5,3105,0,0
103864,5,3105,0,0
103884,5,3105,0,0
103904,5,3105,0,0
103924,5,3105,0,0
103944,5,3104,0,0
103964,5,3104,0,0
103984,5,3104,0,0
104004,5,3104,0,0
104024,5,3104,0,0
104044,5,3104,0,0
104064,5,3104,0,0
104084,5,3104,0,0
104104,5,3104,0,0
104124,5,3104,0,0
104144,5,3104,0,0
104164,5,3104,0,0
104184,5,3104,0,0
104204,5,3104,0,0
104224,5,3104,0,0
104244,5,3104,0,0
104264,5,3104,0,0
104284,5,3104,0,0
104304,5,3104,0,0
104324,5,3104,0,0
104344,5,3103,0,0
104364,5,3103,0,0
104384,5,3103,0,0
104404,5,3103,0,0
104424,5,3103,0,0
104444,5,3103,0,0
104464,5,3103,0,0
104484,5,3103,0,0
104504,5,3103,0,0
104524,5,3103,0,0
104544,5,3102,0,0
104564,5,3102,0,0
104584,5,3102,0,0
104604,5,3102,0,0
104624,5,3102,0,0
104644,5,3102,0,0
104664,5,3102,0,0
104684,5,3102,0,0
104704,5,3101,0,0
104724,5,3101,0,0
104744,5,3101,0,0
104764,5,3101,0,0
104784,5,3101,0,0
104804,5,3101,0,0
104824,5,3101,0,0
104844,5,3101,0,0
104864,5,3100,0,0
104884,5,3100,0,0
104904,5,3100,0,0
104924,5,3100,0,0
104944,5,3100,0,0
104964,5,3100,0,0
104984,5,3100,0,0
105004,5,3100,0,0
105024,5,3099,0,0
105044,5,3099,0,0
105064,5,3099,0,0
105084,5,3099,0,0
105104,5,3099,0,0
105124,5,3099,0,0
105144,5,3099,0,0
105164,5,3099,0,0
105184,5,3098,0,0
105204,5,3098,0,0
105224,5,3098,0,0
105244,5,3098,0,0
105264,5,3098,0,0
105284,5,3098,0,0
105304,5,3098,0,0
105324,5,3098,0,0
105344,5,3098,0,0
105364,5,3098,0,0
105384,5,3098,0,0
105404,5,3098,0,0
105424,5,3098,0,0
105444,5,3098,0,0
105464,5,3098,0,0
105484,5,3098,0,0
105504,5,3098,0,0
105524,5,3097,0,0
105544,5,3097,0,0
105564,5,3097,0,0
105584,5,3097,0,0
105604,5,3097,0,0
105624,5,3097,0,0
105644,5,3097,0,0
105664,5,3097,0,0
105684,5,3097,0,0
105704,5,3097,0,0
105724,5,3096,0,0
105744,5,3097,0,0
105764,5,3096,0,0
105784,5,3096,0,0
105804,5,3096,0,0
105824,5,3096,0,0
105844,5,3095,0,0
105864,5,3095,0,0
105884,5,3095,0,0
105904,5,3095,0,0
105924,5,3094,0,0
105944,5,3094,0,0
105964,5,3094,0,0
105984,5,3094,0,0
106004,5,3094,0,0
106024,5,3093,0,0
106044,5,3093,0,0
106064,5,3093,0,0
106084,5,3093,0,0
106104,5,3092,0,0
106124,5,3092,0,0
106144,5,3092,0,0
106164,5,3092,0,0
106184,5,3092,0,0
106204,5,3091,0,0
106224,5,3091,0,0
106244,5,3091,0,0
106264,5,3091,0,0
106284,5,3091,0,0
106304,5,3091,0,0
106324,5,3091,0,0
106344,5,3090,0,0
106364,5,3090,0,0
106384,5,3090,0,0
106404,5,3090,0,0
106424,5,3090,0,0
106444,5,3090,0,0
106464,5,3090,0,0
106484,5,3089,0,0
106504,5,3089,0,0
106524,5,3089,0,0
106544,5,3089,0,0
106564,5,3089,0,0
106584,5,3089,0,0
106604,5,3089,0,0
106624,5,3089,0,0
106644,5,3089,0,0
106664,5,3089,0,0
106684,5,3089,0,0
106704,5,3089,0,0
106724,5,3089,0,0
106744,5,3089,0,0
106764,5,3088,0,0
106784,5,3088,0,0
106804,5,3088,0,0
106824,5,3088,0,0
106844,5,3088,0,0
106864,5,3088,0,0
106884,5,3088,0,0
106904,5,3088,0,0
106924,5,3087,0,0
106944,5,3087,0,0
106964,5,3087,0,0
106984,5,3087,0,0
107004,5,3087,0,0
107024,5,3086,0,0
107044,5,3086,0,0
107064,5,3086,0,0
107084,5,3086,0,0
107104,5,3086,0,0
107124,5,3086,0,0
107144,5,3086,0,0
107164,5,3085,0,0
107184,5,3085,0,0
107204,5,3085,0,0
107224,5,3085,0,0
107244,5,3085,0,0
107264,5,3085,0,0
107284,5,3085,0,0
107304,5,3084,0,0
107324,5,3084,0,0
107344,5,3084,0,0
107364,5,3084,0,0
107384,5,3084,0,0
107404,5,3084,0,0
107424,5,3084,0,0
107444,5,3084,0,0
107464,5,3084,0,0
107484,5,3084,0,0
107504,5,3084,0,0
107524,5,3084,0,0
107544,5,3084,0,0
107564,5,3084,0,0
107584,5,3084,0,0
107604,5,3084,0,0
107624,5,3083,0,0
107644,5,3083,0,0
107664,5,3083,0,0
107684,5,3083,0,0
107704,5,3083,0,0
107724,5,3083,0,0
107744,5,3083,0,0
107764,5,3083,0,0
107784,5,3083,0,0
107804,5,3083,0,0
107824,5,3083,0,0
107844,5,3083,0,0
107864,5,3083,0,0
107884,5,3082,0,0
107904,5,3082,0,0
107924,5,3082,0,0
107944,5,3082,0,0
107964,5,3082,0,0
107984,5,3082,0,0
108004,5,3082,0,0
108024,5,3082,0,0
108044,5,3082,0,0
108064,5,3082,0,0
108084,5,3082,0,0
108104,5,3081,0,0
108124,5,3081,0,0
108144,5,3081,0,0
108164,5,3081,0,0
108184,5,3081,0,0
108204,5,3080,0,0
108224,5,3080,0,0
108244,5,3080,0,0
108264,5,3080,0,0
108284,5,3080,0,0
108304,5,3080,0,0
108324,5,3080,0,0
108344,5,3080,0,0
108364,5,3079,0,0
108384,5,3079,0,0
108404,5,3079,0,0
108424,5,3079,0,0
108444,5,3079,0,0
108464,5,3079,0,0
108484,5,3079,0,0
108504,5,3079,0,0
108524,5,3079,0,0
108544,5,3079,0,0
108564,5,3078,0,0
108584,5,3078,0,0
108604,5,3078,0,0
108624,5,3078,0,0
108644,5,3078,0,0
108664,5,3078,0,0
108684,5,3078,0,0
108704,5,3078,0,0
108724,5,3077,0,0
108744,5,3077,0,0
108764,5,3077,0,0
108784,5,3077,0,0
108804,5,3077,0,0
108824,5,3077,0,0
108844,5,3077,0,0
108864,5,3077,0,0
108884,5,3077,0,0
108904,5,3077,0,0
108924,5,3077,0,0
108944,5,3077,0,0
108964,5,3077,0,0
108984,5,3077,0,0
109004,5,3076,0,0
109024,5,3076,0,0
109044,5,3076,0,0
109064,5,3076,0,0
109084,5,3076,0,0
109104,5,3076,0,0
109124,5,3076,0,0
109144,5,3076,0,0
109164,5,3076,0,0
109184,5,3076,0,0
109204,5,3075,0,0
109224,5,3075,0,0
109244,5,3075,0,0
109264,5,3075,0,0
109284,5,3075,0,0
109304,5,3075,0,0
109324,5,3074,0,0
109344,5,3074,0,0
109364,5,3074,0,0
109384,5,3074,0,0
109404,5,3074,0,0
109424,5,3073,0,0
109444,5,3073,0,0
109464,5,3073,0,0
109484,5,3073,0,0
109504,5,3073,0,0
109524,5,3073,0,0
109544,5,3073,0,0
109564,5,3073,0,0
109584,5,3073,0,0
109604,5,3073,0,0
109624,5,3073,0,0
109644,5,3072,0,0
109664,5,3072,0,0
109684,5,3072,0,0
109704,5,3072,0,0
109724,5,3072,0,0
109744,5,3072,0,0
109764,5,3072,0,0
109784,5,3072,0,0
109804,5,3072,0,0
109824,5,3071,0,0
109844,5,3071,0,0
109864,5,3071,0,0
109884,5,3071,0,0
109904,5,3071,0,0
109924,5,3071,0,0
109944,5,3071,0,0
109964,5,3070,0,0
109984,5,3070,0,0
110004,5,3070,0,0
110024,5,3070,0,0
110044,5,3070,0,0
110064,5,3070,0,0
110084,5,3070,0,0
110104,5,3069,0,0
110124,5,3069,0,0
110144,5,3069,0,0
110164,5,3069,0,0
110184,5,3069,0,0
110204,5,3069,0,0
110224,5,3068,0,0
110244,5,3068,0,0
110264,5,3068,0,0
110284,5,3068,0,0
110304,5,3068,0,0
110324,5,3068,0,0
110344,5,3068,0,0
110364,5,3067,0,0
110384,5,3067,0,0
110404,5,3067,0,0
110424,5,3067,0,0
110444,5,3067,0,0
110464,5,3067,0,0
110484,5,3067,0,0
110504,5,3067,0,0
110524,5,3067,0,0
110544,5,3067,0,0
110564,5,3067,0,0
110584,5,3067,0,0
110604,5,3067,0,0
110624,5,3066,0,0
110644,5,3066,0,0
110664,5,3066,0,0
110684,5,3066,0,0
110704,5,3066,0,0
110724,5,3066,0,0
110744,5,3066,0,0
110764,5,3066,0,0
110784,5,3066,0,0
110804,5,3065,0,0
110824,5,3065,0,0
110844,5,3065,0,0
110864,5,3065,0,0
110884,5,3065,0,0
110904,5,3065,0,0
110924,5,3065,0,0
110944,5,3065,0,0
110964,5,3064,0,0
110984,5,3064,0,0
111004,5,3064,0,0
111024,5,3064,0,0
111044,5,3064,0,0
111064,5,3064,0,0
111084,5,3063,0,0
111104,5,3063,0,0
111124,5,3063,0,0
111144,5,3063,0,0
111164,5,3063,0,0
111184,5,3063,0,0
111204,5,3063,0,0
111224,5,3063,0,0
111244,5,3062,0,0
111264,5,3062,0,0
111284,5,3062,0,0
111304,5,3062,0,0
111324,5,3062,0,0
111344,5,3062,0,0
111364,5,3062,0,0
111384,5,3062,0,0
111404,5,3061,0,0
111424,5,3061,0,0
111444,5,3061,0,0
111464,5,3061,0,0
111484,5,3061,0,0
111504,5,3061,0,0
111524,5,3061,0,0
111544,5,3060,0,0
111564,5,3060,0,0
111584,5,3060,0,0
111604,5,3060,0,0
111624,5,3060,0,0
111644,5,3060,0,0
111664,5,3060,0,0
111684,5,3060,0,0
111704,5,3060,0,0
111724,5,3060,0,0
111744,5,3060,0,0
111764,5,3060,0,0
111784,5,3060,0,0
111804,5,3060,0,0
111824,5,3059,0,0
111844,5,3059,0,0
111864,5,3059,0,0
111884,5,3059,0,0
111904,5,3058,0,0
111924,5,3058,0,0
111944,5,3058,0,0
111964,5,3058,0,0
111984,5,3058,0,0
112004,5,3057,0,0
112024,5,3057,0,0
112044,5,3057,0,0
112064,5,3057,0,0
112084,5,3057,0,0
112104,5,3057,0,0
112124,5,3056,0,0
112144,5,3056,0,0
112164,5,3056,0,0
112184,5,3056,0,0
112204,5,3056,0,0
112224,5,3056,0,0
112244,5,3056,0,0
112264,5,3056,0,0
112284,5,3056,0,0
112304,5,3056,0,0
112324,5,3056,0,0
112344,5,3056,0,0
112364,5,3056,0,0
112384,5,3056,0,0
112404,5,3056,0,0
112424,5,3055,0,0
112444,5,3055,0,0
112464,5,3055,0,0
112484,5,3055,0,0
112504,5,3055,0,0
112524,5,3055,0,0
112544,5,3055,0,0
112564,5,3055,0,0
112584,5,3055,0,0
112604,5,3055,0,0
112624,5,3054,0,0
112644,5,3054,0,0
112664,5,3054,0,0
112684,5,3054,0,0
112704,5,3054,0,0
112724,5,3054,0,0
112744,5,3054,0,0
112764,5,3053,0,0
112784,5,3053,0,0
112804,5,3053,0,0
112824,5,3053,0,0
112844,5,3053,0,0
112864,5,3053,0,0
112884,5,3052,0,0
112904,5,3052,0,0
112924,5,3052,0,0
112944,5,3052,0,0
112964,5,3052,0,0
112984,5,3052,0,0
113004,5,3052,0,0
113024,5,3051,0,0
113044,5,3051,0,0
113064,5,3051,0,0
113084,5,3051,0,0
113104,5,3051,0,0
113124,5,3050,0,0
113144,5,3050,0,0
113164,5,3050,0,0
113184,5,3050,0,0
113204,5,3050,0,0
113224,5,3050,0,0
113244,5,3050,0,0
113264,5,3050,0,0
113284,5,3050,0,0
113304,5,3049,0,0
113324,5,3049,0,0
113344,5,3049,0,0
113364,5,3049,0,0
113384,5,3049,0,0
113404,5,3049,0,0
113424,5,3049,0,0
113444,5,3049,0,0
113464,5,3049,0,0
113484,5,3049,0,0
113504,5,3049,0,0
113524,5,3049,0,0
113544,5,3049,0,0
113564,5,3048,0,0
113584,5,3048,0,0
113604,5,3048,0,0
113624,5,3048,0,0
113644,5,3048,0,0
113664,5,3048,0,0
113684,5,3048,0,0
113704,5,3048,0,0
113724,5,3048,0,0
113744,5,3048,0,0
113764,5,3047,0,0
113784,5,3047,0,0
113804,5,3047,0,0
113824,5,3047,0,0
113844,5,3047,0,0
113864,5,3047,0,0
113884,5,3047,0,0
113904,5,3047,0,0
113924,5,3047,0,0
113944,5,3046,0,0
113964,5,3046,0,0
113984,5,3046,0,0
114004,5,3046,0,0
114024,5,3046,0,0
114044,5,3046,0,0
114064,5,3046,0,0
114084,5,3046,0,0
114104,5,3046,0,0
114124,5,3045,0,0
114144,5,3045,0,0
114164,5,3045,0,0
114184,5,3045,0,0
114204,5,3045,0,0
114224,5,3045,0,0
114244,5,3045,0,0
114264,5,3045,0,0
114284,5,3044,0,0
114304,5,3044,0,0
114324,5,3044,0,0
114344,5,3044,0,0
114364,5,3044,0,0
114384,5,3044,0,0
114404,5,3044,0,0
114424,5,3044,0,0
114444,5,3044,0,0
114464,5,3043,0,0
114484,5,3043,0,0
114504,5,3043,0,0
114524,5,3043,0,0
114544,5,3043,0,0
114564,5,3043,0,0
114584,5,3043,0,0
114604,5,3043,0,0
114624,5,3043,0,0
114644,5,3043,0,0
114664,5,3043,0,0
114684,5,3042,0,0
114704,5,3042,0,0
114724,5,3042,0,0
114744,5,3042,0,0
114764,5,3042,0,0
114784,5,3042,0,0
114804,5,3042,0,0
114824,5,3042,0,0
114844,5,3041,0,0
114864,5,3041,0,0
114884,5,3041,0,0
114904,5,3041,0,0
114924,5,3041,0,0
114944,5,3041,0,0
114964,5,3041,0,0
114984,5,3041,0,0
115004,5,3041,0,0
115024,5,3041,0,0
115044,5,3040,0,0
115064,5,3040,0,0
115084,5,3040,0,0
115104,5,3040,0,0
115124,5,3040,0,0
115144,5,3040,0,0
115164,5,3040,0,0
115184,5,3040,0,0
115204,5,3039,0,0
115224,5,3039,0,0
115244,5,3039,0,0
115264,5,3039,0,0
115284,5,3039,0,0
115304,5,3039,0,0
115324,5,3039,0,0
115344,5,3039,0,0
115364,5,3039,0,0
115384,5,3039,0,0
115404,5,3038,0,0
115424,5,3038,0,0
115444,5,3038,0,0
115464,5,3038,0,0
115484,5,3038,0,0
115504,5,3038,0,0
115524,5,3038,0,0
115544,5,3037,0,0
115564,5,3037,0,0
115584,5,3037,0,0
115604,5,3037,0,0
115624,5,3037,0,0
115644,5,3037,0,0
115664,5,3037,0,0
115684,5,3037,0,0
115704,5,3037,0,0
115724,5,3037,0,0
115744,5,3037,0,0
115764,5,3037,0,0
115784,5,3037,0,0
115804,5,3037,0,0
115824,5,3036,0,0
115844,5,3036,0,0
115864,5,3036,0,0
115884,5,3036,0,0
115904,5,3036,0,0
115924,5,3036,0,0
115944,5,3036,0,0
115964,5,3036,0,0
115984,5,3035,0,0
116004,5,3035,0,0
116024,5,3035,0,0
116044,5,3035,0,0
116064,5,3035,0,0
116084,5,3035,0,0
116104,5,3035,0,0
116124,5,3035,0,0
116144,5,3035,0,0
116164,5,3035,0,0
116184,5,3034,0,0
116204,5,3034,0,0
116224,5,3034,0,0
116244,5,3034,0,0
116264,5,3034,0,0
116284,5,3034,0,0
116304,5,3034,0,0
116324,5,3034,0,0
116344,5,3033,0,0
116364,5,3033,0,0
116384,5,3033,0,0
116404,5,3033,0,0
116424,5,3033,0,0
116444,5,3033,0,0
116464,5,3032,0,0
116484,5,3032,0,0
116504,5,3032,0,0
116524,5,3032,0,0
116544,5,3032,0,0
116564,5,3032,0,0
116584,5,3032,0,0
116604,5,3032,0,0
116624,5,3032,0,0
116644,5,3031,0,0
116664,5,3031,0,0
116684,5,3031,0,0
116704,5,3031,0,0
116724,5,3031,0,0
116744,5,3031,0,0
116764,5,3031,0,0
116784,5,3031,0,0
116804,5,3030,0,0
116824,5,3030,0,0
116844,5,3030,0,0
116864,5,3030,0,0
116884,5,3030,0,0
116904,5,3030,0,0
116924,5,3030,0,0
116944,5,3029,0,0
116964,5,3029,0,0
116984,5,3029,0,0
117004,5,3029,0,0
117024,5,3029,0,0
117044,5,3029,0,0
117064,5,3029,0,0
117084,5,3029,0,0
117104,5,3029,0,0
117124,5,3029,0,0
117144,5,3029,0,0
117164,5,3028,0,0
117184,5,3028,0,0
117204,5,3028,0,0
117224,5,3028,0,0
117244,5,3028,0,0
117264,5,3028,0,0
117284,5,3028,0,0
117304,5,3028,0,0
117324,5,3028,0,0
117344,5,3028,0,0
117364,5,3028,0,0
117384,5,3028,0,0
117404,5,3028,0,0
117424,5,3028,0,0
117444,5,3027,0,0
117464,5,3027,0,0
117484,5,3027,0,0
117504,5,3027,0,0
117524,5,3027,0,0
117544,5,3027,0,0
117564,5,3027,0,0
117584,5,3027,0,0
117604,5,3026,0,0
117624,5,3026,0,0
117644,5,3026,0,0
117664,5,3026,0,0
117684,5,3026,0,0
117704,5,3026,0,0
117724,5,3026,0,0
117744,5,3026,0,0
117764,5,3026,0,0
117784,5,3025,0,0
117804,5,3025,0,0
117824,5,3025,0,0
117844,5,3025,0,0
117864,5,3025,0,0
117884,5,3025,0,0
117904,5,3025,0,0
117924,5,3025,0,0
117944,5,3025,0,0
117964,5,3025,0,0
117984,5,3024,0,0
118004,5,3024,0,0
118024,5,3024,0,0
118044,5,3024,0,0
118064,5,3024,0,0
118084,5,3024,0,0
118104,5,3024,0,0
118124,5,3024,0,0
118144,5,3024,0,0
118164,5,3023,0,0
118184,5,3023,0,0
118204,5,3023,0,0
118224,5,3023,0,0
118244,5,3023,0,0
118264,5,3023,0,0
118284,5,3023,0,0
118304,5,3023,0,0
118324,5,3023,0,0
118344,5,3022,0,0
118364,5,3022,0,0
118384,5,3022,0,0
118404,5,3022,0,0
118424,5,3022,0,0
118444,5,3022,0,0
118464,5,3022,0,0
118484,5,3021,0,0
118504,5,3021,0,0
118524,5,3021,0,0
118544,5,3021,0,0
118564,5,3021,0,0
118584,5,3021,0,0
118604,5,3021,0,0
118624,5,3021,0,0
118644,5,3021,0,0
118664,5,3021,0,0
118684,5,3020,0,0
118704,5,3020,0,0
118724,5,3020,0,0
118744,5,3020,0,0
118764,5,3020,0,0
118784,5,3020,0,0
118804,5,3020,0,0
118824,5,3020,0,0
118844,5,3020,0,0
118864,5,3019,0,0
118884,5,3019,0,0
118904,5,3019,0,0
118924,5,3019,0,0
118944,5,3019,0,0
118964,5,3019,0,0
118984,5,3019,0,0
119004,5,3019,0,0
119024,5,3019,0,0
119044,5,3018,0,0
119064,5,3018,0,0
119084,5,3018,0,0
119104,5,3018,0,0
119124,5,3018,0,0
119144,5,3018,0,0
119164,5,3018,0,0
119184,5,3018,0,0
119204,5,3017,0,0
119224,5,3017,0,0
119244,5,3017,0,0
119264,5,3017,0,0
119284,5,3017,0,0
119304,5,3017,0,0
119324,5,3016,0,0
119344,5,3016,0,0
119364,5,3016,0,0
119384,5,3016,0,0
119404,5,3016,0,0
119424,5,3016,0,0
119444,5,3016,0,0
119464,5,3016,0,0
119484,5,3015,0,0
119504,5,3015,0,0
119524,5,3015,0,0
119544,5,3015,0,0
119564,5,3015,0,0
119584,5,3015,0,0
119604,5,3015,0,0
119624,5,3014,0,0
119644,5,3014,0,0
119664,5,3014,0,0
119684,5,3014,0,0
119704,5,3014,0,0
119724,5,3014,0,0
119744,5,3014,0,0
119764,5,3013,0,0
119784,5,3013,0,0
119804,5,3013,0,0
119824,5,3013,0,0
119844,5,3013,0,0
119864,5,3013,0,0
119884,5,3012,0,0
119904,5,3012,0,0
119924,5,3012,0,0
119944,5,3012,0,0
119964,5,3012,0,0
119984,5,3012,0,0
120004,5,3012,0,0
120024,5,3012,0,0
120044,5,3011,0,0
120064,5,3011,0,0
120084,5,3011,0,0
120104,5,3011,0,0
120124,5,3011,0,0
120144,5,3011,0,0
120164,5,3011,0,0
120184,5,3010,0,0
120204,5,3010,0,0
120224,5,3010,0,0
120244,5,3010,0,0
120264,5,3010,0,0
120284,5,3010,0,0
120304,5,3009,0,0
120324,5,3009,0,0
120344,5,3009,0,0
120364,5,3009,0,0
120384,5,3009,0,0
120404,5,3009,0,0
120424,5,3009,0,0
120444,5,3009,0,0
120464,5,3009,0,0
120484,5,3008,0,0
120504,5,3008,0,0
120524,5,3008,0,0
120544,5,3008,0,0
120564,5,3008,0,0
120584,5,3008,0,0
120604,5,3008,0,0
120624,5,3008,0,0
120644,5,3008,0,0
120664,5,3008,0,0
120684,5,3008,0,0
120704,5,3008,0,0
120724,5,3008,0,0
120744,5,3008,0,0
120764,5,3008,0,0
120784,5,3008,0,0
120804,5,3008,0,0
120824,5,3008,0,0
120844,5,3007,0,0
120864,5,3007,0,0
120884,5,3007,0,0
120904,5,3007,0,0
120924,5,3007,0,0
120944,5,3007,0,0
120964,5,3007,0,0
120984,5,3007,0,0
121004,5,3007,0,0
121024,5,3007,0,0
121044,5,3007,0,0
121064,5,3006,0,0
121084,5,3006,0,0
121104,5,3006,0,0
121124,5,3006,0,0
121144,5,3006,0,0
121164,5,3006,0,0
121184,5,3006,0,0
121204,5,3006,0,0
121224,5,3005,0,0
121244,5,3005,0,0
121264,5,3005,0,0
121284,5,3005,0,0
121304,5,3005,0,0
121324,5,3004,0,0
121344,5,3004,0,0
121364,5,3004,0,0
121384,5,3004,0,0
121404,5,3004,0,0
121424,5,3004,0,0
121444,5,3003,0,0
121464,5,3003,0,0
121484,5,3003,0,0
121504,5,3003,0,0
121524,5,3003,0,0
121544,5,3003,0,0
121564,5,3003,0,0
121584,5,3002,0,0
121604,5,3002,0,0
121624,5,3002,0,0
121644,5,3002,0,0
121664,5,3002,0,0
121684,5,3002,0,0
121704,5,3002,0,0
121724,5,3002,0,0
121744,5,3001,0,0
121764,5,3001,0,0
121784,5,3001,0,0
121804,5,3001,0,0
121824,5,3001,0,0
121844,5,3001,0,0
121864,5,3001,0,0
121884,5,3001,0,0
121904,5,3000,0,0
121924,5,3000,0,0
121944,5,3000,0,0
121964,5,3000,0,0
121984,5,3000,0,0
122004,5,3000,0,0
122024,5,3000,0,0
122044,5,3000,0,0
122064,5,3000,0,0
122084,5,3000,0,0
122104,5,3000,0,0
122124,5,3000,0,0
122144,5,2999,0,0
122164,5,2999,0,0
122184,5,2999,0,0
122204,5,2999,0,0
122224,5,2999,0,0
122244,5,2999,0,0
122264,5,2999,0,0
122284,5,2999,0,0
122304,5,2999,0,0
122324,5,2999,0,0
122344,5,2999,0,0
122364,5,2999,0,0
122384,5,2999,0,0
122404,5,2999,0,0
122424,5,2999,0,0
122444,5,2999,0,0
122464,5,2998,0,0
122484,5,2998,0,0
122504,5,2998,0,0
122524,5,2998,0,0
122544,5,2998,0,0
122564,5,2998,0,0
122584,5,2997,0,0
122604,5,2997,0,0
122624,5,2997,0,0
122644,5,2997,0,0
122664,5,2997,0,0
122684,5,2997,0,0
122704,5,2997,0,0
122724,5,2997,0,0
122744,5,2996,0,0
122764,5,2996,0,0
122784,5,2996,0,0
122804,5,2996,0,0
122824,5,2996,0,0
122844,5,2996,0,0
122864,5,2995,0,0
122884,5,2995,0,0
122904,5,2995,0,0
122924,5,2995,0,0
122944,5,2995,0,0
122964,5,2995,0,0
122984,5,2994,0,0
123004,5,2994,0,0
123024,5,2994,0,0
123044,5,2994,0,0
123064,5,2993,0,0
123084,5,2993,0,0
123104,5,2993,0,0
123124,5,2993,0,0
123144,5,2993,0,0
123164,5,2993,0,0
123184,5,2993,0,0
123204,5,2993,0,0
123224,5,2993,0,0
123244,5,2993,0,0
123264,5,2993,0,0
123284,5,2993,0,0
123304,5,2993,0,0
123324,5,2993,0,0
123344,5,2993,0,0
123364,5,2993,0,0
123384,5,2992,0,0
123404,5,2992,0,0
123424,5,2992,0,0
123444,5,2992,0,0
123464,5,2992,0,0
123484,5,2992,0,0
123504,5,2992,0,0
123524,5,2992,0,0
123544,5,2992,0,0
123564,5,2992,0,0
123584,5,2992,0,0
123604,5,2992,0,0
123624,5,2991,0,0
123644,5,2991,0,0
123664,5,2991,0,0
123684,5,2991,0,0
123704,5,2991,0,0
123724,5,2991,0,0
123744,5,2991,0,0
123764,5,2991,0,0
123784,5,2991,0,0
123804,5,2990,0,0
123824,5,2990,0,0
123844,5,2990,0,0
123864,5,2990,0,0
123884,5,2990,0,0
123904,5,2990,0,0
123924,5,2990,0,0
123944,5,2990,0,0
123964,5,2990,0,0
123984,5,2990,0,0
124004,5,2989,0,0
124024,5,2989,0,0
124044,5,2989,0,0
124064,5,2989,0,0
124084,5,2989,0,0
124104,5,2988,0,0
124124,5,2988,0,0
124144,5,2988,0,0
124164,5,2988,0,0
124184,5,2988,0,0
124204,5,2988,0,0
124224,5,2987,0,0
124244,5,2987,0,0
124264,5,2987,0,0
124284,5,2987,0,0
124304,5,2987,0,0
124324,5,2987,0,0
124344,5,2987,0,0
124364,5,2987,0,0
124384,5,2986,0,0
124404,5,2986,0,0
124424,5,2986,0,0
124444,5,2986,0,0
124464,5,2986,0,0
124484,5,2986,0,0
124504,5,2986,0,0
124524,5,2986,0,0
124544,5,2986,0,0
124564,5,2986,0,0
124584,5,2986,0,0
124604,5,2985,0,0
124624,5,2985,0,0
124644,5,2985,0,0
124664,5,2985,0,0
124684,5,2985,0,0
124704,5,2985,0,0
124724,5,2985,0,0
124744,5,2985,0,0
124764,5,2985,0,0
124784,5,2985,0,0
124804,5,2985,0,0
124824,5,2985,0,0
124844,5,2985,0,0
124864,5,2985,0,0
124884,5,2984,0,0
124904,5,2984,0,0
124924,5,2984,0,0
124944,5,2984,0,0
124964,5,2984,0,0
124984,5,2984,0,0
125004,5,2984,0,0
125024,5,2984,0,0
125044,5,2984,0,0
125064,5,2984,0,0
125084,5,2983,0,0
125104,5,2983,0,0
125124,5,2983,0,0
125144,5,2983,0,0
125164,5,2983,0,0
125184,5,2983,0,0
125204,5,2982,0,0
125224,5,2982,0,0
125244,5,2982,0,0
125264,5,2982,0,0
125284,5,2982,0,0
125304,5,2982,0,0
125324,5,2982,0,0
125344,5,2982,0,0
125364,5,2982,0,0
125384,5,2982,0,0
125404,5,2981,0,0
125424,5,2981,0,0
125444,5,2981,0,0
125464,5,2981,0,0
125484,5,2981,0,0
125504,5,2981,0,0
125524,5,2981,0,0
125544,5,2981,0,0
125564,5,2981,0,0
125584,5,2981,0,0
125604,5,2980,0,0
125624,5,2980,0,0
125644,5,2980,0,0
125664,5,2980,0,0
125684,5,2980,0,0
125704,5,2980,0,0
125724,5,2980,0,0
125744,5,2980,0,0
125764,5,2979,0,0
125784,5,2979,0,0
125804,5,2979,0,0
125824,5,2979,0,0
125844,5,2979,0,0
125864,5,2978,0,0
125884,5,2978,0,0
125904,5,2978,0,0
125924,5,2978,0,0
125944,5,2978,0,0
125964,5,2978,0,0
125984,5,2978,0,0
126004,5,2978,0,0
126024,5,2977,0,0
126044,5,2977,0,0
126064,5,2977,0,0
126084,5,2977,0,0
126104,5,2977,0,0
126124,5,2977,0,0
126144,5,2977,0,0
126164,5,2976,0,0
126184,5,2976,0,0
126204,5,2976,0,0
126224,5,2976,0,0
126244,5,2976,0,0
126264,5,2975,0,0
126284,5,2975,0,0
126304,5,2975,0,0
126324,5,2975,0,0
126344,5,2975,0,0
126364,5,2975,0,0
126384,5,2974,0,0
126404,5,2974,0,0
126424,5,2974,0,0
126444,5,2974,0,0
126464,5,2974,0,0
126484,5,2974,0,0
126504,5,2974,0,0
126524,5,2974,0,0
126544,5,2974,0,0
126564,5,2973,0,0
126584,5,2973,0,0
126604,5,2973,0,0
126624,5,2973,0,0
126644,5,2973,0,0
126664,5,2973,0,0
126684,5,2973,0,0
126704,5,2973,0,0
126724,5,2973,0,0
126744,5,2973,0,0
126764,5,2973,0,0
126784,5,2973,0,0
126804,5,2973,0,0
126824,5,2973,0,0
126844,5,2972,0,0
126864,5,2972,0,0
126884,5,2972,0,0
126904,5,2972,0,0
126924,5,2972,0,0
126944,5,2972,0,0
126964,5,2972,0,0
126984,5,2972,0,0
127004,5,2972,0,0
127024,5,2972,0,0
127044,5,2972,0,0
127064,5,2972,0,0
127084,5,2971,0,0
127104,5,2971,0,0
127124,5,2971,0,0
127144,5,2971,0,0
127164,5,2971,0,0
127184,5,2971,0,0
127204,5,2971,0,0
127224,5,2971,0,0
127244,5,2971,0,0
127264,5,2970,0,0
127284,5,2970,0,0
127304,5,2970,0,0
127324,5,2970,0,0
127344,5,2970,0,0
127364,5,2970,0,0
127384,5,2970,0,0
127404,5,2969,0,0
127424,5,2969,0,0
127444,5,2969,0,0
127464,5,2969,0,0
127484,5,2969,0,0
127504,5,2969,0,0
127524,5,2969,0,0
127544,5,2969,0,0
127564,5,2968,0,0
127584,5,2968,0,0
127604,5,2968,0,0
127624,5,2968,0,0
127644,5,2968,0,0
127664,5,2968,0,0
127684,5,2967,0,0
127704,5,2967,0,0
127724,5,2967,0,0
127744,5,2967,0,0
127764,5,2967,0,0
127784,5,2967,0,0
127804,5,2967,0,0
127824,5,2966,0,0
127844,5,2966,0,0
127864,5,2966,0,0
127884,5,2966,0,0
127904,5,2966,0,0
127924,5,2966,0,0
127944,5,2966,0,0
127964,5,2965,0,0
127984,5,2965,0,0
128004,5,2965,0,0
128024,5,2965,0,0
128044,5,2965,0,0
128064,5,2965,0,0
128084,5,2965,0,0
128104,5,2965,0,0
128124,5,2964,0,0
128144,5,2964,0,0
128164,5,2964,0,0
128184,5,2964,0,0
128204,5,2964,0,0
128224,5,2964,0,0
128244,5,2964,0,0
128264,5,2963,0,0
128284,5,2963,0,0
128304,5,2963,0,0
128324,5,2963,0,0
128344,5,2963,0,0
128364,5,2963,0,0
128384,5,2963,0,0
128404,5,2963,0,0
128424,5,2963,0,0
128444,5,2963,0,0
128464,5,2963,0,0
128484,5,2963,0,0
128504,5,2963,0,0
128524,5,2963,0,0
128544,5,2963,0,0
128564,5,2963,0,0
128584,5,2963,0,0
128604,5,2963,0,0
128624,5,2963,0,0
128644,5,2962,0,0
128664,5,2962,0,0
128684,5,2962,0,0
128704,5,2962,0,0
128724,5,2962,0,0
128744,5,2962,0,0
128764,5,2962,0,0
128784,5,2962,0,0
128804,5,2962,0,0
128824,5,2962,0,0
128844,5,2962,0,0
128864,5,2961,0,0
128884,5,2961,0,0
128904,5,2961,0,0
128924,5,2961,0,0
128944,5,2961,0,0
128964,5,2961,0,0
128984,5,2961,0,0
129004,5,2960,0,0
129024,5,2960,0,0
129044,5,2960,0,0
129064,5,2960,0,0
129084,5,2960,0,0
129104,5,2960,0,0
129124,5,2960,0,0
129144,5,2959,0,0
129164,5,2959,0,0
129184,5,2959,0,0
129204,5,2959,0,0
129224,5,2959,0,0
129244,5,2959,0,0
129264,5,2959,0,0
129284,5,2959,0,0
129304,5,2959,0,0
129324,5,2959,0,0
129344,5,2958,0,0
129364,5,2958,0,0
129384,5,2958,0,0
129404,5,2958,0,0
129424,5,2958,0,0
129444,5,2958,0,0
129464,5,2957,0,0
129484,5,2957,0,0
129504,5,2957,0,0
129524,5,2957,0,0
129544,5,2957,0,0
129564,5,2957,0,0
129584,5,2957,0,0
129604,5,2957,0,0
129624,5,2956,0,0
129644,5,2956,0,0
129664,5,2956,0,0
129684,5,2956,0,0
129704,5,2956,0,0
129724,5,2956,0,0
129744,5,2956,0,0
129764,5,2956,0,0
129784,5,2956,0,0
129804,5,2956,0,0
129824,5,2956,0,0
129844,5,2956,0,0
129864,5,2955,0,0
129884,5,2955,0,0
129904,5,2955,0,0
129924,5,2955,0,0
129944,5,2955,0,0
129964,5,2955,0,0
129984,5,2955,0,0
130004,5,2955,0,0
130024,5,2954,0,0
130044,5,2954,0,0
130064,5,2954,0,0
130084,5,2954,0,0
130104,5,2954,0,0
130124,5,2954,0,0
130144,5,2954,0,0
130164,5,2954,0,0
130184,5,2954,0,0
130204,5,2954,0,0
130224,5,2953,0,0
130244,5,2953,0,0
130264,5,2953,0,0
130284,5,2953,0,0
130304,5,2953,0,0
130324,5,2953,0,0
130344,5,2953,0,0
130364,5,2953,0,0
130384,5,2953,0,0
130404,5,2953,0,0
130424,5,2953,0,0
130444,5,2952,0,0
130464,5,2952,0,0
130484,5,2952,0,0
130504,5,2952,0,0
130524,5,2952,0,0
130544,5,2952,0,0
130564,5,2952,0,0
130584,5,2952,0,0
130604,5,2952,0,0
130624,5,2951,0,0
130644,5,2951,0,0
130664,5,2951,0,0
130684,5,2951,0,0
130704,5,2951,0,0
130724,5,2951,0,0
130744,5,2951,0,0
130764,5,2950,0,0
130784,5,2950,0,0
130804,5,2950,0,0
130824,5,2950,0,0
130844,5,2950,0,0
130864,5,2950,0,0
130884,5,2949,0,0
130904,5,2949,0,0
130924,5,2949,0,0
130944,5,2949,0,0
130964,5,2949,0,0
130984,5,2949,0,0
131004,5,2949,0,0
131024,5,2948,0,0
131044,5,2948,0,0
131064,5,2948,0,0
131084,5,2948,0,0
131104,5,2948,0,0
131124,5,2948,0,0
131144,5,2948,0,0
131164,5,2947,0,0
131184,5,2947,0,0
131204,5,2947,0,0
131224,5,2947,0,0
131244,5,2947,0,0
131264,5,2947,0,0
131284,5,2947,0,0
131304,5,2947,0,0
131324,5,2947,0,0
131344,5,2947,0,0
131364,5,2947,0,0
131384,5,2947,0,0
131404,5,2946,0,0
131424,5,2946,0,0
131444,5,2946,0,0
131464,5,2946,0,0
131484,5,2946,0,0
131504,5,2946,0,0
131524,5,2946,0,0
131544,5,2946,0,0
131564,5,2946,0,0
131584,5,2946,0,0
131604,5,2946,0,0
131624,5,2945,0,0
131644,5,2945,0,0
131664,5,2945,0,0
131684,5,2945,0,0
131704,5,2945,0,0
131724,5,2945,0,0
131744,5,2945,0,0
131764,5,2945,0,0
131784,5,2945,0,0
131804,5,2944,0,0
131824,5,2944,0,0
131844,5,2944,0,0
131864,5,2944,0,0
131884,5,2944,0,0
131904,5,2944,0,0
131924,5,2944,0,0
131944,5,2943,0,0
131964,5,2943,0,0
131984,5,2943,0,0
132004,5,2943,0,0
132024,5,2943,0,0
132044,5,2943,0,0
132064,5,2943,0,0
132084,5,2942,0,0
132104,5,2942,0,0
132124,5,2942,0,0
132144,5,2942,0,0
132164,5,2942,0,0
132184,5,2942,0,0
132204,5,2942,0,0
132224,5,2941,0,0
132244,5,2941,0,0
132264,5,2941,0,0
132284,5,2941,0,0
132304,5,2941,0,0
132324,5,2941,0,0
132344,5,2941,0,0
132364,5,2941,0,0
132384,5,2940,0,0
132404,5,2940,0,0
132424,5,2940,0,0
132444,5,2940,0,0
132464,5,2940,0,0
132484,5,2940,0,0
132504,5,2940,0,0
132524,5,2940,0,0
132544,5,2940,0,0
132564,5,2939,0,0
132584,5,2939,0,0
132604,5,2939,0,0
132624,5,2939,0,0
132644,5,2939,0,0
132664,5,2939,0,0
132684,5,2939,0,0
132704,5,2939,0,0
132724,5,2939,0,0
132744,5,2939,0,0
132764,5,2939,0,0
132784,5,2938,0,0
132804,5,2938,0,0
132824,5,2938,0,0
132844,5,2938,0,0
132864,5,2938,0,0
132884,5,2938,0,0
132904,5,2938,0,0
132924,5,2938,0,0
132944,5,2938,0,0
132964,5,2938,0,0
132984,5,2938,0,0
133004,5,2938,0,0
133024,5,2937,0,0
133044,5,2937,0,0
133064,5,2937,0,0
133084,5,2937,0,0
133104,5,2937,0,0
133124,5,2937,0,0
133144,5,2936,0,0
133164,5,2936,0,0
133184,5,2936,0,0
133204,5,2936,0,0
133224,5,2936,0,0
133244,5,2936,0,0
133264,5,2935,0,0
133284,5,2935,0,0
133304,5,2935,0,0
133324,5,2935,0,0
133344,5,2935,0,0
133364,5,2934,0,0
133384,5,2934,0,0
133404,5,2934,0,0
133424,5,2934,0,0
133444,5,2934,0,0
133464,5,2934,0,0
133484,5,2934,0,0
133504,5,2934,0,0
133524,5,2934,0,0
133544,5,2934,0,0
133564,5,2933,0,0
133584,5,2933,0,0
133604,5,2933,0,0
133624,5,2933,0,0
133644,5,2933,0,0
133664,5,2933,0,0
133684,5,2933,0,0
133704,5,2933,0,0
133724,5,2933,0,0
133744,5,2932,0,0
133764,5,2932,0,0
133784,5,2932,0,0
133804,5,2932,0,0
133824,5,2932,0,0
133844,5,2932,0,0
133864,5,2931,0,0
133884,5,2931,0,0
133904,5,2931,0,0
133924,5,2931,0,0
133944,5,2931,0,0
133964,5,2931,0,0
133984,5,2931,0,0
134004,5,2931,0,0
134024,5,2931,0,0
134044,5,2931,0,0
134064,5,2931,0,0
134084,5,2931,0,0
134104,5,2931,0,0
134124,5,2931,0,0
134144,5,2931,0,0
134164,5,2931,0,0
134184,5,2930,0,0
134204,5,2930,0,0
134224,5,2930,0,0
134244,5,2930,0,0
134264,5,2930,0,0
134284,5,2930,0,0
134304,5,2930,0,0
134324,5,2930,0,0
134344,5,2930,0,0
134364,5,2929,0,0
134384,5,2929,0,0
134404,5,2929,0,0
134424,5,2929,0,0
134444,5,2929,0,0
134464,5,2929,0,0
134484,5,2929,0,0
134504,5,2929,0,0
134524,5,2929,0,0
134544,5,2929,0,0
134564,5,2929,0,0
134584,5,2928,0,0
134604,5,2928,0,0
134624,5,2928,0,0
134644,5,2928,0,0
134664,5,2928,0,0
134684,5,2928,0,0
134704,5,2928,0,0
134724,5,2927,0,0
134744,5,2927,0,0
134764,5,2927,0,0
134784,5,2927,0,0
134804,5,2927,0,0
134824,5,2927,0,0
134844,5,2926,0,0
134864,5,2926,0,0
134884,5,2926,0,0
134904,5,2926,0,0
134924,5,2926,0,0
134944,5,2926,0,0
134964,5,2926,0,0
134984,5,2926,0,0
135004,5,2926,0,0
135024,5,2925,0,0
135044,5,2925,0,0
135064,5,2925,0,0
135084,5,2925,0,0
135104,5,2925,0,0
135124,5,2925,0,0
135144,5,2925,0,0
135164,5,2925,0,0
135184,5,2925,0,0
135204,5,2925,0,0
135224,5,2925,0,0
135244,5,2925,0,0
135264,5,2925,0,0
135284,5,2925,0,0
135304,5,2925,0,0
135324,5,2925,0,0
135344,5,2925,0,0
135364,5,2924,0,0
135384,5,2924,0,0
135404,5,2924,0,0
135424,5,2924,0,0
135444,5,2924,0,0
135464,5,2924,0,0
135484,5,2924,0,0
135504,5,2924,0,0
135524,5,2924,0,0
135544,5,2924,0,0
135564,5,2924,0,0
135584,5,2924,0,0
135604,5,2924,0,0
135624,5,2923,0,0
135644,5,2923,0,0
135664,5,2923,0,0
135684,5,2923,0,0
135704,5,2923,0,0
135724,5,2923,0,0
135744,5,2922,0,0
135764,5,2922,0,0
135784,5,2922,0,0
135804,5,2922,0,0
135824,5,2921,0,0
135844,5,2921,0,0
135864,5,2921,0,0
135884,5,2921,0,0
135904,5,2921,0,0
135924,5,2921,0,0
135944,5,2920,0,0
135964,5,2920,0,0
135984,5,2920,0,0
136004,5,2920,0,0
136024,5,2920,0,0
136044,5,2920,0,0
136064,5,2920,0,0
136084,5,2919,0,0
136104,5,2919,0,0
136124,5,2919,0,0
136144,5,2919,0,0
136164,5,2919,0,0
136184,5,2919,0,0
136204,5,2919,0,0
136224,5,2919,0,0
136244,5,2919,0,0
136264,5,2919,0,0
136284,5,2918,0,0
136304,5,2918,0,0
136324,5,2918,0,0
136344,5,2918,0,0
136364,5,2918,0,0
136384,5,2918,0,0
136404,5,2918,0,0
136424,5,2918,0,0
136444,5,2917,0,0
136464,5,2917,0,0
136484,5,2917,0,0
136504,5,2917,0,0
136524,5,2917,0,0
136544,5,2917,0,0
136564,5,2917,0,0
136584,5,2917,0,0
136604,5,2917,0,0
136624,5,2916,0,0
136644,5,2916,0,0
136664,5,2916,0,0
136684,5,2916,0,0
136704,5,2916,0,0
136724,5,2916,0,0
136744,5,2916,0,0
136764,5,2916,0,0
136784,5,2916,0,0
136804,5,2916,0,0
136824,5,2916,0,0
136844,5,2915,0,0
136864,5,2915,0,0
136884,5,2915,0,0
136904,5,2915,0,0
136924,5,2915,0,0
136944,5,2915,0,0
136964,5,2915,0,0
136984,5,2915,0,0
137004,5,2915,0,0
137024,5,2915,0,0
137044,5,2915,0,0
137064,5,2915,0,0
137084,5,2915,0,0
137104,5,2914,0,0
137124,5,2914,0,0
137144,5,2914,0,0
137164,5,2914,0,0
137184,5,2914,0,0
137204,5,2914,0,0
137224,5,2914,0,0
137244,5,2913,0,0
137264,5,2913,0,0
137284,5,2913,0,0
137304,5,2913,0,0
137324,5,2913,0,0
137344,5,2913,0,0
137364,5,2912,0,0
137384,5,2912,0,0
137404,5,2912,0,0
137424,5,2912,0,0
137444,5,2912,0,0
137464,5,2912,0,0
137484,5,2912,0,0
137504,5,2912,0,0
137524,5,2911,0,0
137544,5,2911,0,0
137564,5,2911,0,0
137584,5,2911,0,0
137604,5,2911,0,0
137624,5,2911,0,0
137644,5,2911,0,0
137664,5,2911,0,0
137684,5,2910,0,0
137704,5,2910,0,0
137724,5,2910,0,0
137744,5,2910,0,0
137764,5,2910,0,0
137784,5,2910,0,0
137804,5,2910,0,0
137824,5,2910,0,0
137844,5,2910,0,0
137864,5,2910,0,0
137884,5,2910,0,0
137904,5,2910,0,0
137924,5,2909,0,0
137944,5,2909,0,0
137964,5,2909,0,0
137984,5,2909,0,0
138004,5,2909,0,0
138024,5,2909,0,0
138044,5,2909,0,0
138064,5,2909,0,0
138084,5,2909,0,0
138104,5,2909,0,0
138124,5,2909,0,0
138144,5,2909,0,0
138164,5,2909,0,0
138184,5,2909,0,0
138204,5,2909,0,0
138224,5,2909,0,0
138244,5,2909,0,0
138264,5,2909,0,0
138284,5,2908,0,0
138304,5,2908,0,0
138324,5,2908,0,0
138344,5,2908,0,0
138364,5,2908,0,0
138384,5,2908,0,0
138404,5,2907,0,0
138424,5,2907,0,0
138444,5,2907,0,0
138464,5,2907,0,0
138484,5,2907,0,0
138504,5,2906,0,0
138524,5,2906,0,0
138544,5,2906,0,0
138564,5,2906,0,0
138584,5,2906,0,0
138604,5,2906,0,0
138624,5,2905,0,0
138644,5,2905,0,0
138664,5,2905,0,0
138684,5,2905,0,0
138704,5,2905,0,0
138724,5,2905,0,0
138744,5,2905,0,0
138764,5,2904,0,0
138784,5,2904,0,0
138804,5,2904,0,0
138824,5,2904,0,0
138844,5,2904,0,0
138864,5,2904,0,0
138884,5,2904,0,0
138904,5,2903,0,0
138924,5,2903,0,0
138944,5,2903,0,0
138964,5,2903,0,0
138984,5,2903,0,0
139004,5,2902,0,0
139024,5,2902,0,0
139044,5,2902,0,0
139064,5,2902,0,0
139084,5,2902,0,0
139104,5,2902,0,0
139124,5,2902,0,0
139144,5,2902,0,0
139164,5,2901,0,0
139184,5,2901,0,0
139204,5,2901,0,0
139224,5,2901,0,0
139244,5,2901,0,0
139264,5,2901,0,0
139284,5,2901,0,0
139304,5,2901,0,0
139324,5,2901,0,0
139344,5,2901,0,0
139364,5,2901,0,0
139384,5,2901,0,0
139404,5,2900,0,0
139424,5,2900,0,0
139444,5,2900,0,0
139464,5,2900,0,0
139484,5,2900,0,0
139504,5,2900,0,0
139524,5,2899,0,0
139544,5,2899,0,0
139564,5,2899,0,0
139584,5,2899,0,0
139604,5,2899,0,0
139624,5,2898,0,0
139644,5,2898,0,0
139664,5,2898,0,0
139684,5,2898,0,0
139704,5,2898,0,0
139724,5,2898,0,0
139744,5,2898,0,0
139764,5,2897,0,0
139784,5,2897,0,0
139804,5,2897,0,0
139824,5,2897,0,0
139844,5,2897,0,0
139864,5,2897,0,0
139884,5,2897,0,0
139904,5,2897,0,0
139924,5,2897,0,0
139944,5,2897,0,0
139964,5,2896,0,0
139984,5,2896,0,0
140004,5,2896,0,0
140024,5,2896,0,0
140044,5,2896,0,0
140064,5,2896,0,0
140084,5,2896,0,0
140104,5,2896,0,0
140124,5,2896,0,0
140144,5,2896,0,0
140164,5,2896,0,0
140184,5,2896,0,0
140204,5,2896,0,0
140224,5,2896,0,0
140244,5,2896,0,0
140264,5,2896,0,0
140284,5,2896,0,0
140304,5,2895,0,0
140324,5,2895,0,0
140344,5,2895,0,0
140364,5,2895,0,0
140384,5,2895,0,0
140404,5,2895,0,0
140424,5,2895,0,0
140444,5,2895,0,0
140464,5,2895,0,0
140484,5,2895,0,0
140504,5,2895,0,0
140524,5,2895,0,0
140544,5,2895,0,0
140564,5,2894,0,0
140584,5,2894,0,0
140604,5,2894,0,0
140624,5,2894,0,0
140644,5,2894,0,0
140664,5,2893,0,0
140684,5,2893,0,0
140704,5,2893,0,0
140724,5,2893,0,0
140744,5,2893,0,0
140764,5,2893,0,0
140784,5,2892,0,0
140804,5,2892,0,0
140824,5,2892,0,0
140844,5,2892,0,0
140864,5,2892,0,0
140884,5,2892,0,0
140904,5,2892,0,0
140924,5,2891,0,0
140944,5,2891,0,0
140964,5,2891,0,0
140984,5,2891,0,0
141004,5,2891,0,0
141024,5,2891,0,0
141044,5,2891,0,0
141064,5,2891,0,0
141084,5,2891,0,0
141104,5,2891,0,0
141124,5,2890,0,0
141144,5,2890,0,0
141164,5,2890,0,0
141184,5,2890,0,0
141204,5,2890,0,0
141224,5,2890,0,0
141244,5,2890,0,0
141264,5,2890,0,0
141284,5,2890,0,0
141304,5,2889,0,0
141324,5,2889,0,0
141344,5,2889,0,0
141364,5,2889,0,0
141384,5,2889,0,0
141404,5,2889,0,0
141424,5,2889,0,0
141444,5,2889,0,0
141464,5,2889,0,0
141484,5,2888,0,0
141504,5,2888,0,0
141524,5,2888,0,0
141544,5,2888,0,0
141564,5,2888,0,0
141584,5,2888,0,0
141604,5,2888,0,0
141624,5,2888,0,0
141644,5,2887,0,0
141664,5,2887,0,0
141684,5,2887,0,0
141704,5,2887,0,0
141724,5,2887,0,0
141744,5,2887,0,0
141764,5,2887,0,0
141784,5,2887,0,0
141804,5,2887,0,0
141824,5,2887,0,0
141844,5,2887,0,0
141864,5,2887,0,0
141884,5,2886,0,0
141904,5,2886,0,0
141924,5,2886,0,0
141944,5,2886,0,0
141964,5,2886,0,0
141984,5,2886,0,0
142004,5,2886,0,0
142024,5,2886,0,0
142044,5,2886,0,0
142064,5,2886,0,0
142084,5,2886,0,0
142104,5,2885,0,0
142124,5,2885,0,0
142144,5,2885,0,0
142164,5,2885,0,0
142184,5,2885,0,0
142204,5,2885,0,0
142224,5,2885,0,0
142244,5,2884,0,0
142264,5,2884,0,0
142284,5,2884,0,0
142304,5,2884,0,0
142324,5,2884,0,0
142344,5,2884,0,0
142364,5,2884,0,0
142384,5,2883,0,0
142404,5,2883,0,0
142424,5,2883,0,0
142444,5,2883,0,0
142464,5,2883,0,0
142484,5,2883,0,0
142504,5,2883,0,0
142524,5,2883,0,0
142544,5,2882,0,0
142564,5,2882,0,0
142584,5,2882,0,0
142604,5,2882,0,0
142624,5,2882,0,0
142644,5,2882,0,0
142664,5,2882,0,0
142684,5,2881,0,0
142704,5,2881,0,0
142724,5,2881,0,0
142744,5,2881,0,0
142764,5,2881,0,0
142784,5,2881,0,0
142804,5,2881,0,0
142824,5,2881,0,0
142844,5,2881,0,0
142864,5,2881,0,0
142884,5,2881,0,0
142904,5,2881,0,0
142924,5,2881,0,0
142944,5,2880,0,0
142964,5,2881,0,0
142984,5,2880,0,0
143004,5,2880,0,0
143024,5,2880,0,0
143044,5,2880,0,0
143064,5,2880,0,0
143084,5,2880,0,0
143104,5,2880,0,0
143124,5,2880,0,0
143144,5,2880,0,0
143164,5,2880,0,0
143184,5,2880,0,0
143204,5,2880,0,0
143224,5,2879,0,0
143244,5,2879,0,0
143264,5,2879,0,0
143284,5,2879,0,0
143304,5,2879,0,0
143324,5,2879,0,0
143344,5,2879,0,0
143364,5,2878,0,0
143384,5,2878,0,0
143404,5,2878,0,0
143424,5,2878,0,0
143444,5,2878,0,0
143464,5,2878,0,0
143484,5,2877,0,0
143504,5,2877,0,0
143524,5,2877,0,0
143544,5,2877,0,0
143564,5,2877,0,0
143584,5,2877,0,0
143604,5,2877,0,0
143624,5,2877,0,0
143644,5,2876,0,0
143664,5,2876,0,0
143684,5,2876,0,0
143704,5,2876,0,0
143724,5,2876,0,0
143744,5,2876,0,0
143764,5,2875,0,0
143784,5,2875,0,0
143804,5,2875,0,0
143824,5,2875,0,0
143844,5,2875,0,0
143864,5,2875,0,0
143884,5,2875,0,0
143904,5,2875,0,0
143924,5,2874,0,0
143944,5,2874,0,0
143964,5,2874,0,0
143984,5,2874,0,0
144004,5,2874,0,0
144024,5,2874,0,0
144044,5,2874,0,0
144064,5,2874,0,0
144084,5,2873,0,0
144104,5,2873,0,0
144124,5,2873,0,0
144144,5,2873,0,0
144164,5,2873,0,0
144184,5,2873,0,0
144204,5,2873,0,0
144224,5,2873,0,0
144244,5,2873,0,0
144264,5,2873,0,0
144284,5,2872,0,0
144304,5,2872,0,0
144324,5,2872,0,0
144344,5,2872,0,0
144364,5,2872,0,0
144384,5,2872,0,0
144404,5,2872,0,0
144424,5,2872,0,0
144444,5,2872,0,0
144464,5,2872,0,0
144484,5,2871,0,0
144504,5,2871,0,0
144524,5,2871,0,0
144544,5,2871,0,0
144564,5,2871,0,0
144584,5,2871,0,0
144604,5,2871,0,0
144624,5,2871,0,0
144644,5,2871,0,0
144664,5,2871,0,0
144684,5,2870,0,0
144704,5,2870,0,0
144724,5,2870,0,0
144744,5,2870,0,0
144764,5,2870,0,0
144784,5,2870,0,0
144804,5,2870,0,0
144824,5,2870,0,0
144844,5,2870,0,0
144864,5,2870,0,0
144884,5,2870,0,0
144904,5,2870,0,0
144924,5,2869,0,0
144944,5,2869,0,0
144964,5,2869,0,0
144984,5,2869,0,0
145004,5,2869,0,0
145024,5,2869,0,0
145044,5,2869,0,0
145064,5,2868,0,0
145084,5,2868,0,0
145104,5,2868,0,0
145124,5,2868,0,0
145144,5,2868,0,0
145164,5,2868,0,0
145184,5,2868,0,0
145204,5,2868,0,0
145224,5,2868,0,0
145244,5,2868,0,0
145264,5,2867,0,0
145284,5,2867,0,0
145304,5,2867,0,0
145324,5,2867,0,0
145344,5,2867,0,0
145364,5,2867,0,0
145384,5,2867,0,0
145404,5,2866,0,0
145424,5,2866,0,0
145444,5,2866,0,0
145464,5,2866,0,0
145484,5,2866,0,0
145504,5,2866,0,0
145524,5,2865,0,0
145544,5,2865,0,0
145564,5,2865,0,0
145584,5,2865,0,0
145604,5,2865,0,0
145624,5,2865,0,0
145644,5,2865,0,0
145664,5,2865,0,0
145684,5,2865,0,0
145704,5,2865,0,0
145724,5,2864,0,0
145744,5,2864,0,0
145764,5,2864,0,0
145784,5,2864,0,0
145804,5,2864,0,0
145824,5,2864,0,0
145844,5,2864,0,0
145864,5,2864,0,0
145884,5,2864,0,0
145904,5,2864,0,0
145924,5,2863,0,0
145944,5,2863,0,0
145964,5,2863,0,0
145984,5,2863,0,0
146004,5,2863,0,0
146024,5,2863,0,0
146044,5,2862,0,0
146064,5,2862,0,0
146084,5,2862,0,0
146104,5,2862,0,0
146124,5,2862,0,0
146144,5,2861,0,0
146164,5,2861,0,0
146184,5,2861,0,0
146204,5,2861,0,0
146224,5,2861,0,0
146244,5,2861,0,0
146264,5,2861,0,0
146284,5,2861,0,0
146304,5,2861,0,0
146324,5,2861,0,0
146344,5,2860,0,0
146364,5,2860,0,0
146384,5,2860,0,0
146404,5,2860,0,0
146424,5,2860,0,0
146444,5,2860,0,0
146464,5,2859,0,0
146484,5,2859,0,0
146504,5,2859,0,0
146524,5,2859,0,0
146544,5,2859,0,0
146564,5,2859,0,0
146584,5,2859,0,0
146604,5,2858,0,0
146624,5,2858,0,0
146644,5,2858,0,0
146664,5,2858,0,0
146684,5,2858,0,0
146704,5,2858,0,0
146724,5,2858,0,0
146744,5,2858,0,0
146764,5,2858,0,0
146784,5,2858,0,0
146804,5,2858,0,0
146824,5,2857,0,0
146844,5,2857,0,0
146864,5,2857,0,0
146884,5,2857,0,0
146904,5,2857,0,0
146924,5,2857,0,0
146944,5,2857,0,0
146964,5,2857,0,0
146984,5,2857,0,0
147004,5,2857,0,0
147024,5,2857,0,0
147044,5,2857,0,0
147064,5,2856,0,0
147084,5,2856,0,0
147104,5,2856,0,0
147124,5,2856,0,0
147144,5,2856,0,0
147164,5,2856,0,0
147184,5,2856,0,0
147204,5,2856,0,0
147224,5,2856,0,0
147244,5,2856,0,0
147264,5,2856,0,0
147284,5,2855,0,0
147304,5,2855,0,0
147324,5,2855,0,0
147344,5,2855,0,0
147364,5,2855,0,0
147384,5,2855,0,0
147404,5,2855,0,0
147424,5,2854,0,0
147444,5,2854,0,0
147464,5,2854,0,0
147484,5,2854,0,0
147504,5,2854,0,0
147524,5,2854,0,0
147544,5,2854,0,0
147564,5,2854,0,0
147584,5,2854,0,0
147604,5,2854,0,0
147624,5,2853,0,0
147644,5,2853,0,0
147664,5,2853,0,0
147684,5,2853,0,0
147704,5,2853,0,0
147724,5,2853,0,0
147744,5,2853,0,0
147764,5,2853,0,0
147784,5,2853,0,0
147804,5,2853,0,0
147824,5,2852,0,0
147844,5,2852,0,0
147864,5,2852,0,0
147884,5,2852,0,0
147904,5,2852,0,0
147924,5,2852,0,0
147944,5,2852,0,0
147964,5,2852,0,0
147984,5,2852,0,0
148004,5,2852,0,0
148024,5,2852,0,0
148044,5,2851,0,0
148064,5,2851,0,0
148084,5,2851,0,0
148104,5,2851,0,0
148124,5,2851,0,0
148144,5,2851,0,0
148164,5,2851,0,0
148184,5,2851,0,0
148204,5,2851,0,0
148224,5,2851,0,0
148244,5,2851,0,0
148264,5,2851,0,0
148284,5,2851,0,0
148304,5,2851,0,0
148324,5,2851,0,0
148344,5,2851,0,0
148364,5,2850,0,0
148384,5,2850,0,0
148404,5,2850,0,0
148424,5,2850,0,0
148444,5,2850,0,0
148464,5,2850,0,0
148484,5,2849,0,0
148504,5,2849,0,0
148524,5,2849,0,0
148544,5,2849,0,0
148564,5,2849,0,0
148584,5,2849,0,0
148604,5,2849,0,0
148624,5,2848,0,0
148644,5,2848,0,0
148664,5,2848,0,0
148684,5,2848,0,0
148704,5,2848,0,0
148724,5,2848,0,0
148744,5,2847,0,0
148764,5,2847,0,0
148784,5,2847,0,0
148804,5,2847,0,0
148824,5,2847,0,0
148844,5,2847,0,0
148864,5,2847,0,0
148884,5,2847,0,0
148904,5,2847,0,0
148924,5,2846,0,0
148944,5,2846,0,0
148964,5,2846,0,0
148984,5,2846,0,0
149004,5,2846,0,0
149024,5,2846,0,0
149044,5,2846,0,0
149064,5,2846,0,0
149084,5,2845,0,0
149104,5,2845,0,0
149124,5,2845,0,0
149144,5,2845,0,0
149164,5,2845,0,0
149184,5,2845,0,0
149204,5,2845,0,0
149224,5,2844,0,0
149244,5,2844,0,0
149264,5,2844,0,0
149284,5,2844,0,0
149304,5,2844,0,0
149324,5,2844,0,0
149344,5,2843,0,0
149364,5,2843,0,0
149384,5,2843,0,0
149404,5,2843,0,0
149424,5,2843,0,0
149444,5,2843,0,0
149464,5,2843,0,0
149484,5,2843,0,0
149504,5,2843,0,0
149524,5,2843,0,0
149544,5,2843,0,0
149564,5,2842,0,0
149584,5,2842,0,0
149604,5,2842,0,0
149624,5,2842,0,0
149644,5,2842,0,0
149664,5,2842,0,0
149684,5,2842,0,0
149704,5,2842,0,0
149724,5,2842,0,0
149744,5,2842,0,0
149764,5,2841,0,0
149784,5,2841,0,0
149804,5,2841,0,0
149824,5,2841,0,0
149844,5,2841,0,0
149864,5,2841,0,0
149884,5,2841,0,0
149904,5,2841,0,0
149924,5,2841,0,0
149944,5,2840,0,0
149964,5,2840,0,0
149984,5,2840,0,0
150004,5,2840,0,0
150024,5,2840,0,0
150044,5,2840,0,0
150064,5,2840,0,0
150084,5,2840,0,0
150104,5,2839,0,0
150124,5,2839,0,0
150144,5,2839,0,0
150164,5,2839,0,0
150184,5,2839,0,0
150204,5,2839,0,0
150224,5,2839,0,0
150244,5,2838,0,0
150264,5,2838,0,0
150284,5,2838,0,0
150304,5,2838,0,0
150324,5,2838,0,0
150344,5,2838,0,0
150364,5,2838,0,0
150384,5,2838,0,0
150404,5,2838,0,0
150424,5,2838,0,0
150444,5,2838,0,0
150464,5,2837,0,0
150484,5,2837,0,0
150504,5,2837,0,0
150524,5,2837,0,0
150544,5,2837,0,0
150564,5,2837,0,0
150584,5,2837,0,0
150604,5,2836,0,0
150624,5,2836,0,0
150644,5,2836,0,0
150664,5,2836,0,0
150684,5,2836,0,0
150704,5,2836,0,0
150724,5,2836,0,0
150744,5,2836,0,0
150764,5,2836,0,0
150784,5,2836,0,0
150804,5,2836,0,0
150824,5,2836,0,0
150844,5,2836,0,0
150864,5,2836,0,0
150884,5,2835,0,0
150904,5,2835,0,0
150924,5,2835,0,0
150944,5,2835,0,0
150964,5,2835,0,0
150984,5,2835,0,0
151004,5,2835,0,0
151024,5,2835,0,0
151044,5,2834,0,0
151064,5,2834,0,0
151084,5,2834,0,0
151104,5,2834,0,0
151124,5,2834,0,0
151144,5,2834,0,0
151164,5,2834,0,0
151184,5,2834,0,0
151204,5,2834,0,0
151224,5,2834,0,0
151244,5,2834,0,0
151264,5,2833,0,0
151284,5,2834,0,0
151304,5,2833,0,0
151324,5,2833,0,0
151344,5,2833,0,0
151364,5,2833,0,0
151384,5,2833,0,0
151404,5,2833,0,0
151424,5,2833,0,0
151444,5,2833,0,0
151464,5,2832,0,0
151484,5,2832,0,0
151504,5,2832,0,0
151524,5,2832,0,0
151544,5,2832,0,0
151564,5,2832,0,0
151584,5,2832,0,0
151604,5,2832,0,0
151624,5,2831,0,0
151644,5,2831,0,0
151664,5,2831,0,0
151684,5,2831,0,0
151704,5,2831,0,0
151724,5,2831,0,0
151744,5,2831,0,0
151764,5,2831,0,0
151784,5,2830,0,0
151804,5,2830,0,0
151824,5,2830,0,0
151844,5,2830,0,0
151864,5,2830,0,0
151884,5,2830,0,0
151904,5,2829,0,0
151924,5,2829,0,0
151944,5,2829,0,0
151964,5,2829,0,0
151984,5,2829,0,0
152004,5,2829,0,0
152024,5,2829,0,0
152044,5,2829,0,0
152064,5,2829,0,0
152084,5,2828,0,0
152104,5,2828,0,0
152124,5,2828,0,0
152144,5,2828,0,0
152164,5,2828,0,0
152184,5,2828,0,0
152204,5,2827,0,0
152224,5,2827,0,0
152244,5,2827,0,0
152264,5,2827,0,0
152284,5,2827,0,0
152304,5,2827,0,0
152324,5,2826,0,0
152344,5,2826,0,0
152364,5,2826,0,0
152384,5,2826,0,0
152404,5,2826,0,0
152424,5,2826,0,0
152444,5,2826,0,0
152464,5,2826,0,0
152484,5,2826,0,0
152504,5,2826,0,0
152524,5,2826,0,0
152544,5,2825,0,0
152564,5,2825,0,0
152584,5,2825,0,0
152604,5,2825,0,0
152624,5,2825,0,0
152644,5,2825,0,0
152664,5,2825,0,0
152684,5,2825,0,0
152704,5,2824,0,0
152724,5,2824,0,0
152744,5,2824,0,0
152764,5,2824,0,0
152784,5,2824,0,0
152804,5,2824,0,0
152824,5,2824,0,0
152844,5,2823,0,0
152864,5,2823,0,0
152884,5,2823,0,0
152904,5,2823,0,0
152924,5,2823,0,0
152944,5,2823,0,0
152964,5,2822,0,0
152984,5,2822,0,0
153004,5,2822,0,0
153024,5,2822,0,0
153044,5,2822,0,0
153064,5,2822,0,0
153084,5,2822,0,0
153104,5,2822,0,0
153124,5,2822,0,0
153144,5,2822,0,0
153164,5,2822,0,0
153184,5,2821,0,0
153204,5,2821,0,0
153224,5,2821,0,0
153244,5,2821,0,0
153264,5,2821,0,0
153284,5,2821,0,0
153304,5,2821,0,0
153324,5,2821,0,0
153344,5,2821,0,0
153364,5,2821,0,0
153384,5,2820,0,0
153404,5,2820,0,0
153424,5,2820,0,0
153444,5,2820,0,0
153464,5,2820,0,0
153484,5,2820,0,0
153504,5,2820,0,0
153524,5,2820,0,0
153544,5,2820,0,0
153564,5,2820,0,0
153584,5,2820,0,0
153604,5,2819,0,0
153624,5,2819,0,0
153644,5,2819,0,0
153664,5,2819,0,0
153684,5,2819,0,0
153704,5,2818,0,0
153724,5,2818,0,0
153744,5,2818,0,0
153764,5,2818,0,0
153784,5,2818,0,0
153804,5,2818,0,0
153824,5,2818,0,0
153844,5,2818,0,0
153864,5,2818,0,0
153884,5,2817,0,0
153904,5,2817,0,0
153924,5,2817,0,0
153944,5,2817,0,0
153964,5,2817,0,0
153984,5,2817,0,0
154004,5,2817,0,0
154024,5,2817,0,0
154044,5,2816,0,0
154064,5,2816,0,0
154084,5,2816,0,0
154104,5,2816,0,0
154124,5,2816,0,0
154144,5,2816,0,0
154164,5,2816,0,0
154184,5,2816,0,0
154204,5,2816,0,0
154224,5,2816,0,0
154244,5,2816,0,0
154264,5,2816,0,0
154284,5,2816,0,0
154304,5,2816,0,0
154324,5,2816,0,0
154344,5,2816,0,0
154364,5,2816,0,0
154384,5,2816,0,0
154404,5,2816,0,0
154424,5,2816,0,0
154444,5,2816,0,0
154464,5,2816,0,0
154484,5,2816,0,0
154504,5,2816,0,0
154524,5,2815,0,0
154544,5,2815,0,0
154564,5,2815,0,0
154584,5,2815,0,0
154604,5,2815,0,0
154624,5,2815,0,0
154644,5,2815,0,0
154664,5,2815,0,0
154684,5,2815,0,0
154704,5,2814,0,0
154724,5,2814,0,0
154744,5,2814,0,0
154764,5,2814,0,0
154784,5,2813,0,0
154804,5,2813,0,0
154824,5,2813,0,0
154844,5,2813,0,0
154864,5,2813,0,0
154884,5,2812,0,0
154904,5,2812,0,0
154924,5,2812,0,0
154944,5,2812,0,0
154964,5,2812,0,0
154984,5,2812,0,0
155004,5,2812,0,0
155024,5,2812,0,0
155044,5,2811,0,0
155064,5,2811,0,0
155084,5,2811,0,0
155104,5,2811,0,0
155124,5,2811,0,0
155144,5,2811,0,0
155164,5,2811,0,0
155184,5,2811,0,0
155204,5,2810,0,0
155224,5,2810,0,0
155244,5,2810,0,0
155264,5,2810,0,0
155284,5,2810,0,0
155304,5,2810,0,0
155324,5,2810,0,0
155344,5,2809,0,0
155364,5,2809,0,0
155384,5,2809,0,0
155404,5,2809,0,0
155424,5,2809,0,0
155444,5,2809,0,0
155464,5,2809,0,0
155484,5,2809,0,0
155504,5,2809,0,0
155524,5,2809,0,0
155544,5,2809,0,0
155564,5,2809,0,0
155584,5,2809,0,0
155604,5,2809,0,0
155624,5,2808,0,0
155644,5,2808,0,0
155664,5,2808,0,0
155684,5,2808,0,0
155704,5,2808,0,0
155724,5,2808,0,0
155744,5,2808,0,0
155764,5,2808,0,0
155784,5,2808,0,0
155804,5,2807,0,0
155824,5,2807,0,0
155844,5,2807,0,0
155864,5,2807,0,0
155884,5,2806,0,0
155904,5,2806,0,0
155924,5,2806,0,0
155944,5,2806,0,0
155964,5,2806,0,0
155984,5,2806,0,0
156004,5,2806,0,0
156024,5,2805,0,0
156044,5,2805,0,0
156064,5,2805,0,0
156084,5,2805,0,0
156104,5,2805,0,0
156124,5,2805,0,0
156144,5,2805,0,0
156164,5,2805,0,0
156184,5,2804,0,0
156204,5,2804,0,0
156224,5,2804,0,0
156244,5,2804,0,0
156264,5,2804,0,0
156284,5,2804,0,0
156304,5,2804,0,0
156324,5,2804,0,0
156344,5,2804,0,0
156364,5,2803,0,0
156384,5,2803,0,0
156404,5,2803,0,0
156424,5,2803,0,0
156444,5,2803,0,0
156464,5,2803,0,0
156484,5,2803,0,0
156504,5,2803,0,0
156524,5,2803,0,0
156544,5,2803,0,0
156564,5,2803,0,0
156584,5,2802,0,0
156604,5,2802,0,0
156624,5,2802,0,0
156644,5,2802,0,0
156664,5,2802,0,0
156684,5,2802,0,0
156704,5,2802,0,0
156724,5,2802,0,0
156744,5,2802,0,0
156764,5,2802,0,0
156784,5,2802,0,0
156804,5,2801,0,0
156824,5,2801,0,0
156844,5,2801,0,0
156864,5,2801,0,0
156884,5,2801,0,0
156904,5,2801,0,0
156924,5,2801,0,0
156944,5,2801,0,0
156964,5,2801,0,0
156984,5,2801,0,0
157004,5,2800,0,0
157024,5,2800,0,0
157044,5,2800,0,0
157064,5,2800,0,0
157084,5,2800,0,0
157104,5,2800,0,0
157124,5,2800,0,0
157144,5,2800,0,0
157164,5,2800,0,0
157184,5,2800,0,0
157204,5,2800,0,0
157224,5,2800,0,0
157244,5,2800,0,0
157264,5,2800,0,0
157284,5,2800,0,0
157304,5,2799,0,0
157324,5,2799,0,0
157344,5,2799,0,0
157364,5,2799,0,0
157384,5,2799,0,0
157404,5,2798,0,0
157424,5,2798,0,0
157444,5,2798,0,0
157464,5,2798,0,0
157484,5,2798,0,0
157504,5,2797,0,0
157524,5,2797,0,0
157544,5,2797,0,0
157564,5,2797,0,0
157584,5,2797,0,0
157604,5,2797,0,0
157624,5,2796,0,0
157644,5,2796,0,0
157664,5,2796,0,0
157684,5,2796,0,0
157704,5,2796,0,0
157724,5,2796,0,0
157744,5,2796,0,0
157764,5,2796,0,0
157784,5,2796,0,0
157804,5,2795,0,0
157824,5,2795,0,0
157844,5,2795,0,0
157864,5,2795,0,0
157884,5,2795,0,0
157904,5,2795,0,0
157924,5,2794,0,0
157944,5,2794,0,0
157964,5,2794,0,0
157984,5,2794,0,0
158004,5,2794,0,0
158024,5,2794,0,0
158044,5,2794,0,0
158064,5,2794,0,0
158084,5,2794,0,0
158104,5,2794,0,0
158124,5,2794,0,0
158144,5,2794,0,0
158164,5,2794,0,0
158184,5,2793,0,0
158204,5,2793,0,0
158224,5,2793,0,0
158244,5,2793,0,0
158264,5,2793,0,0
158284,5,2793,0,0
158304,5,2793,0,0
158324,5,2793,0,0
158344,5,2793,0,0
158364,5,2793,0,0
158384,5,2793,0,0
158404,5,2792,0,0
158424,5,2792,0,0
158444,5,2793,0,0
158464,5,2792,0,0
158484,5,2792,0,0
158504,5,2792,0,0
158524,5,2792,0,0
158544,5,2792,0,0
158564,5,2792,0,0
158584,5,2792,0,0
158604,5,2792,0,0
158624,5,2792,0,0
158644,5,2791,0,0
158664,5,2791,0,0
158684,5,2791,0,0
158704,5,2791,0,0
158724,5,2791,0,0
158744,5,2791,0,0
158764,5,2790,0,0
158784,5,2790,0,0
158804,5,2790,0,0
158824,5,2790,0,0
158844,5,2790,0,0
158864,5,2790,0,0
158884,5,2790,0,0
158904,5,2790,0,0
158924,5,2789,0,0
158944,5,2789,0,0
158964,5,2789,0,0
158984,5,2789,0,0
159004,5,2789,0,0
159024,5,2789,0,0
159044,5,2789,0,0
159064,5,2789,0,0
159084,5,2789,0,0
159104,5,2788,0,0
159124,5,2788,0,0
159144,5,2788,0,0
159164,5,2788,0,0
159184,5,2788,0,0
159204,5,2788,0,0
159224,5,2788,0,0
159244,5,2788,0,0
159264,5,2788,0,0
159284,5,2788,0,0
159304,5,2788,0,0
159324,5,2787,0,0
159344,5,2787,0,0
159364,5,2787,0,0
159384,5,2787,0,0
159404,5,2787,0,0
159424,5,2787,0,0
159444,5,2786,0,0
159464,5,2786,0,0
159484,5,2786,0,0
159504,5,2786,0,0
159524,5,2786,0,0
159544,5,2786,0,0
159564,5,2786,0,0
159584,5,2786,0,0
159604,5,2786,0,0
159624,5,2786,0,0
159644,5,2786,0,0
159664,5,2785,0,0
159684,5,2785,0,0
159704,5,2785,0,0
159724,5,2785,0,0
159744,5,2785,0,0
159764,5,2785,0,0
159784,5,2784,0,0
159804,5,2784,0,0
159824,5,2784,0,0
159844,5,2784,0,0
159864,5,2784,0,0
159884,5,2784,0,0
159904,5,2783,0,0
159924,5,2783,0,0
159944,5,2783,0,0
159964,5,2783,0,0
159984,5,2783,0,0
160004,5,2783,0,0
160024,5,2783,0,0
160044,5,2783,0,0
160064,5,2783,0,0
160084,5,2783,0,0
160104,5,2782,0,0
160124,5,2782,0,0
160144,5,2782,0,0
160164,5,2782,0,0
160184,5,2782,0,0
160204,5,2782,0,0
160224,5,2782,0,0
160244,5,2782,0,0
160264,5,2782,0,0
160284,5,2782,0,0
160304,5,2782,0,0
160324,5,2781,0,0
160344,5,2781,0,0
160364,5,2781,0,0
160384,5,2781,0,0
160404,5,2781,0,0
160424,5,2781,0,0
160444,5,2781,0,0
160464,5,2780,0,0
160484,5,2780,0,0
160504,5,2780,0,0
160524,5,2780,0,0
160544,5,2780,0,0
160564,5,2780,0,0
160584,5,2780,0,0
160604,5,2780,0,0
160624,5,2780,0,0
160644,5,2780,0,0
160664,5,2780,0,0
160684,5,2780,0,0
160704,5,2780,0,0
160724,5,2779,0,0
160744,5,2779,0,0
160764,5,2779,0,0
160784,5,2779,0,0
160804,5,2779,0,0
160824,5,2779,0,0
160844,5,2779,0,0
160864,5,2779,0,0
160884,5,2779,0,0
160904,5,2779,0,0
160924,5,2779,0,0
160944,5,2778,0,0
160964,5,2778,0,0
160984,5,2778,0,0
161004,5,2778,0,0
161024,5,2778,0,0
161044,5,2778,0,0
161064,5,2777,0,0
161084,5,2777,0,0
161104,5,2777,0,0
161124,5,2777,0,0
161144,5,2777,0,0
161164,5,2777,0,0
161184,5,2777,0,0
161204,5,2776,0,0
161224,5,2776,0,0
161244,5,2776,0,0
161264,5,2776,0,0
161284,5,2776,0,0
161304,5,2776,0,0
161324,5,2776,0,0
161344,5,2775,0,0
161364,5,2775,0,0
161384,5,2775,0,0
161404,5,2775,0,0
161424,5,2775,0,0
161444,5,2775,0,0
161464,5,2775,0,0
161484,5,2774,0,0
161504,5,2774,0,0
161524,5,2774,0,0
161544,5,2774,0,0
161564,5,2774,0,0
161584,5,2774,0,0
161604,5,2774,0,0
161624,5,2774,0,0
161644,5,2773,0,0
161664,5,2773,0,0
161684,5,2773,0,0
161704,5,2773,0,0
161724,5,2773,0,0
161744,5,2773,0,0
161764,5,2773,0,0
161784,5,2773,0,0
161804,5,2773,0,0
161824,5,2773,0,0
161844,5,2773,0,0
161864,5,2773,0,0
161884,5,2773,0,0
161904,5,2773,0,0
161924,5,2773,0,0
161944,5,2773,0,0
161964,5,2773,0,0
161984,5,2773,0,0
162004,5,2773,0,0
162024,5,2773,0,0
162044,5,2773,0,0
162064,5,2773,0,0
162084,5,2773,0,0
162104,5,2773,0,0
162124,5,2772,0,0
162144,5,2772,0,0
162164,5,2772,0,0
162184,5,2772,0,0
162204,5,2772,0,0
162224,5,2772,0,0
162244,5,2771,0,0
162264,5,2771,0,0
162284,5,2771,0,0
162304,5,2771,0,0
162324,5,2770,0,0
162344,5,2770,0,0
162364,5,2770,0,0
162384,5,2770,0,0
162404,5,2770,0,0
162424,5,2769,0,0
162444,5,2769,0,0
162464,5,2769,0,0
162484,5,2769,0,0
162504,5,2769,0,0
162524,5,2768,0,0
162544,5,2768,0,0
162564,5,2768,0,0
162584,5,2768,0,0
162604,5,2768,0,0
162624,5,2768,0,0
162644,5,2768,0,0
162664,5,2768,0,0
162684,5,2768,0,0
162704,5,2767,0,0
162724,5,2767,0,0
162744,5,2767,0,0
162764,5,2767,0,0
162784,5,2767,0,0
162804,5,2767,0,0
162824,5,2767,0,0
162844,5,2767,0,0
162864,5,2767,0,0
162884,5,2767,0,0
162904,5,2767,0,0
162924,5,2766,0,0
162944,5,2766,0,0
162964,5,2766,0,0
162984,5,2766,0,0
163004,5,2766,0,0
163024,5,2766,0,0
163044,5,2766,0,0
163064,5,2766,0,0
163084,5,2766,0,0
163104,5,2766,0,0
163124,5,2766,0,0
163144,5,2765,0,0
163164,5,2765,0,0
163184,5,2765,0,0
163204,5,2765,0,0
163224,5,2765,0,0
163244,5,2765,0,0
163264,5,2765,0,0
163284,5,2765,0,0
163304,5,2765,0,0
163324,5,2765,0,0
163344,5,2765,0,0
163364,5,2765,0,0
163384,5,2765,0,0
163404,5,2765,0,0
163424,5,2765,0,0
163444,5,2765,0,0
163464,5,2765,0,0
163484,5,2765,0,0
163504,5,2765,0,0
163524,5,2765,0,0
163544,5,2765,0,0
163564,5,2765,0,0
163584,5,2765,0,0
163604,5,2764,0,0
163624,5,2764,0,0
163644,5,2764,0,0
163664,5,2763,0,0
163684,5,2763,0,0
163704,5,2763,0,0
163724,5,2762,0,0
163744,5,2762,0,0
163764,5,2762,0,0
163784,5,2762,0,0
163804,5,2762,0,0
163824,5,2761,0,0
163844,5,2761,0,0
163864,5,2761,0,0
163884,5,2761,0,0
163904,5,2761,0,0
163924,5,2761,0,0
163944,5,2761,0,0
163964,5,2761,0,0
163984,5,2761,0,0
164004,5,2761,0,0
164024,5,2760,0,0
164044,5,2760,0,0
164064,5,2760,0,0
164084,5,2760,0,0
164104,5,2760,0,0
164124,5,2760,0,0
164144,5,2760,0,0
164164,5,2759,0,0
164184,5,2759,0,0
164204,5,2759,0,0
164224,5,2759,0,0
164244,5,2759,0,0
164264,5,2759,0,0
164284,5,2759,0,0
164304,5,2759,0,0
164324,5,2759,0,0
164344,5,2759,0,0
164364,5,2759,0,0
164384,5,2758,0,0
164404,5,2758,0,0
164424,5,2758,0,0
164444,5,2758,0,0
164464,5,2758,0,0
164484,5,2758,0,0
164504,5,2758,0,0
164524,5,2758,0,0
164544,5,2758,0,0
164564,5,2758,0,0
164584,5,2758,0,0
164604,5,2757,0,0
164624,5,2757,0,0
164644,5,2757,0,0
164664,5,2757,0,0
164684,5,2757,0,0
164704,5,2757,0,0
164724,5,2757,0,0
164744,5,2757,0,0
164764,5,2757,0,0
164784,5,2757,0,0
164804,5,2756,0,0
164824,5,2756,0,0
164844,5,2756,0,0
164864,5,2756,0,0
164884,5,2756,0,0
164904,5,2756,0,0
164924,5,2756,0,0
164944,5,2755,0,0
164964,5,2755,0,0
164984,5,2755,0,0
165004,5,2755,0,0
165024,5,2755,0,0
165044,5,2755,0,0
165064,5,2755,0,0
165084,5,2755,0,0
165104,5,2755,0,0
165124,5,2755,0,0
165144,5,2755,0,0
165164,5,2754,0,0
165184,5,2754,0,0
165204,5,2754,0,0
165224,5,2754,0,0
165244,5,2754,0,0
165264,5,2754,0,0
165284,5,2754,0,0
165304,5,2754,0,0
165324,5,2753,0,0
165344,5,2753,0,0
165364,5,2753,0,0
165384,5,2753,0,0
165404,5,2753,0,0
165424,5,2753,0,0
165444,5,2753,0,0
165464,5,2753,0,0
165484,5,2752,0,0
165504,5,2752,0,0
165524,5,2752,0,0
165544,5,2752,0,0
165564,5,2752,0,0
165584,5,2752,0,0
165604,5,2752,0,0
165624,5,2752,0,0
165644,5,2752,0,0
165664,5,2752,0,0
165684,5,2752,0,0
165704,5,2752,0,0
165724,5,2752,0,0
165744,5,2752,0,0
165764,5,2752,0,0
165784,5,2751,0,0
165804,5,2751,0,0
165824,5,2751,0,0
165844,5,2751,0,0
165864,5,2751,0,0
165884,5,2751,0,0
165904,5,2750,0,0
165924,5,2750,0,0
165944,5,2750,0,0
165964,5,2750,0,0
165984,5,2750,0,0
166004,5,2750,0,0
166024,5,2750,0,0
166044,5,2749,0,0
166064,5,2749,0,0
166084,5,2749,0,0
166104,5,2749,0,0
166124,5,2749,0,0
166144,5,2749,0,0
166164,5,2749,0,0
166184,5,2749,0,0
166204,5,2748,0,0
166224,5,2748,0,0
166244,5,2748,0,0
166264,5,2748,0,0
166284,5,2748,0,0
166304,5,2748,0,0
166324,5,2748,0,0
166344,5,2748,0,0
166364,5,2747,0,0
166384,5,2747,0,0
166404,5,2747,0,0
166424,5,2747,0,0
166444,5,2747,0,0
166464,5,2747,0,0
166484,5,2746,0,0
166504,5,2746,0,0
166524,5,2746,0,0
166544,5,2746,0,0
166564,5,2746,0,0
166584,5,2746,0,0
166604,5,2746,0,0
166624,5,2745,0,0
166644,5,2745,0,0
166664,5,2745,0,0
166684,5,2745,0,0
166704,5,2745,0,0
166724,5,2745,0,0
166744,5,2745,0,0
166764,5,2745,0,0
166784,5,2745,0,0
166804,5,2745,0,0
166824,5,2744,0,0
166844,5,2744,0,0
166864,5,2744,0,0
166884,5,2744,0,0
166904,5,2744,0,0
166924,5,2744,0,0
166944,5,2744,0,0
166964,5,2744,0,0
166984,5,2744,0,0
167004,5,2744,0,0
167024,5,2743,0,0
167044,5,2743,0,0
167064,5,2743,0,0
167084,5,2743,0,0
167104,5,2743,0,0
167124,5,2743,0,0
167144,5,2743,0,0
167164,5,2743,0,0
167184,5,2743,0,0
167204,5,2742,0,0
167224,5,2742,0,0
167244,5,2742,0,0
167264,5,2742,0,0
167284,5,2742,0,0
167304,5,2742,0,0
167324,5,2742,0,0
167344,5,2742,0,0
167364,5,2742,0,0
167384,5,2741,0,0
167404,5,2741,0,0
167424,5,2741,0,0
167444,5,2741,0,0
167464,5,2741,0,0
167484,5,2740,0,0
167504,5,2740,0,0
167524,5,2740,0,0
167544,5,2740,0,0
167564,5,2740,0,0
167584,5,2740,0,0
167604,5,2740,0,0
167624,5,2740,0,0
167644,5,2740,0,0
167664,5,2740,0,0
167684,5,2740,0,0
167704,5,2739,0,0
167724,5,2740,0,0
167744,5,2740,0,0
167764,5,2739,0,0
167784,5,2739,0,0
167804,5,2739,0,0
167824,5,2739,0,0
167844,5,2739,0,0
167864,5,2739,0,0
167884,5,2739,0,0
167904,5,2739,0,0
167924,5,2739,0,0
167944,5,2739,0,0
167964,5,2739,0,0
167984,5,2739,0,0
168004,5,2739,0,0
168024,5,2739,0,0
168044,5,2739,0,0
168064,5,2739,0,0
168084,5,2738,0,0
168104,5,2738,0,0
168124,5,2738,0,0
168144,5,2738,0,0
168164,5,2738,0,0
168184,5,2738,0,0
168204,5,2738,0,0
168224,5,2738,0,0
168244,5,2738,0,0
168264,5,2738,0,0
168284,5,2737,0,0
168304,5,2737,0,0
168324,5,2737,0,0
168344,5,2737,0,0
168364,5,2737,0,0
168384,5,2737,0,0
168404,5,2737,0,0
168424,5,2737,0,0
168444,5,2737,0,0
168464,5,2737,0,0
168484,5,2736,0,0
168504,5,2736,0,0
168524,5,2736,0,0
168544,5,2736,0,0
168564,5,2736,0,0
168584,5,2736,0,0
168604,5,2736,0,0
168624,5,2736,0,0
168644,5,2736,0,0
168664,5,2736,0,0
168684,5,2736,0,0
168704,5,2736,0,0
168724,5,2736,0,0
168744,5,2736,0,0
168764,5,2736,0,0
168784,5,2735,0,0
168804,5,2735,0,0
168824,5,2735,0,0
168844,5,2735,0,0
168864,5,2735,0,0
168884,5,2734,0,0
168904,5,2734,0,0
168924,5,2734,0,0
168944,5,2734,0,0
168964,5,2733,0,0
168984,5,2733,0,0
169004,5,2733,0,0
169024,5,2733,0,0
169044,5,2733,0,0
169064,5,2732,0,0
169084,5,2732,0,0
169104,5,2732,0,0
169124,5,2732,0,0
169144,5,2732,0,0
169164,5,2732,0,0
169184,5,2731,0,0
169204,5,2731,0,0
169224,5,2731,0,0
169244,5,2731,0,0
169264,5,2731,0,0
169284,5,2731,0,0
169304,5,2731,0,0
169324,5,2731,0,0
169344,5,2731,0,0
169364,5,2731,0,0
169384,5,2731,0,0
169404,5,2731,0,0
169424,5,2731,0,0
169444,5,2731,0,0
169464,5,2730,0,0
169484,5,2730,0,0
169504,5,2730,0,0
169524,5,2730,0,0
169544,5,2730,0,0
169564,5,2730,0,0
169584,5,2730,0,0
169604,5,2730,0,0
169624,5,2729,0,0
169644,5,2729,0,0
169664,5,2729,0,0
169684,5,2729,0,0
169704,5,2729,0,0
169724,5,2729,0,0
169744,5,2729,0,0
169764,5,2729,0,0
169784,5,2728,0,0
169804,5,2728,0,0
169824,5,2728,0,0
169844,5,2728,0,0
169864,5,2728,0,0
169884,5,2728,0,0
169904,5,2728,0,0
169924,5,2728,0,0
169944,5,2728,0,0
169964,5,2728,0,0
169984,5,2727,0,0
170004,5,2727,0,0
170024,5,2727,0,0
170044,5,2727,0,0
170064,5,2727,0,0
170084,5,2727,0,0
170104,5,2726,0,0
170124,5,2726,0,0
170144,5,2726,0,0
170164,5,2726,0,0
170184,5,2726,0,0
170204,5,2726,0,0
170224,5,2726,0,0
170244,5,2725,0,0
170264,5,2725,0,0
170284,5,2725,0,0
170304,5,2725,0,0
170324,5,2725,0,0
170344,5,2725,0,0
170364,5,2725,0,0
170384,5,2725,0,0
170404,5,2725,0,0
170424,5,2724,0,0
170444,5,2724,0,0
170464,5,2724,0,0
170484,5,2724,0,0
170504,5,2724,0,0
170524,5,2724,0,0
170544,5,2724,0,0
170564,5,2724,0,0
170584,5,2724,0,0
170604,5,2723,0,0
170624,5,2723,0,0
170644,5,2723,0,0
170664,5,2723,0,0
170684,5,2723,0,0
170704,5,2723,0,0
170724,5,2723,0,0
170744,5,2723,0,0
170764,5,2723,0,0
170784,5,2723,0,0
170804,5,2723,0,0
170824,5,2722,0,0
170844,5,2722,0,0
170864,5,2722,0,0
170884,5,2722,0,0
170904,5,2722,0,0
170924,5,2722,0,0
170944,5,2722,0,0
170964,5,2722,0,0
170984,5,2722,0,0
171004,5,2722,0,0
171024,5,2722,0,0
171044,5,2722,0,0
171064,5,2721,0,0
171084,5,2721,0,0
171104,5,2721,0,0
171124,5,2721,0,0
171144,5,2721,0,0
171164,5,2721,0,0
171184,5,2721,0,0
171204,5,2721,0,0
171224,5,2721,0,0
171244,5,2720,0,0
171264,5,2720,0,0
171284,5,2720,0,0
171304,5,2720,0,0
171324,5,2720,0,0
171344,5,2719,0,0
171364,5,2719,0,0
171384,5,2719,0,0
171404,5,2719,0,0
171424,5,2719,0,0
171444,5,2719,0,0
171464,5,2719,0,0
171484,5,2718,0,0
171504,5,2718,0,0
171524,5,2718,0,0
171544,5,2718,0,0
171564,5,2718,0,0
171584,5,2718,0,0
171604,5,2718,0,0
171624,5,2718,0,0
171644,5,2718,0,0
171664,5,2718,0,0
171684,5,2717,0,0
171704,5,2717,0,0
171724,5,2717,0,0
171744,5,2717,0,0
171764,5,2717,0,0
171784,5,2717,0,0
171804,5,2717,0,0
171824,5,2717,0,0
171844,5,2717,0,0
171864,5,2716,0,0
171884,5,2716,0,0
171904,5,2716,0,0
171924,5,2716,0,0
171944,5,2716,0,0
171964,5,2716,0,0
171984,5,2716,0,0
172004,5,2716,0,0
172024,5,2716,0,0
172044,5,2716,0,0
172064,5,2716,0,0
172084,5,2716,0,0
172104,5,2716,0,0
172124,5,2716,0,0
172144,5,2716,0,0
172164,5,2716,0,0
172184,5,2716,0,0
172204,5,2716,0,0
172224,5,2716,0,0
172244,5,2716,0,0
172264,5,2716,0,0
172284,5,2715,0,0
172304,5,2715,0,0
172324,5,2715,0,0
172344,5,2715,0,0
172364,5,2714,0,0
172384,5,2714,0,0
172404,5,2714,0,0
172424,5,2714,0,0
172444,5,2714,0,0
172464,5,2713,0,0
172484,5,2713,0,0
172504,5,2713,0,0
172524,5,2713,0,0
172544,5,2712,0,0
172564,5,2712,0,0
172584,5,2712,0,0
172604,5,2712,0,0
172624,5,2712,0,0
172644,5,2712,0,0
172664,5,2711,0,0
172684,5,2711,0,0
172704,5,2711,0,0
172724,5,2711,0,0
172744,5,2711,0,0
172764,5,2711,0,0
172784,5,2711,0,0
172804,5,2711,0,0
172824,5,2710,0,0
172844,5,2710,0,0
172864,5,2710,0,0
172884,5,2710,0,0
172904,5,2710,0,0
172924,5,2710,0,0
172944,5,2710,0,0
172964,5,2710,0,0
172984,5,2710,0,0
173004,5,2709,0,0
173024,5,2709,0,0
173044,5,2709,0,0
173064,5,2709,0,0
173084,5,2709,0,0
173104,5,2709,0,0
173124,5,2709,0,0
173144,5,2709,0,0
173164,5,2709,0,0
173184,5,2709,0,0
173204,5,2709,0,0
173224,5,2709,0,0
173244,5,2709,0,0
173264,5,2709,0,0
173284,5,2709,0,0
173304,5,2708,0,0
173324,5,2708,0,0
173344,5,2708,0,0
173364,5,2708,0,0
173384,5,2708,0,0
173404,5,2708,0,0
173424,5,2708,0,0
173444,5,2707,0,0
173464,5,2707,0,0
173484,5,2707,0,0
173504,5,2707,0,0
173524,5,2707,0,0
173544,5,2707,0,0
173564,5,2706,0,0
173584,5,2706,0,0
173604,5,2706,0,0
173624,5,2706,0,0
173644,5,2706,0,0
173664,5,2706,0,0
173684,5,2706,0,0
173704,5,2706,0,0
173724,5,2705,0,0
173744,5,2705,0,0
173764,5,2705,0,0
173784,5,2705,0,0
173804,5,2705,0,0
173824,5,2705,0,0
173844,5,2705,0,0
173864,5,2704,0,0
173884,5,2704,0,0
173904,5,2704,0,0
173924,5,2704,0,0
173944,5,2704,0,0
173964,5,2704,0,0
173984,5,2704,0,0
174004,5,2704,0,0
174024,5,2704,0,0
174044,5,2704,0,0
174064,5,2704,0,0
174084,5,2704,0,0
174104,5,2703,0,0
174124,5,2703,0,0
174144,5,2703,0,0
174164,5,2703,0,0
174184,5,2703,0,0
174204,5,2703,0,0
174224,5,2703,0,0
174244,5,2703,0,0
174264,5,2703,0,0
174284,5,2703,0,0
174304,5,2702,0,0
174324,5,2702,0,0
174344,5,2702,0,0
174364,5,2702,0,0
174384,5,2702,0,0
174404,5,2702,0,0
174424,5,2702,0,0
174444,5,2702,0,0
174464,5,2702,0,0
174484,5,2702,0,0
174504,5,2702,0,0
174524,5,2702,0,0
174544,5,2702,0,0
174564,5,2702,0,0
174584,5,2701,0,0
174604,5,2701,0,0
174624,5,2701,0,0
174644,5,2701,0,0
174664,5,2701,0,0
174684,5,2701,0,0
174704,5,2701,0,0
174724,5,2701,0,0
174744,5,2701,0,0
174764,5,2701,0,0
174784,5,2701,0,0
174804,5,2700,0,0
174824,5,2700,0,0
174844,5,2700,0,0
174864,5,2700,0,0
174884,5,2700,0,0
174904,5,2700,0,0
174924,5,2700,0,0
174944,5,2699,0,0
174964,5,2699,0,0
174984,5,2699,0,0
175004,5,2699,0,0
175024,5,2699,0,0
175044,5,2699,0,0
175064,5,2698,0,0
175084,5,2698,0,0
175104,5,2698,0,0
175124,5,2698,0,0
175144,5,2698,0,0
175164,5,2698,0,0
175184,5,2698,0,0
175204,5,2697,0,0
175224,5,2697,0,0
175244,5,2697,0,0
175264,5,2697,0,0
175284,5,2697,0,0
175304,5,2697,0,0
175324,5,2697,0,0
175344,5,2696,0,0
175364,5,2696,0,0
175384,5,2696,0,0
175404,5,2696,0,0
175424,5,2696,0,0
175444,5,2696,0,0
175464,5,2696,0,0
175484,5,2695,0,0
175504,5,2695,0,0
175524,5,2695,0,0
175544,5,2695,0,0
175564,5,2695,0,0
175584,5,2695,0,0
175604,5,2695,0,0
175624,5,2695,0,0
175644,5,2695,0,0
175664,5,2695,0,0
175684,5,2694,0,0
175704,5,2694,0,0
175724,5,2694,0,0
175744,5,2694,0,0
175764,5,2694,0,0
175784,5,2694,0,0
175804,5,2694,0,0
175824,5,2693,0,0
175844,5,2693,0,0
175864,5,2693,0,0
175884,5,2693,0,0
175904,5,2693,0,0
175924,5,2693,0,0
175944,5,2693,0,0
175964,5,2693,0,0
175984,5,2693,0,0
176004,5,2692,0,0
176024,5,2692,0,0
176044,5,2692,0,0
176064,5,2692,0,0
176084,5,2692,0,0
176104,5,2692,0,0
176124,5,2692,0,0
176144,5,2692,0,0
176164,5,2691,0,0
176184,5,2692,0,0
176204,5,2691,0,0
176224,5,2691,0,0
176244,5,2691,0,0
176264,5,2691,0,0
176284,5,2691,0,0
176304,5,2691,0,0
176324,5,2691,0,0
176344,5,2691,0,0
176364,5,2691,0,0
176384,5,2691,0,0
176404,5,2691,0,0
176424,5,2691,0,0
176444,5,2691,0,0
176464,5,2691,0,0
176484,5,2691,0,0
176504,5,2690,0,0
176524,5,2690,0,0
176544,5,2690,0,0
176564,5,2690,0,0
176584,5,2690,0,0
176604,5,2690,0,0
176624,5,2689,0,0
176644,5,2689,0,0
176664,5,2689,0,0
176684,5,2689,0,0
176704,5,2689,0,0
176724,5,2689,0,0
176744,5,2689,0,0
176764,5,2688,0,0
176784,5,2688,0,0
176804,5,2688,0,0
176824,5,2688,0,0
176844,5,2688,0,0
176864,5,2688,0,0
176884,5,2688,0,0
176904,5,2688,0,0
176924,5,2688,0,0
176944,5,2688,0,0
176964,5,2688,0,0
176984,5,2688,0,0
177004,5,2688,0,0
177024,5,2688,0,0
177044,5,2687,0,0
177064,5,2687,0,0
177084,5,2687,0,0
177104,5,2687,0,0
177124,5,2687,0,0
177144,5,2687,0,0
177164,5,2687,0,0
177184,5,2687,0,0
177204,5,2687,0,0
177224,5,2687,0,0
177244,5,2687,0,0
177264,5,2687,0,0
177284,5,2687,0,0
177304,5,2687,0,0
177324,5,2686,0,0
177344,5,2686,0,0
177364,5,2686,0,0
177384,5,2686,0,0
177404,5,2686,0,0
177424,5,2686,0,0
177444,5,2686,0,0
177464,5,2686,0,0
177484,5,2686,0,0
177504,5,2686,0,0
177524,5,2686,0,0
177544,5,2685,0,0
177564,5,2685,0,0
177584,5,2685,0,0
177604,5,2685,0,0
177624,5,2685,0,0
177644,5,2684,0,0
177664,5,2684,0,0
177684,5,2684,0,0
177704,5,2684,0,0
177724,5,2684,0,0
177744,5,2684,0,0
177764,5,2683,0,0
177784,5,2683,0,0
177804,5,2683,0,0
177824,5,2683,0,0
177844,5,2683,0,0
177864,5,2682,0,0
177884,5,2682,0,0
177904,5,2682,0,0
177924,5,2682,0,0
177944,5,2682,0,0
177964,5,2681,0,0
177984,5,2681,0,0
178004,5,2681,0,0
178024,5,2681,0,0
178044,5,2681,0,0
178064,5,2680,0,0
178084,5,2680,0,0
178104,5,2680,0,0
178124,5,2680,0,0
178144,5,2680,0,0
178164,5,2680,0,0
178184,5,2680,0,0
178204,5,2680,0,0
178224,5,2680,0,0
178244,5,2679,0,0
178264,5,2679,0,0
178284,5,2679,0,0
178304,5,2679,0,0
178324,5,2679,0,0
178344,5,2679,0,0
178364,5,2679,0,0
178384,5,2679,0,0
178404,5,2679,0,0
178424,5,2679,0,0
178444,5,2678,0,0
178464,5,2678,0,0
178484,5,2678,0,0
178504,5,2678,0,0
178524,5,2678,0,0
178544,5,2678,0,0
178564,5,2677,0,0
178584,5,2677,0,0
178604,5,2677,0,0
178624,5,2677,0,0
178644,5,2677,0,0
178664,5,2677,0,0
178684,5,2677,0,0
178704,5,2677,0,0
178724,5,2677,0,0
178744,5,2676,0,0
178764,5,2676,0,0
178784,5,2676,0,0
178804,5,2676,0,0
178824,5,2676,0,0
178844,5,2676,0,0
178864,5,2676,0,0
178884,5,2675,0,0
178904,5,2675,0,0
178924,5,2675,0,0
178944,5,2675,0,0
178964,5,2675,0,0
178984,5,2675,0,0
179004,5,2675,0,0
179024,5,2675,0,0
179044,5,2674,0,0
179064,5,2674,0,0
179084,5,2674,0,0
179104,5,2674,0,0
179124,5,2674,0,0
179144,5,2674,0,0
179164,5,2674,0,0
179184,5,2674,0,0
179204,5,2674,0,0
179224,5,2674,0,0
179244,5,2673,0,0
179264,5,2673,0,0
179284,5,2673,0,0
179304,5,2673,0,0
179324,5,2673,0,0
179344,5,2673,0,0
179364,5,2673,0,0
179384,5,2673,0,0
179404,5,2673,0,0
179424,5,2673,0,0
179444,5,2673,0,0
179464,5,2673,0,0
179484,5,2673,0,0
179504,5,2672,0,0
179524,5,2672,0,0
179544,5,2672,0,0
179564,5,2672,0,0
179584,5,2672,0,0
179604,5,2672,0,0
179624,5,2671,0,0
179644,5,2671,0,0
179664,5,2671,0,0
179684,5,2671,0,0
179704,5,2671,0,0
179724,5,2671,0,0
179744,5,2671,0,0
179764,5,2671,0,0
179784,5,2671,0,0
179804,5,2671,0,0
179824,5,2671,0,0
179844,5,2670,0,0
179864,5,2670,0,0
179884,5,2670,0,0
179904,5,2670,0,0
179924,5,2670,0,0
179944,5,2670,0,0
179964,5,2670,0,0
179984,5,2670,0,0
180004,5,2670,0,0
180024,5,2670,0,0
180044,5,2670,0,0
180064,5,2670,0,0
180084,5,2670,0,0
180104,5,2670,0,0
180124,5,2670,0,0
180144,5,2669,0,0
180164,5,2669,0,0
180184,5,2669,0,0
180204,5,2669,0,0
180224,5,2669,0,0
180244,5,2669,0,0
180264,5,2669,0,0
180284,5,2668,0,0
180304,5,2668,0,0
180324,5,2668,0,0
180344,5,2668,0,0
180364,5,2668,0,0
180384,5,2668,0,0
180404,5,2668,0,0
180424,5,2668,0,0
180444,5,2668,0,0
180464,5,2668,0,0
180484,5,2668,0,0
180504,5,2667,0,0
180524,5,2667,0,0
180544,5,2667,0,0
180564,5,2667,0,0
180584,5,2667,0,0
180604,5,2667,0,0
180624,5,2667,0,0
180644,5,2667,0,0
180664,5,2667,0,0
180684,5,2667,0,0
180704,5,2666,0,0
180724,5,2666,0,0
180744,5,2666,0,0
180764,5,2666,0,0
180784,5,2666,0,0
180804,5,2666,0,0
180824,5,2666,0,0
180844,5,2666,0,0
180864,5,2666,0,0
180884,5,2666,0,0
180904,5,2665,0,0
180924,5,2665,0,0
180944,5,2665,0,0
180964,5,2665,0,0
180984,5,2665,0,0
181004,5,2665,0,0
181024,5,2665,0,0
181044,5,2665,0,0
181064,5,2665,0,0
181084,5,2665,0,0
181104,5,2665,0,0
181124,5,2665,0,0
181144,5,2664,0,0
181164,5,2664,0,0
181184,5,2664,0,0
181204,5,2664,0,0
181224,5,2664,0,0
181244,5,2663,0,0
181264,5,2663,0,0
181284,5,2663,0,0
181304,5,2663,0,0
181324,5,2663,0,0
181344,5,2662,0,0
181364,5,2662,0,0
181384,5,2662,0,0
181404,5,2662,0,0
181424,5,2662,0,0
181444,5,2661,0,0
181464,5,2661,0,0
181484,5,2661,0,0
181504,5,2661,0,0
181524,5,2661,0,0
181544,5,2661,0,0
181564,5,2661,0,0
181584,5,2661,0,0
181604,5,2661,0,0
181624,5,2661,0,0
181644,5,2660,0,0
181664,5,2660,0,0
181684,5,2660,0,0
181704,5,2660,0,0
181724,5,2660,0,0
181744,5,2660,0,0
181764,5,2660,0,0
181784,5,2659,0,0
181804,5,2659,0,0
181824,5,2659,0,0
181844,5,2659,0,0
181864,5,2659,0,0
181884,5,2659,0,0
181904,5,2658,0,0
181924,5,2658,0,0
181944,5,2658,0,0
181964,5,2658,0,0
181984,5,2658,0,0
182004,5,2658,0,0
182024,5,2658,0,0
182044,5,2658,0,0
182064,5,2658,0,0
182084,5,2658,0,0
182104,5,2657,0,0
182124,5,2657,0,0
182144,5,2657,0,0
182164,5,2657,0,0
182184,5,2657,0,0
182204,5,2657,0,0
182224,5,2657,0,0
182244,5,2657,0,0
182264,5,2657,0,0
182284,5,2657,0,0
182304,5,2657,0,0
182324,5,2657,0,0
182344,5,2657,0,0
182364,5,2657,0,0
182384,5,2656,0,0
182404,5,2656,0,0
182424,5,2656,0,0
182444,5,2656,0,0
182464,5,2656,0,0
182484,5,2656,0,0
182504,5,2656,0,0
182524,5,2656,0,0
182544,5,2656,0,0
182564,5,2656,0,0
182584,5,2656,0,0
182604,5,2656,0,0
182624,5,2656,0,0
182644,5,2656,0,0
182664,5,2656,0,0
182684,5,2655,0,0
182704,5,2656,0,0
182724,5,2655,0,0
182744,5,2655,0,0
182764,5,2655,0,0
182784,5,2655,0,0
182804,5,2655,0,0
182824,5,2655,0,0
182844,5,2655,0,0
182864,5,2655,0,0
182884,5,2654,0,0
182904,5,2654,0,0
182924,5,2654,0,0
182944,5,2654,0,0
182964,5,2654,0,0
182984,5,2654,0,0
183004,5,2653,0,0
183024,5,2653,0,0
183044,5,2653,0,0
183064,5,2653,0,0
183084,5,2653,0,0
183104,5,2653,0,0
183124,5,2653,0,0
183144,5,2653,0,0
183164,5,2653,0,0
183184,5,2652,0,0
183204,5,2652,0,0
183224,5,2652,0,0
183244,5,2652,0,0
183264,5,2652,0,0
183284,5,2652,0,0
183304,5,2652,0,0
183324,5,2652,0,0
183344,5,2652,0,0
183364,5,2652,0,0
183384,5,2652,0,0
183404,5,2652,0,0
183424,5,2652,0,0
183444,5,2652,0,0
183464,5,2651,0,0
183484,5,2651,0,0
183504,5,2651,0,0
183524,5,2651,0,0
183544,5,2651,0,0
183564,5,2651,0,0
183584,5,2650,0,0
183604,5,2650,0,0
183624,5,2650,0,0
183644,5,2650,0,0
183664,5,2650,0,0
183684,5,2650,0,0
183704,5,2650,0,0
183724,5,2650,0,0
183744,5,2650,0,0
183764,5,2649,0,0
183784,5,2649,0,0
183804,5,2649,0,0
183824,5,2649,0,0
183844,5,2649,0,0
183864,5,2648,0,0
183884,5,2648,0,0
183904,5,2648,0,0
183924,5,2648,0,0
183944,5,2648,0,0
183964,5,2648,0,0
183984,5,2648,0,0
184004,5,2647,0,0
184024,5,2647,0,0
184044,5,2647,0,0
184064,5,2647,0,0
184084,5,2647,0,0
184104,5,2647,0,0
184124,5,2647,0,0
184144,5,2647,0,0
184164,5,2647,0,0
184184,5,2647,0,0
184204,5,2647,0,0
184224,5,2646,0,0
184244,5,2646,0,0
184264,5,2646,0,0
184284,5,2646,0,0
184304,5,2646,0,0
184324,5,2646,0,0
184344,5,2646,0,0
184364,5,2646,0,0
184384,5,2646,0,0
184404,5,2646,0,0
184424,5,2646,0,0
184444,5,2645,0,0
184464,5,2645,0,0
184484,5,2645,0,0
184504,5,2645,0,0
184524,5,2645,0,0
184544,5,2645,0,0
184564,5,2645,0,0
184584,5,2645,0,0
184604,5,2645,0,0
184624,5,2645,0,0
184644,5,2644,0,0
184664,5,2644,0,0
184684,5,2644,0,0
184704,5,2644,0,0
184724,5,2644,0,0
184744,5,2644,0,0
184764,5,2644,0,0
184784,5,2644,0,0
184804,5,2643,0,0
184824,5,2643,0,0
184844,5,2643,0,0
184864,5,2643,0,0
184884,5,2643,0,0
184904,5,2642,0,0
184924,5,2642,0,0
184944,5,2642,0,0
184964,5,2642,0,0
184984,5,2642,0,0
185004,5,2642,0,0
185024,5,2642,0,0
185044,5,2641,0,0
185064,5,2641,0,0
185084,5,2641,0,0
185104,5,2641,0,0
185124,5,2641,0,0
185144,5,2641,0,0
185164,5,2641,0,0
185184,5,2640,0,0
185204,5,2640,0,0
185224,5,2640,0,0
185244,5,2640,0,0
185264,5,2640,0,0
185284,5,2640,0,0
185304,5,2640,0,0
185324,5,2640,0,0
185344,5,2640,0,0
185364,5,2640,0,0
185384,5,2640,0,0
185404,5,2640,0,0
185424,5,2640,0,0
185444,5,2640,0,0
185464,5,2640,0,0
185484,5,2639,0,0
185504,5,2639,0,0
185524,5,2639,0,0
185544,5,2639,0,0
185564,5,2639,0,0
185584,5,2639,0,0
185604,5,2639,0,0
185624,5,2639,0,0
185644,5,2639,0,0
185664,5,2639,0,0
185684,5,2639,0,0
185704,5,2638,0,0
185724,5,2638,0,0
185744,5,2638,0,0
185764,5,2638,0,0
185784,5,2638,0,0
185804,5,2638,0,0
185824,5,2638,0,0
185844,5,2637,0,0
185864,5,2637,0,0
185884,5,2637,0,0
185904,5,2637,0,0
185924,5,2637,0,0
185944,5,2637,0,0
185964,5,2637,0,0
185984,5,2637,0,0
186004,5,2636,0,0
186024,5,2636,0,0
186044,5,2636,0,0
186064,5,2636,0,0
186084,5,2636,0,0
186104,5,2636,0,0
186124,5,2636,0,0
186144,5,2636,0,0
186164,5,2636,0,0
186184,5,2636,0,0
186204,5,2635,0,0
186224,5,2635,0,0
186244,5,2635,0,0
186264,5,2635,0,0
186284,5,2635,0,0
186304,5,2635,0,0
186324,5,2635,0,0
186344,5,2635,0,0
186364,5,2634,0,0
186384,5,2634,0,0
186404,5,2634,0,0
186424,5,2634,0,0
186444,5,2634,0,0
186464,5,2634,0,0
186484,5,2634,0,0
186504,5,2634,0,0
186524,5,2634,0,0
186544,5,2634,0,0
186564,5,2634,0,0
186584,5,2633,0,0
186604,5,2633,0,0
186624,5,2633,0,0
186644,5,2633,0,0
186664,5,2633,0,0
186684,5,2633,0,0
186704,5,2633,0,0
186724,5,2632,0,0
186744,5,2632,0,0
186764,5,2632,0,0
186784,5,2632,0,0
186804,5,2632,0,0
186824,5,2632,0,0
186844,5,2632,0,0
186864,5,2632,0,0
186884,5,2632,0,0
186904,5,2631,0,0
186924,5,2631,0,0
186944,5,2631,0,0
186964,5,2631,0,0
186984,5,2631,0,0
187004,5,2631,0,0
187024,5,2631,0,0
187044,5,2631,0,0
187064,5,2631,0,0
187084,5,2630,0,0
187104,5,2630,0,0
187124,5,2630,0,0
187144,5,2630,0,0
187164,5,2630,0,0
187184,5,2630,0,0
187204,5,2630,0,0
187224,5,2630,0,0
187244,5,2630,0,0
187264,5,2630,0,0
187284,5,2629,0,0
187304,5,2629,0,0
187324,5,2629,0,0
187344,5,2629,0,0
187364,5,2629,0,0
187384,5,2629,0,0
187404,5,2629,0,0
187424,5,2629,0,0
187444,5,2628,0,0
187464,5,2628,0,0
187484,5,2628,0,0
187504,5,2628,0,0
187524,5,2628,0,0
187544,5,2628,0,0
187564,5,2628,0,0
187584,5,2628,0,0
187604,5,2628,0,0
187624,5,2628,0,0
187644,5,2628,0,0
187664,5,2628,0,0
187684,5,2628,0,0
187704,5,2627,0,0
187724,5,2627,0,0
187744,5,2627,0,0
187764,5,2627,0,0
187784,5,2627,0,0
187804,5,2627,0,0
187824,5,2627,0,0
187844,5,2627,0,0
187864,5,2627,0,0
187884,5,2626,0,0
187904,5,2626,0,0
187924,5,2626,0,0
187944,5,2626,0,0
187964,5,2626,0,0
187984,5,2626,0,0
188004,5,2626,0,0
188024,5,2626,0,0
188044,5,2626,0,0
188064,5,2626,0,0
188084,5,2625,0,0
188104,5,2625,0,0
188124,5,2625,0,0
188144,5,2625,0,0
188164,5,2625,0,0
188184,5,2625,0,0
188204,5,2625,0,0
188224,5,2625,0,0
188244,5,2624,0,0
188264,5,2624,0,0
188284,5,2624,0,0
188304,5,2624,0,0
188324,5,2624,0,0
188344,5,2624,0,0
188364,5,2624,0,0
188384,5,2624,0,0
188404,5,2624,0,0
188424,5,2623,0,0
188444,5,2623,0,0
188464,5,2623,0,0
188484,5,2623,0,0
188504,5,2623,0,0
188524,5,2623,0,0
188544,5,2623,0,0
188564,5,2622,0,0
188584,5,2622,0,0
188604,5,2622,0,0
188624,5,2622,0,0
188644,5,2622,0,0
188664,5,2622,0,0
188684,5,2622,0,0
188704,5,2621,0,0
188724,5,2621,0,0
188744,5,2621,0,0
188764,5,2621,0,0
188784,5,2621,0,0
188804,5,2621,0,0
188824,5,2621,0,0
188844,5,2621,0,0
188864,5,2621,0,0
188884,5,2621,0,0
188904,5,2621,0,0
188924,5,2620,0,0
188944,5,2620,0,0
188964,5,2620,0,0
188984,5,2620,0,0
189004,5,2620,0,0
189024,5,2620,0,0
189044,5,2620,0,0
189064,5,2620,0,0
189084,5,2620,0,0
189104,5,2620,0,0
189124,5,2620,0,0
189144,5,2620,0,0
189164,5,2619,0,0
189184,5,2619,0,0
189204,5,2619,0,0
189224,5,2619,0,0
189244,5,2619,0,0
189264,5,2618,0,0
189284,5,2618,0,0
189304,5,2618,0,0
189324,5,2618,0,0
189344,5,2618,0,0
189364,5,2617,0,0
189384,5,2617,0,0
189404,5,2617,0,0
189424,5,2617,0,0
189444,5,2617,0,0
189464,5,2617,0,0
189484,5,2617,0,0
189504,5,2617,0,0
189524,5,2616,0,0
189544,5,2616,0,0
189564,5,2616,0,0
189584,5,2616,0,0
189604,5,2616,0,0
189624,5,2616,0,0
189644,5,2616,0,0
189664,5,2616,0,0
189684,5,2615,0,0
189704,5,2615,0,0
189724,5,2615,0,0
189744,5,2615,0,0
189764,5,2615,0,0
189784,5,2615,0,0
189804,5,2615,0,0
189824,5,2615,0,0
189844,5,2615,0,0
189864,5,2614,0,0
189884,5,2614,0,0
189904,5,2614,0,0
189924,5,2614,0,0
189944,5,2614,0,0
189964,5,2614,0,0
189984,5,2614,0,0
190004,5,2614,0,0
190024,5,2614,0,0
190044,5,2614,0,0
190064,5,2613,0,0
190084,5,2613,0,0
190104,5,2613,0,0
190124,5,2613,0,0
190144,5,2613,0,0
190164,5,2613,0,0
190184,5,2613,0,0
190204,5,2612,0,0
190224,5,2612,0,0
190244,5,2612,0,0
190264,5,2612,0,0
190284,5,2612,0,0
190304,5,2612,0,0
190324,5,2612,0,0
190344,5,2612,0,0
190364,5,2612,0,0
190384,5,2611,0,0
190404,5,2611,0,0
190424,5,2611,0,0
190444,5,2611,0,0
190464,5,2611,0,0
190484,5,2611,0,0
190504,5,2611,0,0
190524,5,2611,0,0
190544,5,2611,0,0
190564,5,2611,0,0
190584,5,2611,0,0
190604,5,2611,0,0
190624,5,2611,0,0
190644,5,2611,0,0
190664,5,2610,0,0
190684,5,2610,0,0
190704,5,2610,0,0
190724,5,2610,0,0
190744,5,2610,0,0
190764,5,2610,0,0
190784,5,2610,0,0
190804,5,2610,0,0
190824,5,2609,0,0
190844,5,2609,0,0
190864,5,2609,0,0
190884,5,2609,0,0
190904,5,2609,0,0
190924,5,2609,0,0
190944,5,2609,0,0
190964,5,2609,0,0
190984,5,2609,0,0
191004,5,2609,0,0
191024,5,2608,0,0
191044,5,2608,0,0
191064,5,2608,0,0
191084,5,2608,0,0
191104,5,2608,0,0
191124,5,2608,0,0
191144,5,2608,0,0
191164,5,2607,0,0
191184,5,2607,0,0
191204,5,2607,0,0
191224,5,2607,0,0
191244,5,2607,0,0
191264,5,2607,0,0
191284,5,2607,0,0
191304,5,2607,0,0
191324,5,2607,0,0
191344,5,2607,0,0
191364,5,2607,0,0
191384,5,2607,0,0
191404,5,2607,0,0
191424,5,2607,0,0
191444,5,2606,0,0
191464,5,2606,0,0
191484,5,2606,0,0
191504,5,2606,0,0
191524,5,2606,0,0
191544,5,2606,0,0
191564,5,2606,0,0
191584,5,2606,0,0
191604,5,2606,0,0
191624,5,2606,0,0
191644,5,2606,0,0
191664,5,2605,0,0
191684,5,2605,0,0
191704,5,2605,0,0
191724,5,2605,0,0
191744,5,2605,0,0
191764,5,2605,0,0
191784,5,2605,0,0
191804,5,2605,0,0
191824,5,2604,0,0
191844,5,2604,0,0
191864,5,2604,0,0
191884,5,2604,0,0
191904,5,2604,0,0
191924,5,2604,0,0
191944,5,2603,0,0
191964,5,2603,0,0
191984,5,2603,0,0
192004,5,2603,0,0
192024,5,2603,0,0
192044,5,2603,0,0
192064,5,2603,0,0
192084,5,2602,0,0
192104,5,2602,0,0
192124,5,2602,0,0
192144,5,2602,0,0
192164,5,2602,0,0
192184,5,2601,0,0
192204,5,2601,0,0
192224,5,2601,0,0
192244,5,2601,0,0
192264,5,2601,0,0
192284,5,2601,0,0
192304,5,2601,0,0
192324,5,2601,0,0
192344,5,2601,0,0
192364,5,2600,0,0
192384,5,2600,0,0
192404,5,2600,0,0
192424,5,2600,0,0
192444,5,2600,0,0
192464,5,2600,0,0
192484,5,2600,0,0
192504,5,2600,0,0
192524,5,2600,0,0
192544,5,2600,0,0
192564,5,2600,0,0
192584,5,2599,0,0
192604,5,2599,0,0
192624,5,2599,0,0
192644,5,2599,0,0
192664,5,2599,0,0
192684,5,2599,0,0
192704,5,2598,0,0
192724,5,2599,0,0
192744,5,2598,0,0
192764,5,2598,0,0
192784,5,2598,0,0
192804,5,2598,0,0
192824,5,2598,0,0
192844,5,2598,0,0
192864,5,2598,0,0
192884,5,2598,0,0
192904,5,2597,0,0
192924,5,2597,0,0
192944,5,2597,0,0
192964,5,2597,0,0
192984,5,2597,0,0
193004,5,2597,0,0
193024,5,2596,0,0
193044,5,2596,0,0
193064,5,2596,0,0
193084,5,2596,0,0
193104,5,2596,0,0
193124,5,2596,0,0
193144,5,2596,0,0
193164,5,2596,0,0
193184,5,2596,0,0
193204,5,2595,0,0
193224,5,2595,0,0
193244,5,2595,0,0
193264,5,2595,0,0
193284,5,2595,0,0
193304,5,2595,0,0
193324,5,2595,0,0
193344,5,2595,0,0
193364,5,2594,0,0
193384,5,2594,0,0
193404,5,2594,0,0
193424,5,2594,0,0
193444,5,2594,0,0
193464,5,2594,0,0
193484,5,2594,0,0
193504,5,2594,0,0
193524,5,2594,0,0
193544,5,2594,0,0
193564,5,2594,0,0
193584,5,2594,0,0
193604,5,2593,0,0
193624,5,2593,0,0
193644,5,2593,0,0
193664,5,2593,0,0
193684,5,2593,0,0
193704,5,2593,0,0
193724,5,2593,0,0
193744,5,2593,0,0
193764,5,2593,0,0
193784,5,2592,0,0
193804,5,2593,0,0
193824,5,2592,0,0
193844,5,2592,0,0
193864,5,2592,0,0
193884,5,2592,0,0
193904,5,2592,0,0
193924,5,2592,0,0
193944,5,2592,0,0
193964,5,2592,0,0
193984,5,2592,0,0
194004,5,2592,0,0
194024,5,2592,0,0
194044,5,2592,0,0
194064,5,2592,0,0
194084,5,2591,0,0
194104,5,2591,0,0
194124,5,2591,0,0
194144,5,2591,0,0
194164,5,2591,0,0
194184,5,2591,0,0
194204,5,2591,0,0
194224,5,2591,0,0
194244,5,2591,0,0
194264,5,2591,0,0
194284,5,2591,0,0
194304,5,2590,0,0
194324,5,2590,0,0
194344,5,2590,0,0
194364,5,2590,0,0
194384,5,2590,0,0
194404,5,2590,0,0
194424,5,2590,0,0
194444,5,2590,0,0
194464,5,2590,0,0
194484,5,2590,0,0
194504,5,2589,0,0
194524,5,2589,0,0
194544,5,2589,0,0
194564,5,2589,0,0
194584,5,2589,0,0
194604,5,2589,0,0
194624,5,2589,0,0
194644,5,2589,0,0
194664,5,2589,0,0
194684,5,2589,0,0
194704,5,2588,0,0
194724,5,2588,0,0
194744,5,2588,0,0
194764,5,2588,0,0
194784,5,2588,0,0
194804,5,2588,0,0
194824,5,2587,0,0
194844,5,2587,0,0
194864,5,2587,0,0
194884,5,2587,0,0
194904,5,2587,0,0
194924,5,2587,0,0
194944,5,2586,0,0
194964,5,2586,0,0
194984,5,2586,0,0
195004,5,2586,0,0
195024,5,2586,0,0
195044,5,2586,0,0
195064,5,2585,0,0
195084,5,2585,0,0
195104,5,2585,0,0
195124,5,2585,0,0
195144,5,2585,0,0
195164,5,2585,0,0
195184,5,2585,0,0
195204,5,2584,0,0
195224,5,2584,0,0
195244,5,2584,0,0
195264,5,2584,0,0
195284,5,2584,0,0
195304,5,2584,0,0
195324,5,2584,0,0
195344,5,2584,0,0
195364,5,2584,0,0
195384,5,2583,0,0
195404,5,2583,0,0
195424,5,2583,0,0
195444,5,2583,0,0
195464,5,2583,0,0
195484,5,2583,0,0
195504,5,2583,0,0
195524,5,2583,0,0
195544,5,2583,0,0
195564,5,2583,0,0
195584,5,2583,0,0
195604,5,2582,0,0
195624,5,2582,0,0
195644,5,2582,0,0
195664,5,2582,0,0
195684,5,2582,0,0
195704,5,2582,0,0
195724,5,2582,0,0
195744,5,2582,0,0
195764,5,2582,0,0
195784,5,2582,0,0
195804,5,2582,0,0
195824,5,2582,0,0
195844,5,2582,0,0
195864,5,2582,0,0
195884,5,2581,0,0
195904,5,2581,0,0
195924,5,2581,0,0
195944,5,2581,0,0
195964,5,2581,0,0
195984,5,2581,0,0
196004,5,2581,0,0
196024,5,2580,0,0
196044,5,2580,0,0
196064,5,2580,0,0
196084,5,2580,0,0
196104,5,2580,0,0
196124,5,2580,0,0
196144,5,2580,0,0
196164,5,2580,0,0
196184,5,2579,0,0
196204,5,2579,0,0
196224,5,2579,0,0
196244,5,2579,0,0
196264,5,2579,0,0
196284,5,2579,0,0
196304,5,2579,0,0
196324,5,2579,0,0
196344,5,2579,0,0
196364,5,2579,0,0
196384,5,2578,0,0
196404,5,2578,0,0
196424,5,2578,0,0
196444,5,2578,0,0
196464,5,2578,0,0
196484,5,2578,0,0
196504,5,2577,0,0
196524,5,2577,0,0
196544,5,2577,0,0
196564,5,2577,0,0
196584,5,2577,0,0
196604,5,2576,0,0
196624,5,2576,0,0
196644,5,2576,0,0
196664,5,2576,0,0
196684,5,2576,0,0
196704,5,2576,0,0
196724,5,2576,0,0
196744,5,2576,0,0
196764,5,2576,0,0
196784,5,2575,0,0
196804,5,2575,0,0
196824,5,2575,0,0
196844,5,2575,0,0
196864,5,2575,0,0
196884,5,2575,0,0
196904,5,2575,0,0
196924,5,2575,0,0
196944,5,2575,0,0
196964,5,2574,0,0
196984,5,2574,0,0
197004,5,2574,0,0
197024,5,2574,0,0
197044,5,2574,0,0
197064,5,2574,0,0
197084,5,2574,0,0
197104,5,2574,0,0
197124,5,2574,0,0
197144,5,2574,0,0
197164,5,2574,0,0
197184,5,2574,0,0
197204,5,2574,0,0
197224,5,2574,0,0
197244,5,2573,0,0
197264,5,2573,0,0
197284,5,2573,0,0
197304,5,2573,0,0
197324,5,2573,0,0
197344,5,2573,0,0
197364,5,2573,0,0
197384,5,2573,0,0
197404,5,2573,0,0
197424,5,2573,0,0
197444,5,2572,0,0
197464,5,2572,0,0
197484,5,2572,0,0
197504,5,2572,0,0
197524,5,2572,0,0
197544,5,2572,0,0
197564,5,2572,0,0
197584,5,2571,0,0
197604,5,2572,0,0
197624,5,2571,0,0
197644,5,2571,0,0
197664,5,2571,0,0
197684,5,2571,0,0
197704,5,2571,0,0
197724,5,2571,0,0
197744,5,2571,0,0
197764,5,2571,0,0
197784,5,2570,0,0
197804,5,2570,0,0
197824,5,2570,0,0
197844,5,2570,0,0
197864,5,2570,0,0
197884,5,2570,0,0
197904,5,2570,0,0
197924,5,2570,0,0
197944,5,2569,0,0
197964,5,2569,0,0
197984,5,2569,0,0
198004,5,2569,0,0
198024,5,2569,0,0
198044,5,2569,0,0
198064,5,2569,0,0
198084,5,2568,0,0
198104,5,2568,0,0
198124,5,2568,0,0
198144,5,2568,0,0
198164,5,2568,0,0
198184,5,2568,0,0
198204,5,2568,0,0
198224,5,2568,0,0
198244,5,2567,0,0
198264,5,2567,0,0
198284,5,2567,0,0
198304,5,2567,0,0
198324,5,2567,0,0
198344,5,2567,0,0
198364,5,2567,0,0
198384,5,2567,0,0
198404,5,2567,0,0
198424,5,2566,0,0
198444,5,2566,0,0
198464,5,2566,0,0
198484,5,2566,0,0
198504,5,2566,0,0
198524,5,2566,0,0
198544,5,2566,0,0
198564,5,2566,0,0
198584,5,2566,0,0
198604,5,2566,0,0
198624,5,2565,0,0
198644,5,2565,0,0
198664,5,2565,0,0
198684,5,2565,0,0
198704,5,2565,0,0
198724,5,2565,0,0
198744,5,2565,0,0
198764,5,2565,0,0
198784,5,2565,0,0
198804,5,2565,0,0
198824,5,2565,0,0
198844,5,2564,0,0
198864,5,2564,0,0
198884,5,2564,0,0
198904,5,2564,0,0
198924,5,2564,0,0
198944,5,2564,0,0
198964,5,2564,0,0
198984,5,2564,0,0
199004,5,2564,0,0
199024,5,2563,0,0
199044,5,2563,0,0
199064,5,2563,0,0
199084,5,2563,0,0
199104,5,2563,0,0
199124,5,2563,0,0
199144,5,2562,0,0
199164,5,2562,0,0
199184,5,2562,0,0
199204,5,2562,0,0
199224,5,2562,0,0
199244,5,2562,0,0
199264,5,2562,0,0
199284,5,2562,0,0
199304,5,2562,0,0
199324,5,2562,0,0
199344,5,2561,0,0
199364,5,2561,0,0
199384,5,2561,0,0
199404,5,2561,0,0
199424,5,2561,0,0
199444,5,2561,0,0
199464,5,2561,0,0
199484,5,2561,0,0
199504,5,2561,0,0
199524,5,2561,0,0
199544,5,2561,0,0
199564,5,2560,0,0
199584,5,2560,0,0
199604,5,2560,0,0
199624,5,2560,0,0
199644,5,2560,0,0
199664,5,2560,0,0
199684,5,2560,0,0
199704,5,2560,0,0
199724,5,2560,0,0
199744,5,2560,0,0
199764,5,2559,0,0
199784,5,2559,0,0
199804,5,2559,0,0
199824,5,2559,0,0
199844,5,2559,0,0
199864,5,2559,0,0
199884,5,2558,0,0
199904,5,2558,0,0
199924,5,2558,0,0
199944,5,2558,0,0
199964,5,2558,0,0
199984,5,2558,0,0
200004,5,2558,0,0
200024,5,2558,0,0
200044,5,2557,0,0
200064,5,2557,0,0
200084,5,2557,0,0
200104,5,2557,0,0
200124,5,2557,0,0
200144,5,2557,0,0
200164,5,2557,0,0
200184,5,2557,0,0
200204,5,2557,0,0
200224,5,2556,0,0
200244,5,2556,0,0
200264,5,2556,0,0
200284,5,2556,0,0
200304,5,2556,0,0
200324,5,2556,0,0
200344,5,2556,0,0
200364,5,2556,0,0
200384,5,2555,0,0
200404,5,2555,0,0
200424,5,2555,0,0
200444,5,2555,0,0
200464,5,2555,0,0
200484,5,2555,0,0
200504,5,2555,0,0
200524,5,2555,0,0
200544,5,2555,0,0
200564,5,2555,0,0
200584,5,2555,0,0
200604,5,2554,0,0
200624,5,2554,0,0
200644,5,2554,0,0
200664,5,2554,0,0
200684,5,2554,0,0
200704,5,2554,0,0
200724,5,2554,0,0
200744,5,2554,0,0
200764,5,2554,0,0
200784,5,2553,0,0
200804,5,2553,0,0
200824,5,2553,0,0
200844,5,2553,0,0
200864,5,2553,0,0
200884,5,2553,0,0
200904,5,2553,0,0
200924,5,2553,0,0
200944,5,2553,0,0
200964,5,2552,0,0
200984,5,2552,0,0
201004,5,2552,0,0
201024,5,2552,0,0
201044,5,2552,0,0
201064,5,2552,0,0
201084,5,2552,0,0
201104,5,2552,0,0
201124,5,2551,0,0
201144,5,2551,0,0
201164,5,2551,0,0
201184,5,2551,0,0
201204,5,2551,0,0
201224,5,2551,0,0
201244,5,2551,0,0
201264,5,2551,0,0
201284,5,2551,0,0
201304,5,2550,0,0
201324,5,2550,0,0
201344,5,2550,0,0
201364,5,2550,0,0
201384,5,2550,0,0
201404,5,2550,0,0
201424,5,2550,0,0
201444,5,2550,0,0
201464,5,2550,0,0
201484,5,2550,0,0
201504,5,2549,0,0
201524,5,2549,0,0
201544,5,2549,0,0
201564,5,2549,0,0
201584,5,2549,0,0
201604,5,2549,0,0
201624,5,2549,0,0
201644,5,2548,0,0
201664,5,2548,0,0
201684,5,2548,0,0
201704,5,2548,0,0
201724,5,2548,0,0
201744,5,2548,0,0
201764,5,2548,0,0
201784,5,2548,0,0
201804,5,2548,0,0
201824,5,2548,0,0
201844,5,2547,0,0
201864,5,2547,0,0
201884,5,2547,0,0
201904,5,2547,0,0
201924,5,2547,0,0
201944,5,2547,0,0
201964,5,2547,0,0
201984,5,2547,0,0
202004,5,2547,0,0
202024,5,2547,0,0
202044,5,2547,0,0
202064,5,2547,0,0
202084,5,2546,0,0
202104,5,2546,0,0
202124,5,2546,0,0
202144,5,2546,0,0
202164,5,2546,0,0
202184,5,2546,0,0
202204,5,2546,0,0
202224,5,2546,0,0
202244,5,2546,0,0
202264,5,2546,0,0
202284,5,2545,0,0
202304,5,2545,0,0
202324,5,2545,0,0
202344,5,2545,0,0
202364,5,2545,0,0
202384,5,2545,0,0
202404,5,2545,0,0
202424,5,2545,0,0
202444,5,2545,0,0
202464,5,2544,0,0
202484,5,2544,0,0
202504,5,2544,0,0
202524,5,2544,0,0
202544,5,2544,0,0
202564,5,2544,0,0
202584,5,2544,0,0
202604,5,2544,0,0
202624,5,2543,0,0
202644,5,2543,0,0
202664,5,2543,0,0
202684,5,2543,0,0
202704,5,2543,0,0
202724,5,2543,0,0
202744,5,2543,0,0
202764,5,2543,0,0
202784,5,2543,0,0
202804,5,2542,0,0
202824,5,2542,0,0
202844,5,2542,0,0
202864,5,2542,0,0
202884,5,2542,0,0
202904,5,2542,0,0
202924,5,2541,0,0
202944,5,2541,0,0
202964,5,2541,0,0
202984,5,2541,0,0
203004,5,2541,0,0
203024,5,2540,0,0
203044,5,2540,0,0
203064,5,2540,0,0
203084,5,2540,0,0
203104,5,2540,0,0
203124,5,2540,0,0
203144,5,2540,0,0
203164,5,2540,0,0
203184,5,2539,0,0
203204,5,2539,0,0
203224,5,2539,0,0
203244,5,2539,0,0
203264,5,2539,0,0
203284,5,2539,0,0
203304,5,2539,0,0
203324,5,2539,0,0
203344,5,2539,0,0
203364,5,2539,0,0
203384,5,2539,0,0
203404,5,2539,0,0
203424,5,2539,0,0
203444,5,2538,0,0
203464,5,2538,0,0
203484,5,2538,0,0
203504,5,2538,0,0
203524,5,2538,0,0
203544,5,2538,0,0
203564,5,2538,0,0
203584,5,2538,0,0
203604,5,2538,0,0
203624,5,2538,0,0
203644,5,2538,0,0
203664,5,2538,0,0
203684,5,2537,0,0
203704,5,2537,0,0
203724,5,2537,0,0
203744,5,2537,0,0
203764,5,2537,0,0
203784,5,2537,0,0
203804,5,2537,0,0
203824,5,2537,0,0
203844,5,2537,0,0
203864,5,2537,0,0
203884,5,2536,0,0
203904,5,2536,0,0
203924,5,2536,0,0
203944,5,2536,0,0
203964,5,2536,0,0
203984,5,2536,0,0
204004,5,2536,0,0
204024,5,2536,0,0
204044,5,2536,0,0
204064,5,2535,0,0
204084,5,2535,0,0
204104,5,2535,0,0
204124,5,2535,0,0
204144,5,2535,0,0
204164,5,2535,0,0
204184,5,2535,0,0
204204,5,2535,0,0
204224,5,2535,0,0
204244,5,2535,0,0
204264,5,2535,0,0
204284,5,2535,0,0
204304,5,2535,0,0
204324,5,2534,0,0
204344,5,2534,0,0
204364,5,2534,0,0
204384,5,2534,0,0
204404,5,2534,0,0
204424,5,2534,0,0
204444,5,2533,0,0
204464,5,2533,0,0
204484,5,2533,0,0
204504,5,2533,0,0
204524,5,2533,0,0
204544,5,2533,0,0
204564,5,2532,0,0
204584,5,2532,0,0
204604,5,2532,0,0
204624,5,2532,0,0
204644,5,2532,0,0
204664,5,2532,0,0
204684,5,2531,0,0
204704,5,2531,0,0
204724,5,2531,0,0
204744,5,2531,0,0
204764,5,2531,0,0
204784,5,2531,0,0
204804,5,2531,0,0
204824,5,2531,0,0
204844,5,2530,0,0
204864,5,2530,0,0
204884,5,2530,0,0
204904,5,2530,0,0
204924,5,2530,0,0
204944,5,2530,0,0
204964,5,2530,0,0
204984,5,2530,0,0
205004,5,2530,0,0
205024,5,2530,0,0
205044,5,2530,0,0
205064,5,2530,0,0
205084,5,2530,0,0
205104,5,2530,0,0
205124,5,2529,0,0
205144,5,2529,0,0
205164,5,2529,0,0
205184,5,2529,0,0
205204,5,2529,0,0
205224,5,2529,0,0
205244,5,2529,0,0
205264,5,2529,0,0
205284,5,2529,0,0
205304,5,2529,0,0
205324,5,2529,0,0
205344,5,2529,0,0
205364,5,2529,0,0
205384,5,2528,0,0
205404,5,2528,0,0
205424,5,2528,0,0
205444,5,2528,0,0
205464,5,2528,0,0
205484,5,2527,0,0
205504,5,2527,0,0
205524,5,2527,0,0
205544,5,2527,0,0
205564,5,2527,0,0
205584,5,2527,0,0
205604,5,2527,0,0
205624,5,2527,0,0
205644,5,2526,0,0
205664,5,2526,0,0
205684,5,2526,0,0
205704,5,2526,0,0
205724,5,2526,0,0
205744,5,2526,0,0
205764,5,2526,0,0
205784,5,2525,0,0
205804,5,2525,0,0
205824,5,2525,0,0
205844,5,2525,0,0
205864,5,2525,0,0
205884,5,2525,0,0
205904,5,2524,0,0
205924,5,2524,0,0
205944,5,2524,0,0
205964,5,2524,0,0
205984,5,2524,0,0
206004,5,2524,0,0
206024,5,2524,0,0
206044,5,2524,0,0
206064,5,2524,0,0
206084,5,2524,0,0
206104,5,2523,0,0
206124,5,2523,0,0
206144,5,2523,0,0
206164,5,2523,0,0
206184,5,2523,0,0
206204,5,2523,0,0
206224,5,2523,0,0
206244,5,2523,0,0
206264,5,2522,0,0
206284,5,2522,0,0
206304,5,2522,0,0
206324,5,2522,0,0
206344,5,2522,0,0
206364,5,2522,0,0
206384,5,2522,0,0
206404,5,2522,0,0
206424,5,2522,0,0
206444,5,2522,0,0
206464,5,2521,0,0
206484,5,2521,0,0
206504,5,2521,0,0
206524,5,2521,0,0
206544,5,2521,0,0
206564,5,2521,0,0
206584,5,2521,0,0
206604,5,2520,0,0
206624,5,2520,0,0
206644,5,2520,0,0
206664,5,2520,0,0
206684,5,2520,0,0
206704,5,2520,0,0
206724,5,2520,0,0
206744,5,2520,0,0
206764,5,2519,0,0
206784,5,2519,0,0
206804,5,2519,0,0
206824,5,2519,0,0
206844,5,2519,0,0
206864,5,2519,0,0
206884,5,2519,0,0
206904,5,2519,0,0
206924,5,2519,0,0
206944,5,2519,0,0
206964,5,2519,0,0
206984,5,2518,0,0
207004,5,2518,0,0
207024,5,2518,0,0
207044,5,2518,0,0
207064,5,2518,0,0
207084,5,2518,0,0
207104,5,2518,0,0
207124,5,2518,0,0
207144,5,2518,0,0
207164,5,2518,0,0
207184,5,2518,0,0
207204,5,2518,0,0
207224,5,2518,0,0
207244,5,2518,0,0
207264,5,2518,0,0
207284,5,2517,0,0
207304,5,2517,0,0
207324,5,2517,0,0
207344,5,2517,0,0
207364,5,2517,0,0
207384,5,2517,0,0
207404,5,2517,0,0
207424,5,2517,0,0
207444,5,2517,0,0
207464,5,2517,0,0
207484,5,2517,0,0
207504,5,2517,0,0
207524,5,2517,0,0
207544,5,2517,0,0
207564,5,2517,0,0
207584,5,2517,0,0
207604,5,2517,0,0
207624,5,2517,0,0
207644,5,2517,0,0
207664,5,2516,0,0
207684,5,2516,0,0
207704,5,2516,0,0
207724,5,2516,0,0
207744,5,2516,0,0
207764,5,2516,0,0
207784,5,2516,0,0
207804,5,2516,0,0
207824,5,2516,0,0
207844,5,2516,0,0
207864,5,2515,0,0
207884,5,2515,0,0
207904,5,2515,0,0
207924,5,2515,0,0
207944,5,2515,0,0
207964,5,2515,0,0
207984,5,2514,0,0
208004,5,2514,0,0
208024,5,2514,0,0
208044,5,2514,0,0
208064,5,2514,0,0
208084,5,2513,0,0
208104,5,2513,0,0
208124,5,2513,0,0
208144,5,2513,0,0
208164,5,2513,0,0
208184,5,2513,0,0
208204,5,2513,0,0
208224,5,2512,0,0
208244,5,2512,0,0
208264,5,2512,0,0
208284,5,2512,0,0
208304,5,2512,0,0
208324,5,2512,0,0
208344,5,2512,0,0
208364,5,2512,0,0
208384,5,2511,0,0
208404,5,2511,0,0
208424,5,2511,0,0
208444,5,2511,0,0
208464,5,2511,0,0
208484,5,2511,0,0
208504,5,2511,0,0
208524,5,2511,0,0
208544,5,2511,0,0
208564,5,2510,0,0
208584,5,2510,0,0
208604,5,2510,0,0
208624,5,2510,0,0
208644,5,2510,0,0
208664,5,2510,0,0
208684,5,2510,0,0
208704,5,2510,0,0
208724,5,2510,0,0
208744,5,2509,0,0
208764,5,2509,0,0
208784,5,2509,0,0
208804,5,2509,0,0
208824,5,2509,0,0
208844,5,2509,0,0
208864,5,2509,0,0
208884,5,2509,0,0
208904,5,2509,0,0
208924,5,2509,0,0
208944,5,2508,0,0
208964,5,2508,0,0
208984,5,2508,0,0
209004,5,2508,0,0
209024,5,2508,0,0
209044,5,2508,0,0
209064,5,2508,0,0
209084,5,2508,0,0
209104,5,2508,0,0
209124,5,2508,0,0
209144,5,2508,0,0
209164,5,2508,0,0
209184,5,2507,0,0
209204,5,2507,0,0
209224,5,2507,0,0
209244,5,2507,0,0
209264,5,2507,0,0
209284,5,2507,0,0
209304,5,2507,0,0
209324,5,2506,0,0
209344,5,2506,0,0
209364,5,2506,0,0
209384,5,2506,0,0
209404,5,2506,0,0
209424,5,2506,0,0
209444,5,2506,0,0
209464,5,2506,0,0
209484,5,2506,0,0
209504,5,2506,0,0
209524,5,2505,0,0
209544,5,2505,0,0
209564,5,2505,0,0
209584,5,2505,0,0
209604,5,2505,0,0
209624,5,2505,0,0
209644,5,2505,0,0
209664,5,2504,0,0
209684,5,2504,0,0
209704,5,2504,0,0
209724,5,2504,0,0
209744,5,2504,0,0
209764,5,2504,0,0
209784,5,2503,0,0
209804,5,2503,0,0
209824,5,2503,0,0
209844,5,2503,0,0
209864,5,2503,0,0
209884,5,2503,0,0
209904,5,2502,0,0
209924,5,2502,0,0
209944,5,2502,0,0
209964,5,2502,0,0
209984,5,2502,0,0
210004,5,2502,0,0
210024,5,2501,0,0
210044,5,2501,0,0
210064,5,2501,0,0
210084,5,2501,0,0
210104,5,2501,0,0
210124,5,2501,0,0
210144,5,2501,0,0
210164,5,2500,0,0
210184,5,2500,0,0
210204,5,2500,0,0
210224,5,2500,0,0
210244,5,2500,0,0
210264,5,2500,0,0
210284,5,2500,0,0
210304,5,2500,0,0
210324,5,2500,0,0
210344,5,2499,0,0
210364,5,2499,0,0
210384,5,2499,0,0
210404,5,2499,0,0
210424,5,2499,0,0
210444,5,2499,0,0
210464,5,2499,0,0
210484,5,2499,0,0
210504,5,2499,0,0
210524,5,2499,0,0
210544,5,2499,0,0
210564,5,2499,0,0
210584,5,2499,0,0
210604,5,2499,0,0
210624,5,2499,0,0
210644,5,2499,0,0
210664,5,2499,0,0
210684,5,2499,0,0
210704,5,2499,0,0
210724,5,2499,0,0
210744,5,2498,0,0
210764,5,2498,0,0
210784,5,2498,0,0
210804,5,2498,0,0
210824,5,2498,0,0
210844,5,2498,0,0
210864,5,2498,0,0
210884,5,2498,0,0
210904,5,2497,0,0
210924,5,2497,0,0
210944,5,2497,0,0
210964,5,2497,0,0
210984,5,2497,0,0
211004,5,2496,0,0
211024,5,2496,0,0
211044,5,2496,0,0
211064,5,2496,0,0
211084,5,2496,0,0
211104,5,2496,0,0
211124,5,2496,0,0
211144,5,2495,0,0
211164,5,2495,0,0
211184,5,2495,0,0
211204,5,2495,0,0
211224,5,2495,0,0
211244,5,2495,0,0
211264,5,2495,0,0
211284,5,2495,0,0
211304,5,2494,0,0
211324,5,2494,0,0
211344,5,2494,0,0
211364,5,2494,0,0
211384,5,2494,0,0
211404,5,2494,0,0
211424,5,2494,0,0
211444,5,2494,0,0
211464,5,2494,0,0
211484,5,2494,0,0
211504,5,2494,0,0
211524,5,2493,0,0
211544,5,2493,0,0
211564,5,2493,0,0
211584,5,2493,0,0
211604,5,2493,0,0
211624,5,2493,0,0
211644,5,2493,0,0
211664,5,2493,0,0
211684,5,2493,0,0
211704,5,2493,0,0
211724,5,2493,0,0
211744,5,2493,0,0
211764,5,2493,0,0
211784,5,2493,0,0
211804,5,2493,0,0
211824,5,2492,0,0
211844,5,2492,0,0
211864,5,2492,0,0
211884,5,2492,0,0
211904,5,2492,0,0
211924,5,2492,0,0
211944,5,2492,0,0
211964,5,2492,0,0
211984,5,2491,0,0
212004,5,2491,0,0
212024,5,2491,0,0
212044,5,2491,0,0
212064,5,2491,0,0
212084,5,2491,0,0
212104,5,2490,0,0
212124,5,2490,0,0
212144,5,2490,0,0
212164,5,2490,0,0
212184,5,2489,0,0
212204,5,2489,0,0
212224,5,2489,0,0
212244,5,2489,0,0
212264,5,2489,0,0
212284,5,2489,0,0
212304,5,2488,0,0
212324,5,2488,0,0
212344,5,2488,0,0
212364,5,2488,0,0
212384,5,2488,0,0
212404,5,2488,0,0
212424,5,2488,0,0
212444,5,2488,0,0
212464,5,2488,0,0
212484,5,2487,0,0
212504,5,2487,0,0
212524,5,2487,0,0
212544,5,2487,0,0
212564,5,2487,0,0
212584,5,2487,0,0
212604,5,2487,0,0
212624,5,2487,0,0
212644,5,2487,0,0
212664,5,2487,0,0
212684,5,2486,0,0
212704,5,2486,0,0
212724,5,2486,0,0
212744,5,2486,0,0
212764,5,2486,0,0
212784,5,2486,0,0
212804,5,2486,0,0
212824,5,2486,0,0
212844,5,2486,0,0
212864,5,2486,0,0
212884,5,2486,0,0
212904,5,2486,0,0
212924,5,2486,0,0
212944,5,2486,0,0
212964,5,2486,0,0
212984,5,2486,0,0
213004,5,2486,0,0
213024,5,2486,0,0
213044,5,2485,0,0
213064,5,2485,0,0
213084,5,2485,0,0
213104,5,2485,0,0
213124,5,2485,0,0
213144,5,2485,0,0
213164,5,2485,0,0
213184,5,2484,0,0
213204,5,2484,0,0
213224,5,2484,0,0
213244,5,2484,0,0
213264,5,2484,0,0
213284,5,2484,0,0
213304,5,2483,0,0
213324,5,2483,0,0
213344,5,2483,0,0
213364,5,2483,0,0
213384,5,2483,0,0
213404,5,2483,0,0
213424,5,2483,0,0
213444,5,2483,0,0
213464,5,2483,0,0
213484,5,2482,0,0
213504,5,2482,0,0
213524,5,2482,0,0
213544,5,2482,0,0
213564,5,2482,0,0
213584,5,2482,0,0
213604,5,2482,0,0
213624,5,2482,0,0
213644,5,2481,0,0
213664,5,2481,0,0
213684,5,2481,0,0
213704,5,2481,0,0
213724,5,2481,0,0
213744,5,2481,0,0
213764,5,2481,0,0
213784,5,2481,0,0
213804,5,2481,0,0
213824,5,2481,0,0
213844,5,2480,0,0
213864,5,2480,0,0
213884,5,2480,0,0
213904,5,2480,0,0
213924,5,2480,0,0
213944,5,2480,0,0
213964,5,2480,0,0
213984,5,2480,0,0
214004,5,2480,0,0
214024,5,2479,0,0
214044,5,2479,0,0
214064,5,2479,0,0
214084,5,2479,0,0
214104,5,2479,0,0
214124,5,2479,0,0
214144,5,2479,0,0
214164,5,2479,0,0
214184,5,2479,0,0
214204,5,2479,0,0
214224,5,2479,0,0
214244,5,2479,0,0
214264,5,2479,0,0
214284,5,2478,0,0
214304,5,2478,0,0
214324,5,2478,0,0
214344,5,2478,0,0
214364,5,2478,0,0
214384,5,2478,0,0
214404,5,2478,0,0
214424,5,2478,0,0
214444,5,2478,0,0
214464,5,2477,0,0
214484,5,2477,0,0
214504,5,2477,0,0
214524,5,2477,0,0
214544,5,2477,0,0
214564,5,2477,0,0
214584,5,2476,0,0
214604,5,2476,0,0
214624,5,2476,0,0
214644,5,2476,0,0
214664,5,2476,0,0
214684,5,2476,0,0
214704,5,2476,0,0
214724,5,2476,0,0
214744,5,2475,0,0
214764,5,2475,0,0
214784,5,2475,0,0
214804,5,2475,0,0
214824,5,2475,0,0
214844,5,2475,0,0
214864,5,2475,0,0
214884,5,2475,0,0
214904,5,2475,0,0
214924,5,2475,0,0
214944,5,2474,0,0
214964,5,2474,0,0
214984,5,2474,0,0
215004,5,2474,0,0
215024,5,2474,0,0
215044,5,2474,0,0
215064,5,2474,0,0
215084,5,2474,0,0
215104,5,2474,0,0
215124,5,2473,0,0
215144,5,2473,0,0
215164,5,2473,0,0
215184,5,2473,0,0
215204,5,2473,0,0
215224,5,2473,0,0
215244,5,2473,0,0
215264,5,2473,0,0
215284,5,2473,0,0
215304,5,2473,0,0
215324,5,2473,0,0
215344,5,2473,0,0
215364,5,2472,0,0
215384,5,2472,0,0
215404,5,2472,0,0
215424,5,2472,0,0
215444,5,2472,0,0
215464,5,2472,0,0
215484,5,2472,0,0
215504,5,2472,0,0
215524,5,2472,0,0
215544,5,2472,0,0
215564,5,2472,0,0
215584,5,2472,0,0
215604,5,2472,0,0
215624,5,2472,0,0
215644,5,2472,0,0
215664,5,2472,0,0
215684,5,2472,0,0
215704,5,2472,0,0
215724,5,2472,0,0
215744,5,2471,0,0
215764,5,2471,0,0
215784,5,2471,0,0
215804,5,2471,0,0
215824,5,2471,0,0
215844,5,2470,0,0
215864,5,2470,0,0
215884,5,2470,0,0
215904,5,2470,0,0
215924,5,2470,0,0
215944,5,2469,0,0
215964,5,2469,0,0
215984,5,2469,0,0
216004,5,2469,0,0
216024,5,2469,0,0
216044,5,2468,0,0
216064,5,2468,0,0
216084,5,2468,0,0
216104,5,2468,0,0
216124,5,2468,0,0
216144,5,2468,0,0
216164,5,2468,0,0
216184,5,2467,0,0
216204,5,2467,0,0
216224,5,2467,0,0
216244,5,2467,0,0
216264,5,2467,0,0
216284,5,2467,0,0
216304,5,2466,0,0
216324,5,2466,0,0
216344,5,2466,0,0
216364,5,2466,0,0
216384,5,2466,0,0
216404,5,2466,0,0
216424,5,2466,0,0
216444,5,2466,0,0
216464,5,2466,0,0
216484,5,2466,0,0
216504,5,2465,0,0
216524,5,2465,0,0
216544,5,2465,0,0
216564,5,2465,0,0
216584,5,2465,0,0
216604,5,2465,0,0
216624,5,2465,0,0
216644,5,2465,0,0
216664,5,2465,0,0
216684,5,2465,0,0
216704,5,2464,0,0
216724,5,2464,0,0
216744,5,2464,0,0
216764,5,2464,0,0
216784,5,2464,0,0
216804,5,2464,0,0
216824,5,2463,0,0
216844,5,2463,0,0
216864,5,2463,0,0
216884,5,2463,0,0
216904,5,2463,0,0
216924,5,2463,0,0
216944,5,2463,0,0
216964,5,2462,0,0
216984,5,2462,0,0
217004,5,2462,0,0
217024,5,2462,0,0
217044,5,2462,0,0
217064,5,2462,0,0
217084,5,2462,0,0
217104,5,2462,0,0
217124,5,2462,0,0
217144,5,2461,0,0
217164,5,2461,0,0
217184,5,2461,0,0
217204,5,2461,0,0
217224,5,2461,0,0
217244,5,2461,0,0
217264,5,2461,0,0
217284,5,2461,0,0
217304,5,2461,0,0
217324,5,2461,0,0
217344,5,2461,0,0
217364,5,2461,0,0
217384,5,2461,0,0
217404,5,2461,0,0
217424,5,2461,0,0
217444,5,2461,0,0
217464,5,2460,0,0
217484,5,2460,0,0
217504,5,2460,0,0
217524,5,2460,0,0
217544,5,2460,0,0
217564,5,2460,0,0
217584,5,2460,0,0
217604,5,2460,0,0
217624,5,2460,0,0
217644,5,2460,0,0
217664,5,2460,0,0
217684,5,2459,0,0
217704,5,2459,0,0
217724,5,2459,0,0
217744,5,2459,0,0
217764,5,2459,0,0
217784,5,2459,0,0
217804,5,2459,0,0
217824,5,2459,0,0
217844,5,2459,0,0
217864,5,2458,0,0
217884,5,2458,0,0
217904,5,2458,0,0
217924,5,2458,0,0
217944,5,2458,0,0
217964,5,2458,0,0
217984,5,2458,0,0
218004,5,2458,0,0
218024,5,2458,0,0
218044,5,2458,0,0
218064,5,2457,0,0
218084,5,2457,0,0
218104,5,2457,0,0
218124,5,2457,0,0
218144,5,2457,0,0
218164,5,2457,0,0
218184,5,2456,0,0
218204,5,2456,0,0
218224,5,2456,0,0
218244,5,2456,0,0
218264,5,2456,0,0
218284,5,2456,0,0
218304,5,2455,0,0
218324,5,2455,0,0
218344,5,2455,0,0
218364,5,2455,0,0
218384,5,2455,0,0
218404,5,2455,0,0
218424,5,2455,0,0
218444,5,2455,0,0
218464,5,2455,0,0
218484,5,2454,0,0
218504,5,2454,0,0
218524,5,2454,0,0
218544,5,2454,0,0
218564,5,2454,0,0
218584,5,2454,0,0
218604,5,2453,0,0
218624,5,2453,0,0
218644,5,2453,0,0
218664,5,2453,0,0
218684,5,2453,0,0
218704,5,2453,0,0
218724,5,2453,0,0
218744,5,2453,0,0
218764,5,2453,0,0
218784,5,2452,0,0
218804,5,2452,0,0
218824,5,2452,0,0
218844,5,2452,0,0
218864,5,2452,0,0
218884,5,2452,0,0
218904,5,2452,0,0
218924,5,2452,0,0
218944,5,2452,0,0
218964,5,2452,0,0
218984,5,2452,0,0
219004,5,2452,0,0
219024,5,2451,0,0
219044,5,2451,0,0
219064,5,2451,0,0
219084,5,2451,0,0
219104,5,2451,0,0
219124,5,2451,0,0
219144,5,2451,0,0
219164,5,2451,0,0
219184,5,2451,0,0
219204,5,2451,0,0
219224,5,2451,0,0
219244,5,2450,0,0
219264,5,2450,0,0
219284,5,2450,0,0
219304,5,2450,0,0
219324,5,2450,0,0
219344,5,2450,0,0
219364,5,2450,0,0
219384,5,2450,0,0
219404,5,2450,0,0
219424,5,2450,0,0
219444,5,2450,0,0
219464,5,2449,0,0
219484,5,2449,0,0
219504,5,2449,0,0
219524,5,2449,0,0
219544,5,2449,0,0
219564,5,2449,0,0
219584,5,2449,0,0
219604,5,2449,0,0
219624,5,2449,0,0
219644,5,2448,0,0
219664,5,2448,0,0
219684,5,2448,0,0
219704,5,2448,0,0
219724,5,2448,0,0
219744,5,2448,0,0
219764,5,2448,0,0
219784,5,2447,0,0
219804,5,2447,0,0
219824,5,2447,0,0
219844,5,2447,0,0
219864,5,2447,0,0
219884,5,2447,0,0
219904,5,2446,0,0
219924,5,2446,0,0
219944,5,2446,0,0
219964,5,2446,0,0
219984,5,2446,0,0
220004,5,2446,0,0
220024,5,2446,0,0
220044,5,2446,0,0
220064,5,2445,0,0
220084,5,2445,0,0
220104,5,2445,0,0
220124,5,2445,0,0
220144,5,2445,0,0
220164,5,2445,0,0
220184,5,2445,0,0
220204,5,2445,0,0
220224,5,2445,0,0
220244,5,2445,0,0
220264,5,2445,0,0
220284,5,2445,0,0
220304,5,2444,0,0
220324,5,2444,0,0
220344,5,2444,0,0
220364,5,2444,0,0
220384,5,2444,0,0
220404,5,2444,0,0
220424,5,2444,0,0
220444,5,2444,0,0
220464,5,2444,0,0
220484,5,2443,0,0
220504,5,2443,0,0
220524,5,2443,0,0
220544,5,2443,0,0
220564,5,2443,0,0
220584,5,2443,0,0
220604,5,2443,0,0
220624,5,2443,0,0
220644,5,2443,0,0
220664,5,2442,0,0
220684,5,2442,0,0
220704,5,2442,0,0
220724,5,2442,0,0
220744,5,2442,0,0
220764,5,2442,0,0
220784,5,2441,0,0
220804,5,2441,0,0
220824,5,2441,0,0
220844,5,2441,0,0
220864,5,2441,0,0
220884,5,2441,0,0
220904,5,2441,0,0
220924,5,2441,0,0
220944,5,2441,0,0
220964,5,2440,0,0
220984,5,2440,0,0
221004,5,2440,0,0
221024,5,2440,0,0
221044,5,2440,0,0
221064,5,2440,0,0
221084,5,2440,0,0
221104,5,2440,0,0
221124,5,2440,0,0
221144,5,2440,0,0
221164,5,2440,0,0
221184,5,2439,0,0
221204,5,2439,0,0
221224,5,2439,0,0
221244,5,2439,0,0
221264,5,2439,0,0
221284,5,2439,0,0
221304,5,2439,0,0
221324,5,2439,0,0
221344,5,2439,0,0
221364,5,2439,0,0
221384,5,2438,0,0
221404,5,2438,0,0
221424,5,2438,0,0
221444,5,2438,0,0
221464,5,2438,0,0
221484,5,2438,0,0
221504,5,2438,0,0
221524,5,2438,0,0
221544,5,2438,0,0
221564,5,2437,0,0
221584,5,2437,0,0
221604,5,2437,0,0
221624,5,2437,0,0
221644,5,2437,0,0
221664,5,2437,0,0
221684,5,2437,0,0
221704,5,2437,0,0
221724,5,2437,0,0
221744,5,2436,0,0
221764,5,2436,0,0
221784,5,2436,0,0
221804,5,2436,0,0
221824,5,2436,0,0
221844,5,2436,0,0
221864,5,2436,0,0
221884,5,2436,0,0
221904,5,2436,0,0
221924,5,2435,0,0
221944,5,2435,0,0
221964,5,2435,0,0
221984,5,2435,0,0
222004,5,2435,0,0
222024,5,2435,0,0
222044,5,2435,0,0
222064,5,2435,0,0
222084,5,2435,0,0
222104,5,2435,0,0
222124,5,2434,0,0
222144,5,2434,0,0
222164,5,2434,0,0
222184,5,2434,0,0
222204,5,2434,0,0
222224,5,2434,0,0
222244,5,2434,0,0
222264,5,2434,0,0
222284,5,2434,0,0
222304,5,2434,0,0
222324,5,2433,0,0
222344,5,2433,0,0
222364,5,2433,0,0
222384,5,2433,0,0
222404,5,2433,0,0
222424,5,2433,0,0
222444,5,2433,0,0
222464,5,2433,0,0
222484,5,2432,0,0
222504,5,2432,0,0
222524,5,2432,0,0
222544,5,2432,0,0
222564,5,2432,0,0
222584,5,2432,0,0
222604,5,2432,0,0
222624,5,2431,0,0
222644,5,2431,0,0
222664,5,2431,0,0
222684,5,2431,0,0
222704,5,2431,0,0
222724,5,2431,0,0
222744,5,2431,0,0
222764,5,2430,0,0
222784,5,2430,0,0
222804,5,2430,0,0
222824,5,2430,0,0
222844,5,2430,0,0
222864,5,2430,0,0
222884,5,2430,0,0
222904,5,2429,0,0
222924,5,2429,0,0
222944,5,2429,0,0
222964,5,2429,0,0
222984,5,2429,0,0
223004,5,2429,0,0
223024,5,2429,0,0
223044,5,2429,0,0
223064,5,2428,0,0
223084,5,2428,0,0
223104,5,2428,0,0
223124,5,2428,0,0
223144,5,2428,0,0
223164,5,2428,0,0
223184,5,2428,0,0
223204,5,2427,0,0
223224,5,2427,0,0
223244,5,2427,0,0
223264,5,2427,0,0
223284,5,2427,0,0
223304,5,2427,0,0
223324,5,2427,0,0
223344,5,2427,0,0
223364,5,2427,0,0
223384,5,2427,0,0
223404,5,2426,0,0
223424,5,2426,0,0
223444,5,2426,0,0
223464,5,2426,0,0
223484,5,2426,0,0
223504,5,2426,0,0
223524,5,2426,0,0
223544,5,2426,0,0
223564,5,2426,0,0
223584,5,2425,0,0
223604,5,2425,0,0
223624,5,2425,0,0
223644,5,2425,0,0
223664,5,2425,0,0
223684,5,2425,0,0
223704,5,2425,0,0
223724,5,2425,0,0
223744,5,2425,0,0
223764,5,2425,0,0
223784,5,2425,0,0
223804,5,2424,0,0
223824,5,2424,0,0
223844,5,2424,0,0
223864,5,2424,0,0
223884,5,2424,0,0
223904,5,2424,0,0
223924,5,2424,0,0
223944,5,2424,0,0
223964,5,2424,0,0
223984,5,2424,0,0
224004,5,2423,0,0
224024,5,2423,0,0
224044,5,2423,0,0
224064,5,2423,0,0
224084,5,2423,0,0
224104,5,2423,0,0
224124,5,2423,0,0
224144,5,2423,0,0
224164,5,2423,0,0
224184,5,2423,0,0
224204,5,2423,0,0
224224,5,2422,0,0
224244,5,2422,0,0
224264,5,2422,0,0
224284,5,2422,0,0
224304,5,2422,0,0
224324,5,2422,0,0
224344,5,2422,0,0
224364,5,2422,0,0
224384,5,2422,0,0
224404,5,2422,0,0
224424,5,2422,0,0
224444,5,2422,0,0
224464,5,2422,0,0
224484,5,2421,0,0
224504,5,2421,0,0
224524,5,2421,0,0
224544,5,2421,0,0
224564,5,2421,0,0
224584,5,2421,0,0
224604,5,2421,0,0
224624,5,2420,0,0
224644,5,2420,0,0
224664,5,2420,0,0
224684,5,2420,0,0
224704,5,2420,0,0
224724,5,2420,0,0
224744,5,2420,0,0
224764,5,2420,0,0
224784,5,2419,0,0
224804,5,2419,0,0
224824,5,2419,0,0
224844,5,2419,0,0
224864,5,2419,0,0
224884,5,2419,0,0
224904,5,2418,0,0
224924,5,2418,0,0
224944,5,2418,0,0
224964,5,2418,0,0
224984,5,2418,0,0
225004,5,2418,0,0
225024,5,2417,0,0
225044,5,2417,0,0
225064,5,2417,0,0
225084,5,2417,0,0
225104,5,2417,0,0
225124,5,2417,0,0
225144,5,2417,0,0
225164,5,2417,0,0
225184,5,2417,0,0
225204,5,2417,0,0
225224,5,2417,0,0
225244,5,2417,0,0
225264,5,2417,0,0
225284,5,2416,0,0
225304,5,2416,0,0
225324,5,2416,0,0
225344,5,2416,0,0
225364,5,2416,0,0
225384,5,2416,0,0
225404,5,2416,0,0
225424,5,2416,0,0
225444,5,2416,0,0
225464,5,2416,0,0
225484,5,2416,0,0
225504,5,2416,0,0
225524,5,2416,0,0
225544,5,2416,0,0
225564,5,2415,0,0
225584,5,2415,0,0
225604,5,2415,0,0
225624,5,2415,0,0
225644,5,2415,0,0
225664,5,2415,0,0
225684,5,2415,0,0
225704,5,2415,0,0
225724,5,2415,0,0
225744,5,2415,0,0
225764,5,2414,0,0
225784,5,2414,0,0
225804,5,2414,0,0
225824,5,2414,0,0
225844,5,2414,0,0
225864,5,2414,0,0
225884,5,2414,0,0
225904,5,2414,0,0
225924,5,2414,0,0
225944,5,2413,0,0
225964,5,2413,0,0
225984,5,2413,0,0
226004,5,2413,0,0
226024,5,2413,0,0
226044,5,2412,0,0
226064,5,2412,0,0
226084,5,2412,0,0
226104,5,2411,0,0
226124,5,2411,0,0
226144,5,2411,0,0
226164,5,2411,0,0
226184,5,2411,0,0
226204,5,2411,0,0
226224,5,2411,0,0
226244,5,2411,0,0
226264,5,2410,0,0
226284,5,2410,0,0
226304,5,2410,0,0
226324,5,2410,0,0
226344,5,2410,0,0
226364,5,2410,0,0
226384,5,2410,0,0
226404,5,2409,0,0
226424,5,2409,0,0
226444,5,2409,0,0
226464,5,2409,0,0
226484,5,2409,0,0
226504,5,2408,0,0
226524,5,2408,0,0
226544,5,2408,0,0
226564,5,2408,0,0
226584,5,2408,0,0
226604,5,2408,0,0
226624,5,2408,0,0
226644,5,2408,0,0
226664,5,2408,0,0
226684,5,2408,0,0
226704,5,2408,0,0
226724,5,2407,0,0
226744,5,2407,0,0
226764,5,2407,0,0
226784,5,2407,0,0
226804,5,2407,0,0
226824,5,2407,0,0
226844,5,2407,0,0
226864,5,2406,0,0
226884,5,2406,0,0
226904,5,2406,0,0
226924,5,2406,0,0
226944,5,2406,0,0
226964,5,2406,0,0
226984,5,2406,0,0
227004,5,2406,0,0
227024,5,2406,0,0
227044,5,2405,0,0
227064,5,2405,0,0
227084,5,2405,0,0
227104,5,2405,0,0
227124,5,2405,0,0
227144,5,2405,0,0
227164,5,2405,0,0
227184,5,2405,0,0
227204,5,2405,0,0
227224,5,2405,0,0
227244,5,2405,0,0
227264,5,2405,0,0
227284,5,2405,0,0
227304,5,2405,0,0
227324,5,2404,0,0
227344,5,2404,0,0
227364,5,2404,0,0
227384,5,2404,0,0
227404,5,2404,0,0
227424,5,2404,0,0
227444,5,2404,0,0
227464,5,2404,0,0
227484,5,2404,0,0
227504,5,2404,0,0
227524,5,2404,0,0
227544,5,2404,0,0
227564,5,2404,0,0
227584,5,2404,0,0
227604,5,2404,0,0
227624,5,2404,0,0
227644,5,2404,0,0
227664,5,2404,0,0
227684,5,2404,0,0
227704,5,2403,0,0
227724,5,2403,0,0
227744,5,2403,0,0
227764,5,2403,0,0
227784,5,2403,0,0
227804,5,2403,0,0
227824,5,2403,0,0
227844,5,2403,0,0
227864,5,2403,0,0
227884,5,2403,0,0
227904,5,2403,0,0
227924,5,2403,0,0
227944,5,2403,0,0
227964,5,2403,0,0
227984,5,2403,0,0
228004,5,2403,0,0
228024,5,2402,0,0
228044,5,2402,0,0
228064,5,2402,0,0
228084,5,2402,0,0
228104,5,2402,0,0
228124,5,2402,0,0
228144,5,2402,0,0
228164,5,2402,0,0
228184,5,2401,0,0
228204,5,2401,0,0
228224,5,2401,0,0
228244,5,2401,0,0
228264,5,2401,0,0
228284,5,2401,0,0
228304,5,2400,0,0
228324,5,2400,0,0
228344,5,2400,0,0
228364,5,2400,0,0
228384,5,2400,0,0
228404,5,2400,0,0
228424,5,2399,0,0
228444,5,2399,0,0
228464,5,2399,0,0
228484,5,2399,0,0
228504,5,2399,0,0
228524,5,2398,0,0
228544,5,2398,0,0
228564,5,2398,0,0
228584,5,2398,0,0
228604,5,2398,0,0
228624,5,2398,0,0
228644,5,2397,0,0
228664,5,2397,0,0
228684,5,2397,0,0
228704,5,2397,0,0
228724,5,2397,0,0
228744,5,2397,0,0
228764,5,2397,0,0
228784,5,2396,0,0
228804,5,2396,0,0
228824,5,2396,0,0
228844,5,2396,0,0
228864,5,2396,0,0
228884,5,2396,0,0
228904,5,2396,0,0
228924,5,2396,0,0
228944,5,2396,0,0
228964,5,2396,0,0
228984,5,2396,0,0
229004,5,2396,0,0
229024,5,2396,0,0
229044,5,2396,0,0
229064,5,2396,0,0
229084,5,2396,0,0
229104,5,2396,0,0
229124,5,2395,0,0
229144,5,2396,0,0
229164,5,2396,0,0
229184,5,2396,0,0
229204,5,2396,0,0
229224,5,2396,0,0
229244,5,2396,0,0
229264,5,2396,0,0
229284,5,2396,0,0
229304,5,2396,0,0
229324,5,2396,0,0
229344,5,2396,0,0
229364,5,2395,0,0
229384,5,2395,0,0
229404,5,2395,0,0
229424,5,2395,0,0
229444,5,2395,0,0
229464,5,2395,0,0
229484,5,2395,0,0
229504,5,2394,0,0
229524,5,2394,0,0
229544,5,2394,0,0
229564,5,2394,0,0
229584,5,2394,0,0
229604,5,2393,0,0
229624,5,2393,0,0
229644,5,2393,0,0
229664,5,2393,0,0
229684,5,2392,0,0
229704,5,2392,0,0
229724,5,2392,0,0
229744,5,2392,0,0
229764,5,2392,0,0
229784,5,2392,0,0
229804,5,2391,0,0
229824,5,2391,0,0
229844,5,2391,0,0
229864,5,2391,0,0
229884,5,2390,0,0
229904,5,2390,0,0
229924,5,2390,0,0
229944,5,2390,0,0
229964,5,2390,0,0
229984,5,2389,0,0
230004,5,2389,0,0
230024,5,2389,0,0
230044,5,2389,0,0
230064,5,2389,0,0
230084,5,2389,0,0
230104,5,2389,0,0
230124,5,2388,0,0
230144,5,2388,0,0
230164,5,2388,0,0
230184,5,2388,0,0
230204,5,2388,0,0
230224,5,2388,0,0
230244,5,2388,0,0
230264,5,2388,0,0
230284,5,2388,0,0
230304,5,2388,0,0
230324,5,2388,0,0
230344,5,2388,0,0
230364,5,2388,0,0
230384,5,2388,0,0
230404,5,2388,0,0
230424,5,2388,0,0
230444,5,2387,0,0
230464,5,2387,0,0
230484,5,2387,0,0
230504,5,2387,0,0
230524,5,2387,0,0
230544,5,2387,0,0
230564,5,2387,0,0
230584,5,2387,0,0
230604,5,2387,0,0
230624,5,2387,0,0
230644,5,2387,0,0
230664,5,2386,0,0
230684,5,2386,0,0
230704,5,2386,0,0
230724,5,2386,0,0
230744,5,2386,0,0
230764,5,2386,0,0
230784,5,2385,0,0
230804,5,2385,0,0
230824,5,2385,0,0
230844,5,2385,0,0
230864,5,2385,0,0
230884,5,2385,0,0
230904,5,2385,0,0
230924,5,2385,0,0
230944,5,2384,0,0
230964,5,2384,0,0
230984,5,2384,0,0
231004,5,2384,0,0
231024,5,2384,0,0
231044,5,2384,0,0
231064,5,2384,0,0
231084,5,2384,0,0
231104,5,2384,0,0
231124,5,2384,0,0
231144,5,2384,0,0
231164,5,2384,0,0
231184,5,2384,0,0
231204,5,2383,0,0
231224,5,2383,0,0
231244,5,2383,0,0
231264,5,2383,0,0
231284,5,2383,0,0
231304,5,2383,0,0
231324,5,2383,0,0
231344,5,2382,0,0
231364,5,2382,0,0
231384,5,2382,0,0
231404,5,2382,0,0
231424,5,2382,0,0
231444,5,2382,0,0
231464,5,2382,0,0
231484,5,2382,0,0
231504,5,2382,0,0
231524,5,2381,0,0
231544,5,2381,0,0
231564,5,2381,0,0
231584,5,2381,0,0
231604,5,2381,0,0
231624,5,2381,0,0
231644,5,2381,0,0
231664,5,2381,0,0
231684,5,2381,0,0
231704,5,2381,0,0
231724,5,2381,0,0
231744,5,2381,0,0
231764,5,2381,0,0
231784,5,2381,0,0
231804,5,2381,0,0
231824,5,2381,0,0
231844,5,2381,0,0
231864,5,2381,0,0
231884,5,2381,0,0
231904,5,2381,0,0
231924,5,2381,0,0
231944,5,2381,0,0
231964,5,2381,0,0
231984,5,2380,0,0
232004,5,2380,0,0
232024,5,2380,0,0
232044,5,2380,0,0
232064,5,2380,0,0
232084,5,2380,0,0
232104,5,2380,0,0
232124,5,2379,0,0
232144,5,2379,0,0
232164,5,2379,0,0
232184,5,2379,0,0
232204,5,2379,0,0
232224,5,2379,0,0
232244,5,2378,0,0
232264,5,2378,0,0
232284,5,2378,0,0
232304,5,2378,0,0
232324,5,2378,0,0
232344,5,2378,0,0
232364,5,2378,0,0
232384,5,2377,0,0
232404,5,2377,0,0
232424,5,2377,0,0
232444,5,2377,0,0
232464,5,2377,0,0
232484,5,2377,0,0
232504,5,2377,0,0
232524,5,2376,0,0
232544,5,2376,0,0
232564,5,2376,0,0
232584,5,2376,0,0
232604,5,2376,0,0
232624,5,2376,0,0
232644,5,2376,0,0
232664,5,2376,0,0
232684,5,2375,0,0
232704,5,2375,0,0
232724,5,2375,0,0
232744,5,2375,0,0
232764,5,2375,0,0
232784,5,2375,0,0
232804,5,2375,0,0
232824,5,2375,0,0
232844,5,2374,0,0
232864,5,2374,0,0
232884,5,2374,0,0
232904,5,2374,0,0
232924,5,2374,0,0
232944,5,2373,0,0
232964,5,2373,0,0
232984,5,2373,0,0
233004,5,2373,0,0
233024,5,2373,0,0
233044,5,2373,0,0
233064,5,2373,0,0
233084,5,2373,0,0
233104,5,2373,0,0
233124,5,2372,0,0
233144,5,2372,0,0
233164,5,2372,0,0
233184,5,2372,0,0
233204,5,2372,0,0
233224,5,2372,0,0
233244,5,2372,0,0
233264,5,2371,0,0
233284,5,2371,0,0
233304,5,2371,0,0
233324,5,2371,0,0
233344,5,2371,0,0
233364,5,2371,0,0
233384,5,2371,0,0
233404,5,2371,0,0
233424,5,2370,0,0
233444,5,2370,0,0
233464,5,2370,0,0
233484,5,2370,0,0
233504,5,2370,0,0
233524,5,2370,0,0
233544,5,2370,0,0
233564,5,2370,0,0
233584,5,2370,0,0
233604,5,2370,0,0
233624,5,2369,0,0
233644,5,2369,0,0
233664,5,2369,0,0
233684,5,2369,0,0
233704,5,2369,0,0
233724,5,2369,0,0
233744,5,2369,0,0
233764,5,2369,0,0
233784,5,2369,0,0
233804,5,2368,0,0
233824,5,2368,0,0
233844,5,2368,0,0
233864,5,2368,0,0
233884,5,2368,0,0
233904,5,2368,0,0
233924,5,2368,0,0
233944,5,2368,0,0
233964,5,2368,0,0
233984,5,2368,0,0
234004,5,2368,0,0
234024,5,2368,0,0
234044,5,2367,0,0
234064,5,2367,0,0
234084,5,2367,0,0
234104,5,2367,0,0
234124,5,2367,0,0
234144,5,2367,0,0
234164,5,2367,0,0
234184,5,2367,0,0
234204,5,2367,0,0
234224,5,2367,0,0
234244,5,2367,0,0
234264,5,2366,0,0
234284,5,2366,0,0
234304,5,2366,0,0
234324,5,2366,0,0
234344,5,2366,0,0
234364,5,2366,0,0
234384,5,2366,0,0
234404,5,2366,0,0
234424,5,2366,0,0
234444,5,2366,0,0
234464,5,2366,0,0
234484,5,2365,0,0
234504,5,2365,0,0
234524,5,2365,0,0
234544,5,2365,0,0
234564,5,2365,0,0
234584,5,2365,0,0
234604,5,2365,0,0
234624,5,2365,0,0
234644,5,2365,0,0
234664,5,2365,0,0
234684,5,2364,0,0
234704,5,2364,0,0
234724,5,2364,0,0
234744,5,2364,0,0
234764,5,2364,0,0
234784,5,2364,0,0
234804,5,2364,0,0
234824,5,2364,0,0
234844,5,2363,0,0
234864,5,2363,0,0
234884,5,2363,0,0
234904,5,2363,0,0
234924,5,2363,0,0
234944,5,2363,0,0
234964,5,2362,0,0
234984,5,2362,0,0
235004,5,2362,0,0
235024,5,2362,0,0
235044,5,2362,0,0
235064,5,2362,0,0
235084,5,2362,0,0
235104,5,2361,0,0
235124,5,2361,0,0
235144,5,2361,0,0
235164,5,2361,0,0
235184,5,2361,0,0
235204,5,2361,0,0
235224,5,2361,0,0
235244,5,2361,0,0
235264,5,2361,0,0
235284,5,2361,0,0
235304,5,2360,0,0
235324,5,2360,0,0
235344,5,2360,0,0
235364,5,2360,0,0
235384,5,2360,0,0
235404,5,2360,0,0
235424,5,2360,0,0
235444,5,2360,0,0
235464,5,2360,0,0
235484,5,2360,0,0
235504,5,2359,0,0
235524,5,2359,0,0
235544,5,2359,0,0
235564,5,2359,0,0
235584,5,2359,0,0
235604,5,2359,0,0
235624,5,2359,0,0
235644,5,2359,0,0
235664,5,2359,0,0
235684,5,2359,0,0
235704,5,2359,0,0
235724,5,2358,0,0
235744,5,2358,0,0
235764,5,2358,0,0
235784,5,2358,0,0
235804,5,2358,0,0
235824,5,2358,0,0
235844,5,2358,0,0
235864,5,2357,0,0
235884,5,2357,0,0
235904,5,2357,0,0
235924,5,2357,0,0
235944,5,2357,0,0
235964,5,2357,0,0
235984,5,2357,0,0
236004,5,2356,0,0
236024,5,2356,0,0
236044,5,2356,0,0
236064,5,2356,0,0
236084,5,2356,0,0
236104,5,2356,0,0
236124,5,2356,0,0
236144,5,2355,0,0
236164,5,2355,0,0
236184,5,2355,0,0
236204,5,2355,0,0
236224,5,2355,0,0
236244,5,2355,0,0
236264,5,2355,0,0
236284,5,2355,0,0
236304,5,2355,0,0
236324,5,2354,0,0
236344,5,2354,0,0
236364,5,2354,0,0
236384,5,2354,0,0
236404,5,2354,0,0
236424,5,2354,0,0
236444,5,2354,0,0
236464,5,2353,0,0
236484,5,2353,0,0
236504,5,2353,0,0
236524,5,2353,0,0
236544,5,2353,0,0
236564,5,2353,0,0
236584,5,2352,0,0
236604,5,2352,0,0
236624,5,2352,0,0
236644,5,2352,0,0
236664,5,2352,0,0
236684,5,2352,0,0
236704,5,2352,0,0
236724,5,2352,0,0
236744,5,2352,0,0
236764,5,2352,0,0
236784,5,2352,0,0
236804,5,2352,0,0
236824,5,2351,0,0
236844,5,2351,0,0
236864,5,2351,0,0
236884,5,2351,0,0
236904,5,2351,0,0
236924,5,2351,0,0
236944,5,2351,0,0
236964,5,2351,0,0
236984,5,2351,0,0
237004,5,2351,0,0
237024,5,2351,0,0
237044,5,2351,0,0
237064,5,2351,0,0
237084,5,2351,0,0
237104,5,2350,0,0
237124,5,2350,0,0
237144,5,2350,0,0
237164,5,2350,0,0
237184,5,2350,0,0
237204,5,2350,0,0
237224,5,2350,0,0
237244,5,2350,0,0
237264,5,2349,0,0
237284,5,2349,0,0
237304,5,2349,0,0
237324,5,2349,0,0
237344,5,2349,0,0
237364,5,2349,0,0
237384,5,2349,0,0
237404,5,2349,0,0
237424,5,2349,0,0
237444,5,2348,0,0
237464,5,2348,0,0
237484,5,2348,0,0
237504,5,2348,0,0
237524,5,2348,0,0
237544,5,2348,0,0
237564,5,2348,0,0
237584,5,2348,0,0
237604,5,2347,0,0
237624,5,2347,0,0
237644,5,2347,0,0
237664,5,2347,0,0
237684,5,2347,0,0
237704,5,2347,0,0
237724,5,2347,0,0
237744,5,2347,0,0
237764,5,2346,0,0
237784,5,2346,0,0
237804,5,2346,0,0
237824,5,2346,0,0
237844,5,2346,0,0
237864,5,2346,0,0
237884,5,2346,0,0
237904,5,2346,0,0
237924,5,2346,0,0
237944,5,2346,0,0
237964,5,2345,0,0
237984,5,2345,0,0
238004,5,2345,0,0
238024,5,2345,0,0
238044,5,2345,0,0
238064,5,2345,0,0
238084,5,2345,0,0
238104,5,2345,0,0
238124,5,2345,0,0
238144,5,2344,0,0
238164,5,2344,0,0
238184,5,2344,0,0
238204,5,2344,0,0
238224,5,2344,0,0
238244,5,2344,0,0
238264,5,2344,0,0
238284,5,2344,0,0
238304,5,2344,0,0
238324,5,2343,0,0
238344,5,2343,0,0
238364,5,2343,0,0
238384,5,2343,0,0
238404,5,2343,0,0
238424,5,2343,0,0
238444,5,2343,0,0
238464,5,2343,0,0
238484,5,2342,0,0
238504,5,2342,0,0
238524,5,2342,0,0
238544,5,2342,0,0
238564,5,2342,0,0
238584,5,2342,0,0
238604,5,2342,0,0
238624,5,2341,0,0
238644,5,2341,0,0
238664,5,2341,0,0
238684,5,2341,0,0
238704,5,2341,0,0
238724,5,2341,0,0
238744,5,2341,0,0
238764,5,2341,0,0
238784,5,2341,0,0
238804,5,2341,0,0
238824,5,2341,0,0
238844,5,2340,0,0
238864,5,2340,0,0
238884,5,2340,0,0
238904,5,2340,0,0
238924,5,2340,0,0
238944,5,2340,0,0
238964,5,2340,0,0
238984,5,2340,0,0
239004,5,2340,0,0
239024,5,2340,0,0
239044,5,2340,0,0
239064,5,2340,0,0
239084,5,2339,0,0
239104,5,2339,0,0
239124,5,2339,0,0
239144,5,2339,0,0
239164,5,2339,0,0
239184,5,2339,0,0
239204,5,2339,0,0
239224,5,2339,0,0
239244,5,2339,0,0
239264,5,2339,0,0
239284,5,2339,0,0
239304,5,2339,0,0
239324,5,2339,0,0
239344,5,2338,0,0
239364,5,2338,0,0
239384,5,2338,0,0
239404,5,2338,0,0
239424,5,2338,0,0
239444,5,2338,0,0
239464,5,2338,0,0
239484,5,2338,0,0
239504,5,2337,0,0
239524,5,2337,0,0
239544,5,2337,0,0
239564,5,2337,0,0
239584,5,2337,0,0
239604,5,2337,0,0
239624,5,2337,0,0
239644,5,2336,0,0
239664,5,2336,0,0
239684,5,2336,0,0
239704,5,2336,0,0
239724,5,2336,0,0
239744,5,2336,0,0
239764,5,2336,0,0
239784,5,2335,0,0
239804,5,2335,0,0
239824,5,2335,0,0
239844,5,2335,0,0
239864,5,2335,0,0
239884,5,2335,0,0
239904,5,2335,0,0
239924,5,2334,0,0
239944,5,2334,0,0
239964,5,2334,0,0
239984,5,2334,0,0
240004,5,2334,0,0
240024,5,2334,0,0
240044,5,2334,0,0
240064,5,2334,0,0
240084,5,2333,0,0
240104,5,2333,0,0
240124,5,2333,0,0
240144,5,2333,0,0
240164,5,2333,0,0
240184,5,2333,0,0
240204,5,2333,0,0
240224,5,2332,0,0
240244,5,2332,0,0
240264,5,2332,0,0
240284,5,2332,0,0
240304,5,2332,0,0
240324,5,2332,0,0
240344,5,2332,0,0
240364,5,2332,0,0
240384,5,2332,0,0
240404,5,2332,0,0
240424,5,2332,0,0
240444,5,2332,0,0
240464,5,2332,0,0
240484,5,2332,0,0
240504,5,2332,0,0
240524,5,2331,0,0
240544,5,2331,0,0
240564,5,2331,0,0
240584,5,2331,0,0
240604,5,2331,0,0
240624,5,2331,0,0
240644,5,2331,0,0
240664,5,2331,0,0
240684,5,2331,0,0
240704,5,2331,0,0
240724,5,2330,0,0
240744,5,2330,0,0
240764,5,2330,0,0
240784,5,2330,0,0
240804,5,2330,0,0
240824,5,2330,0,0
240844,5,2330,0,0
240864,5,2330,0,0
240884,5,2330,0,0
240904,5,2330,0,0
240924,5,2330,0,0
240944,5,2330,0,0
240964,5,2329,0,0
240984,5,2329,0,0
241004,5,2329,0,0
241024,5,2329,0,0
241044,5,2329,0,0
241064,5,2329,0,0
241084,5,2328,0,0
241104,5,2328,0,0
241124,5,2328,0,0
241144,5,2328,0,0
241164,5,2328,0,0
241184,5,2328,0,0
241204,5,2328,0,0
241224,5,2327,0,0
241244,5,2327,0,0
241264,5,2327,0,0
241284,5,2327,0,0
241304,5,2327,0,0
241324,5,2327,0,0
241344,5,2326,0,0
241364,5,2326,0,0
241384,5,2326,0,0
241404,5,2326,0,0
241424,5,2326,0,0
241444,5,2326,0,0
241464,5,2326,0,0
241484,5,2326,0,0
241504,5,2326,0,0
241524,5,2325,0,0
241544,5,2325,0,0
241564,5,2325,0,0
241584,5,2325,0,0
241604,5,2325,0,0
241624,5,2325,0,0
241644,5,2325,0,0
241664,5,2325,0,0
241684,5,2324,0,0
241704,5,2324,0,0
241724,5,2324,0,0
241744,5,2324,0,0
241764,5,2324,0,0
241784,5,2324,0,0
241804,5,2324,0,0
241824,5,2324,0,0
241844,5,2324,0,0
241864,5,2324,0,0
241884,5,2323,0,0
241904,5,2323,0,0
241924,5,2323,0,0
241944,5,2323,0,0
241964,5,2323,0,0
241984,5,2323,0,0
242004,5,2323,0,0
242024,5,2323,0,0
242044,5,2323,0,0
242064,5,2323,0,0
242084,5,2322,0,0
242104,5,2322,0,0
242124,5,2322,0,0
242144,5,2322,0,0
242164,5,2322,0,0
242184,5,2322,0,0
242204,5,2322,0,0
242224,5,2322,0,0
242244,5,2322,0,0
242264,5,2321,0,0
242284,5,2321,0,0
242304,5,2321,0,0
242324,5,2321,0,0
242344,5,2321,0,0
242364,5,2321,0,0
242384,5,2321,0,0
242404,5,2321,0,0
242424,5,2321,0,0
242444,5,2321,0,0
242464,5,2321,0,0
242484,5,2320,0,0
242504,5,2320,0,0
242524,5,2320,0,0
242544,5,2320,0,0
242564,5,2320,0,0
242584,5,2320,0,0
242604,5,2320,0,0
242624,5,2320,0,0
242644,5,2319,0,0
242664,5,2319,0,0
242684,5,2319,0,0
242704,5,2319,0,0
242724,5,2319,0,0
242744,5,2319,0,0
242764,5,2318,0,0
242784,5,2318,0,0
242804,5,2318,0,0
242824,5,2318,0,0
242844,5,2318,0,0
242864,5,2318,0,0
242884,5,2318,0,0
242904,5,2318,0,0
242924,5,2318,0,0
242944,5,2317,0,0
242964,5,2317,0,0
242984,5,2317,0,0
243004,5,2317,0,0
243024,5,2317,0,0
243044,5,2317,0,0
243064,5,2317,0,0
243084,5,2317,0,0
243104,5,2317,0,0
243124,5,2317,0,0
243144,5,2316,0,0
243164,5,2316,0,0
243184,5,2316,0,0
243204,5,2316,0,0
243224,5,2316,0,0
243244,5,2316,0,0
243264,5,2316,0,0
243284,5,2316,0,0
243304,5,2316,0,0
243324,5,2316,0,0
243344,5,2316,0,0
243364,5,2316,0,0
243384,5,2316,0,0
243404,5,2315,0,0
243424,5,2315,0,0
243444,5,2315,0,0
243464,5,2315,0,0
243484,5,2315,0,0
243504,5,2315,0,0
243524,5,2315,0,0
243544,5,2315,0,0
243564,5,2315,0,0
243584,5,2315,0,0
243604,5,2314,0,0
243624,5,2314,0,0
243644,5,2314,0,0
243664,5,2314,0,0
243684,5,2314,0,0
243704,5,2314,0,0
243724,5,2314,0,0
243744,5,2314,0,0
243764,5,2314,0,0
243784,5,2314,0,0
243804,5,2313,0,0
243824,5,2313,0,0
243844,5,2313,0,0
243864,5,2313,0,0
243884,5,2313,0,0
243904,5,2313,0,0
243924,5,2312,0,0
243944,5,2312,0,0
243964,5,2312,0,0
243984,5,2312,0,0
244004,5,2312,0,0
244024,5,2312,0,0
244044,5,2312,0,0
244064,5,2312,0,0
244084,5,2311,0,0
244104,5,2311,0,0
244124,5,2311,0,0
244144,5,2311,0,0
244164,5,2311,0,0
244184,5,2311,0,0
244204,5,2311,0,0
244224,5,2311,0,0
244244,5,2311,0,0
244264,5,2311,0,0
244284,5,2310,0,0
244304,5,2310,0,0
244324,5,2310,0,0
244344,5,2310,0,0
244364,5,2310,0,0
244384,5,2310,0,0
244404,5,2310,0,0
244424,5,2310,0,0
244444,5,2310,0,0
244464,5,2310,0,0
244484,5,2310,0,0
244504,5,2309,0,0
244524,5,2309,0,0
244544,5,2309,0,0
244564,5,2309,0,0
244584,5,2309,0,0
244604,5,2309,0,0
244624,5,2309,0,0
244644,5,2308,0,0
244664,5,2308,0,0
244684,5,2308,0,0
244704,5,2308,0,0
244724,5,2308,0,0
244744,5,2308,0,0
244764,5,2308,0,0
244784,5,2307,0,0
244804,5,2307,0,0
244824,5,2307,0,0
244844,5,2307,0,0
244864,5,2307,0,0
244884,5,2307,0,0
244904,5,2306,0,0
244924,5,2306,0,0
244944,5,2306,0,0
244964,5,2306,0,0
244984,5,2306,0,0
245004,5,2306,0,0
245024,5,2306,0,0
245044,5,2306,0,0
245064,5,2306,0,0
245084,5,2305,0,0
245104,5,2305,0,0
245124,5,2305,0,0
245144,5,2305,0,0
245164,5,2305,0,0
245184,5,2305,0,0
245204,5,2305,0,0
245224,5,2305,0,0
245244,5,2305,0,0
245264,5,2305,0,0
245284,5,2305,0,0
245304,5,2305,0,0
245324,5,2304,0,0
245344,5,2304,0,0
245364,5,2304,0,0
245384,5,2304,0,0
245404,5,2304,0,0
245424,5,2304,0,0
245444,5,2304,0,0
245464,5,2304,0,0
245484,5,2303,0,0
245504,5,2303,0,0
245524,5,2303,0,0
245544,5,2303,0,0
245564,5,2303,0,0
245584,5,2303,0,0
245604,5,2303,0,0
245624,5,2303,0,0
245644,5,2302,0,0
245664,5,2302,0,0
245684,5,2302,0,0
245704,5,2302,0,0
245724,5,2302,0,0
245744,5,2302,0,0
245764,5,2302,0,0
245784,5,2301,0,0
245804,5,2301,0,0
245824,5,2301,0,0
245844,5,2301,0,0
245864,5,2301,0,0
245884,5,2301,0,0
245904,5,2301,0,0
245924,5,2301,0,0
245944,5,2300,0,0
245964,5,2300,0,0
245984,5,2300,0,0
246004,5,2300,0,0
246024,5,2300,0,0
246044,5,2300,0,0
246064,5,2300,0,0
246084,5,2300,0,0
246104,5,2300,0,0
246124,5,2300,0,0
246144,5,2299,0,0
246164,5,2299,0,0
246184,5,2299,0,0
246204,5,2299,0,0
246224,5,2299,0,0
246244,5,2299,0,0
246264,5,2298,0,0
246284,5,2298,0,0
246304,5,2298,0,0
246324,5,2298,0,0
246344,5,2298,0,0
246364,5,2298,0,0
246384,5,2298,0,0
246404,5,2298,0,0
246424,5,2298,0,0
246444,5,2297,0,0
246464,5,2297,0,0
246484,5,2297,0,0
246504,5,2297,0,0
246524,5,2297,0,0
246544,5,2297,0,0
246564,5,2297,0,0
246584,5,2297,0,0
246604,5,2297,0,0
246624,5,2297,0,0
246644,5,2297,0,0
246664,5,2297,0,0
246684,5,2297,0,0
246704,5,2296,0,0
246724,5,2296,0,0
246744,5,2296,0,0
246764,5,2296,0,0
246784,5,2296,0,0
246804,5,2296,0,0
246824,5,2296,0,0
246844,5,2296,0,0
246864,5,2295,0,0
246884,5,2295,0,0
246904,5,2295,0,0
246924,5,2295,0,0
246944,5,2295,0,0
246964,5,2295,0,0
246984,5,2295,0,0
247004,5,2295,0,0
247024,5,2295,0,0
247044,5,2295,0,0
247064,5,2294,0,0
247084,5,2294,0,0
247104,5,2294,0,0
247124,5,2294,0,0
247144,5,2294,0,0
247164,5,2294,0,0
247184,5,2294,0,0
247204,5,2294,0,0
247224,5,2294,0,0
247244,5,2294,0,0
247264,5,2293,0,0
247284,5,2293,0,0
247304,5,2293,0,0
247324,5,2293,0,0
247344,5,2293,0,0
247364,5,2293,0,0
247384,5,2293,0,0
247404,5,2293,0,0
247424,5,2293,0,0
247444,5,2293,0,0
247464,5,2293,0,0
247484,5,2292,0,0
247504,5,2292,0,0
247524,5,2292,0,0
247544,5,2292,0,0
247564,5,2292,0,0
247584,5,2292,0,0
247604,5,2292,0,0
247624,5,2292,0,0
247644,5,2291,0,0
247664,5,2291,0,0
247684,5,2291,0,0
247704,5,2291,0,0
247724,5,2291,0,0
247744,5,2291,0,0
247764,5,2291,0,0
247784,5,2290,0,0
247804,5,2290,0,0
247824,5,2290,0,0
247844,5,2290,0,0
247864,5,2290,0,0
247884,5,2290,0,0
247904,5,2290,0,0
247924,5,2289,0,0
247944,5,2289,0,0
247964,5,2289,0,0
247984,5,2289,0,0
248004,5,2289,0,0
248024,5,2289,0,0
248044,5,2288,0,0
248064,5,2288,0,0
248084,5,2288,0,0
248104,5,2288,0,0
248124,5,2288,0,0
248144,5,2288,0,0
248164,5,2288,0,0
248184,5,2287,0,0
248204,5,2287,0,0
248224,5,2287,0,0
248244,5,2287,0,0
248264,5,2287,0,0
248284,5,2287,0,0
248304,5,2287,0,0
248324,5,2287,0,0
248344,5,2287,0,0
248364,5,2287,0,0
248384,5,2287,0,0
248404,5,2286,0,0
248424,5,2286,0,0
248444,5,2286,0,0
248464,5,2286,0,0
248484,5,2286,0,0
248504,5,2286,0,0
248524,5,2286,0,0
248544,5,2286,0,0
248564,5,2286,0,0
248584,5,2286,0,0
248604,5,2286,0,0
248624,5,2285,0,0
248644,5,2285,0,0
248664,5,2285,0,0
248684,5,2285,0,0
248704,5,2285,0,0
248724,5,2285,0,0
248744,5,2285,0,0
248764,5,2285,0,0
248784,5,2285,0,0
248804,5,2285,0,0
248824,5,2284,0,0
248844,5,2284,0,0
248864,5,2284,0,0
248884,5,2284,0,0
248904,5,2284,0,0
248924,5,2284,0,0
248944,5,2284,0,0
248964,5,2284,0,0
248984,5,2284,0,0
249004,5,2283,0,0
249024,5,2283,0,0
249044,5,2283,0,0
249064,5,2283,0,0
249084,5,2283,0,0
249104,5,2283,0,0
249124,5,2283,0,0
249144,5,2283,0,0
249164,5,2283,0,0
249184,5,2282,0,0
249204,5,2282,0,0
249224,5,2282,0,0
249244,5,2282,0,0
249264,5,2282,0,0
249284,5,2282,0,0
249304,5,2282,0,0
249324,5,2282,0,0
249344,5,2282,0,0
249364,5,2282,0,0
249384,5,2282,0,0
249404,5,2281,0,0
249424,5,2281,0,0
249444,5,2281,0,0
249464,5,2281,0,0
249484,5,2281,0,0
249504,5,2281,0,0
249524,5,2281,0,0
249544,5,2281,0,0
249564,5,2280,0,0
249584,5,2280,0,0
249604,5,2280,0,0
249624,5,2280,0,0
249644,5,2280,0,0
249664,5,2280,0,0
249684,5,2280,0,0
249704,5,2280,0,0
249724,5,2280,0,0
249744,5,2280,0,0
249764,5,2279,0,0
249784,5,2279,0,0
249804,5,2279,0,0
249824,5,2279,0,0
249844,5,2279,0,0
249864,5,2279,0,0
249884,5,2279,0,0
249904,5,2278,0,0
249924,5,2278,0,0
249944,5,2278,0,0
249964,5,2278,0,0
249984,5,2278,0,0
250004,5,2278,0,0
250024,5,2278,0,0
250044,5,2278,0,0
250064,5,2278,0,0
250084,5,2278,0,0
250104,5,2278,0,0
250124,5,2278,0,0
250144,5,2277,0,0
250164,5,2277,0,0
250184,5,2277,0,0
250204,5,2277,0,0
250224,5,2277,0,0
250244,5,2277,0,0
250264,5,2277,0,0
250284,5,2277,0,0
250304,5,2277,0,0
250324,5,2277,0,0
250344,5,2276,0,0
250364,5,2276,0,0
250384,5,2276,0,0
250404,5,2276,0,0
250424,5,2276,0,0
250444,5,2276,0,0
250464,5,2276,0,0
250484,5,2276,0,0
250504,5,2275,0,0
250524,5,2275,0,0
250544,5,2275,0,0
250564,5,2275,0,0
250584,5,2275,0,0
250604,5,2275,0,0
250624,5,2275,0,0
250644,5,2275,0,0
250664,5,2275,0,0
250684,5,2275,0,0
250704,5,2275,0,0
250724,5,2275,0,0
250744,5,2274,0,0
250764,5,2274,0,0
250784,5,2274,0,0
250804,5,2274,0,0
250824,5,2274,0,0
250844,5,2274,0,0
250864,5,2274,0,0
250884,5,2273,0,0
250904,5,2273,0,0
250924,5,2273,0,0
250944,5,2273,0,0
250964,5,2273,0,0
250984,5,2273,0,0
251004,5,2272,0,0
251024,5,2272,0,0
251044,5,2272,0,0
251064,5,2272,0,0
251084,5,2272,0,0
251104,5,2272,0,0
251124,5,2272,0,0
251144,5,2272,0,0
251164,5,2272,0,0
251184,5,2272,0,0
251204,5,2272,0,0
251224,5,2272,0,0
251244,5,2271,0,0
251264,5,2271,0,0
251284,5,2271,0,0
251304,5,2271,0,0
251324,5,2271,0,0
251344,5,2271,0,0
251364,5,2271,0,0
251384,5,2271,0,0
251404,5,2270,0,0
251424,5,2270,0,0
251444,5,2270,0,0
251464,5,2270,0,0
251484,5,2270,0,0
251504,5,2270,0,0
251524,5,2270,0,0
251544,5,2269,0,0
251564,5,2269,0,0
251584,5,2269,0,0
251604,5,2269,0,0
251624,5,2269,0,0
251644,5,2269,0,0
251664,5,2269,0,0
251684,5,2269,0,0
251704,5,2269,0,0
251724,5,2268,0,0
251744,5,2268,0,0
251764,5,2268,0,0
251784,5,2268,0,0
251804,5,2268,0,0
251824,5,2268,0,0
251844,5,2268,0,0
251864,5,2268,0,0
251884,5,2268,0,0
251904,5,2267,0,0
251924,5,2267,0,0
251944,5,2267,0,0
251964,5,2267,0,0
251984,5,2267,0,0
252004,5,2267,0,0
252024,5,2267,0,0
252044,5,2267,0,0
252064,5,2267,0,0
252084,5,2267,0,0
252104,5,2266,0,0
252124,5,2266,0,0
252144,5,2266,0,0
252164,5,2266,0,0
252184,5,2266,0,0
252204,5,2266,0,0
252224,5,2266,0,0
252244,5,2266,0,0
252264,5,2266,0,0
252284,5,2266,0,0
252304,5,2265,0,0
252324,5,2265,0,0
252344,5,2265,0,0
252364,5,2265,0,0
252384,5,2265,0,0
252404,5,2265,0,0
252424,5,2265,0,0
252444,5,2265,0,0
252464,5,2265,0,0
252484,5,2265,0,0
252504,5,2264,0,0
252524,5,2264,0,0
252544,5,2264,0,0
252564,5,2264,0,0
252584,5,2264,0,0
252604,5,2264,0,0
252624,5,2264,0,0
252644,5,2264,0,0
252664,5,2264,0,0
252684,5,2264,0,0
252704,5,2264,0,0
252724,5,2264,0,0
252744,5,2263,0,0
252764,5,2263,0,0
252784,5,2263,0,0
252804,5,2263,0,0
252824,5,2263,0,0
252844,5,2263,0,0
252864,5,2263,0,0
252884,5,2263,0,0
252904,5,2262,0,0
252924,5,2262,0,0
252944,5,2262,0,0
252964,5,2262,0,0
252984,5,2262,0,0
253004,5,2262,0,0
253024,5,2262,0,0
253044,5,2262,0,0
253064,5,2261,0,0
253084,5,2261,0,0
253104,5,2261,0,0
253124,5,2261,0,0
253144,5,2261,0,0
253164,5,2261,0,0
253184,5,2261,0,0
253204,5,2260,0,0
253224,5,2260,0,0
253244,5,2260,0,0
253264,5,2260,0,0
253284,5,2260,0,0
253304,5,2260,0,0
253324,5,2259,0,0
253344,5,2259,0,0
253364,5,2259,0,0
253384,5,2259,0,0
253404,5,2259,0,0
253424,5,2258,0,0
253444,5,2258,0,0
253464,5,2258,0,0
253484,5,2258,0,0
253504,5,2258,0,0
253524,5,2258,0,0
253544,5,2258,0,0
253564,5,2258,0,0
253584,5,2258,0,0
253604,5,2257,0,0
253624,5,2257,0,0
253644,5,2257,0,0
253664,5,2257,0,0
253684,5,2257,0,0
253704,5,2257,0,0
253724,5,2257,0,0
253744,5,2257,0,0
253764,5,2257,0,0
253784,5,2257,0,0
253804,5,2257,0,0
253824,5,2257,0,0
253844,5,2257,0,0
253864,5,2257,0,0
253884,5,2257,0,0
253904,5,2256,0,0
253924,5,2256,0,0
253944,5,2256,0,0
253964,5,2256,0,0
253984,5,2256,0,0
254004,5,2256,0,0
254024,5,2256,0,0
254044,5,2255,0,0
254064,5,2255,0,0
254084,5,2255,0,0
254104,5,2255,0,0
254124,5,2255,0,0
254144,5,2255,0,0
254164,5,2255,0,0
254184,5,2255,0,0
254204,5,2254,0,0
254224,5,2254,0,0
254244,5,2254,0,0
254264,5,2254,0,0
254284,5,2254,0,0
254304,5,2254,0,0
254324,5,2254,0,0
254344,5,2254,0,0
254364,5,2254,0,0
254384,5,2253,0,0
254404,5,2253,0,0
254424,5,2253,0,0
254444,5,2253,0,0
254464,5,2253,0,0
254484,5,2253,0,0
254504,5,2253,0,0
254524,5,2253,0,0
254544,5,2253,0,0
254564,5,2253,0,0
254584,5,2252,0,0
254604,5,2252,0,0
254624,5,2252,0,0
254644,5,2252,0,0
254664,5,2252,0,0
254684,5,2252,0,0
254704,5,2252,0,0
254724,5,2252,0,0
254744,5,2252,0,0
254764,5,2252,0,0
254784,5,2251,0,0
254804,5,2251,0,0
254824,5,2251,0,0
254844,5,2251,0,0
254864,5,2251,0,0
254884,5,2251,0,0
254904,5,2250,0,0
254924,5,2250,0,0
254944,5,2250,0,0
254964,5,2250,0,0
254984,5,2250,0,0
255004,5,2250,0,0
255024,5,2250,0,0
255044,5,2250,0,0
255064,5,2249,0,0
255084,5,2249,0,0
255104,5,2249,0,0
255124,5,2249,0,0
255144,5,2249,0,0
255164,5,2248,0,0
255184,5,2249,0,0
255204,5,2248,0,0
255224,5,2248,0,0
255244,5,2248,0,0
255264,5,2248,0,0
255284,5,2248,0,0
255304,5,2248,0,0
255324,5,2247,0,0
255344,5,2247,0,0
255364,5,2247,0,0
255384,5,2247,0,0
255404,5,2247,0,0
255424,5,2247,0,0
255444,5,2247,0,0
255464,5,2247,0,0
255484,5,2247,0,0
255504,5,2247,0,0
255524,5,2247,0,0
255544,5,2247,0,0
255564,5,2247,0,0
255584,5,2246,0,0
255604,5,2246,0,0
255624,5,2246,0,0
255644,5,2246,0,0
255664,5,2246,0,0
255684,5,2246,0,0
255704,5,2246,0,0
255724,5,2246,0,0
255744,5,2246,0,0
255764,5,2246,0,0
255784,5,2246,0,0
255804,5,2246,0,0
255824,5,2246,0,0
255844,5,2245,0,0
255864,5,2245,0,0
255884,5,2245,0,0
255904,5,2245,0,0
255924,5,2245,0,0
255944,5,2245,0,0
255964,5,2245,0,0
255984,5,2245,0,0
256004,5,2245,0,0
256024,5,2245,0,0
256044,5,2244,0,0
256064,5,2244,0,0
256084,5,2244,0,0
256104,5,2244,0,0
256124,5,2244,0,0
256144,5,2244,0,0
256164,5,2244,0,0
256184,5,2243,0,0
256204,5,2243,0,0
256224,5,2243,0,0
256244,5,2243,0,0
256264,5,2243,0,0
256284,5,2243,0,0
256304,5,2243,0,0
256324,5,2243,0,0
256344,5,2243,0,0
256364,5,2242,0,0
256384,5,2242,0,0
256404,5,2242,0,0
256424,5,2242,0,0
256444,5,2242,0,0
256464,5,2242,0,0
256484,5,2241,0,0
256504,5,2241,0,0
256524,5,2241,0,0
256544,5,2241,0,0
256564,5,2241,0,0
256584,5,2241,0,0
256604,5,2241,0,0
256624,5,2240,0,0
256644,5,2240,0,0
256664,5,2240,0,0
256684,5,2240,0,0
256704,5,2240,0,0
256724,5,2240,0,0
256744,5,2239,0,0
256764,5,2239,0,0
256784,5,2239,0,0
256804,5,2239,0,0
256824,5,2239,0,0
256844,5,2239,0,0
256864,5,2239,0,0
256884,5,2239,0,0
256904,5,2239,0,0
256924,5,2238,0,0
256944,5,2238,0,0
256964,5,2238,0,0
256984,5,2238,0,0
257004,5,2238,0,0
257024,5,2238,0,0
257044,5,2238,0,0
257064,5,2238,0,0
257084,5,2238,0,0
257104,5,2238,0,0
257124,5,2238,0,0
257144,5,2238,0,0
257164,5,2238,0,0
257184,5,2238,0,0
257204,5,2237,0,0
257224,5,2237,0,0
257244,5,2237,0,0
257264,5,2237,0,0
257284,5,2237,0,0
257304,5,2237,0,0
257324,5,2237,0,0
257344,5,2237,0,0
257364,5,2237,0,0
257384,5,2237,0,0
257404,5,2237,0,0
257424,5,2237,0,0
257444,5,2237,0,0
257464,5,2236,0,0
257484,5,2236,0,0
257504,5,2236,0,0
257524,5,2236,0,0
257544,5,2236,0,0
257564,5,2236,0,0
257584,5,2236,0,0
257604,5,2236,0,0
257624,5,2236,0,0
257644,5,2236,0,0
257664,5,2236,0,0
257684,5,2235,0,0
257704,5,2235,0,0
257724,5,2235,0,0
257744,5,2235,0,0
257764,5,2235,0,0
257784,5,2235,0,0
257804,5,2235,0,0
257824,5,2235,0,0
257844,5,2234,0,0
257864,5,2234,0,0
257884,5,2234,0,0
257904,5,2234,0,0
257924,5,2234,0,0
257944,5,2233,0,0
257964,5,2233,0,0
257984,5,2233,0,0
258004,5,2233,0,0
258024,5,2233,0,0
258044,5,2233,0,0
258064,5,2233,0,0
258084,5,2233,0,0
258104,5,2233,0,0
258124,5,2233,0,0
258144,5,2232,0,0
258164,5,2232,0,0
258184,5,2232,0,0
258204,5,2232,0,0
258224,5,2232,0,0
258244,5,2232,0,0
258264,5,2232,0,0
258284,5,2232,0,0
258304,5,2232,0,0
258324,5,2232,0,0
258344,5,2232,0,0
258364,5,2232,0,0
258384,5,2231,0,0
258404,5,2231,0,0
258424,5,2231,0,0
258444,5,2231,0,0
258464,5,2231,0,0
258484,5,2231,0,0
258504,5,2231,0,0
258524,5,2231,0,0
258544,5,2231,0,0
258564,5,2231,0,0
258584,5,2231,0,0
258604,5,2230,0,0
258624,5,2230,0,0
258644,5,2230,0,0
258664,5,2230,0,0
258684,5,2230,0,0
258704,5,2230,0,0
258724,5,2229,0,0
258744,5,2229,0,0
258764,5,2229,0,0
258784,5,2229,0,0
258804,5,2229,0,0
258824,5,2229,0,0
258844,5,2229,0,0
258864,5,2229,0,0
258884,5,2228,0,0
258904,5,2228,0,0
258924,5,2228,0,0
258944,5,2228,0,0
258964,5,2228,0,0
258984,5,2228,0,0
259004,5,2228,0,0
259024,5,2228,0,0
259044,5,2227,0,0
259064,5,2227,0,0
259084,5,2227,0,0
259104,5,2227,0,0
259124,5,2227,0,0
259144,5,2227,0,0
259164,5,2227,0,0
259184,5,2227,0,0
259204,5,2226,0,0
259224,5,2226,0,0
259244,5,2226,0,0
259264,5,2226,0,0
259284,5,2226,0,0
259304,5,2226,0,0
259324,5,2226,0,0
259344,5,2226,0,0
259364,5,2226,0,0
259384,5,2226,0,0
259404,5,2226,0,0
259424,5,2226,0,0
259444,5,2226,0,0
259464,5,2226,0,0
259484,5,2226,0,0
259504,5,2225,0,0
259524,5,2225,0,0
259544,5,2225,0,0
259564,5,2225,0,0
259584,5,2225,0,0
259604,5,2225,0,0
259624,5,2225,0,0
259644,5,2225,0,0
259664,5,2225,0,0
259684,5,2225,0,0
259704,5,2225,0,0
259724,5,2225,0,0
259744,5,2225,0,0
259764,5,2224,0,0
259784,5,2224,0,0
259804,5,2224,0,0
259824,5,2224,0,0
259844,5,2224,0,0
259864,5,2224,0,0
259884,5,2224,0,0
259904,5,2224,0,0
259924,5,2223,0,0
259944,5,2223,0,0
259964,5,2223,0,0
259984,5,2223,0,0
260004,5,2223,0,0
260024,5,2223,0,0
260044,5,2222,0,0
260064,5,2222,0,0
260084,5,2222,0,0
260104,5,2222,0,0
260124,5,2222,0,0
260144,5,2222,0,0
260164,5,2222,0,0
260184,5,2222,0,0
260204,5,2222,0,0
260224,5,2221,0,0
260244,5,2221,0,0
260264,5,2221,0,0
260284,5,2221,0,0
260304,5,2221,0,0
260324,5,2221,0,0
260344,5,2220,0,0
260364,5,2220,0,0
260384,5,2220,0,0
260404,5,2220,0,0
260424,5,2220,0,0
260444,5,2220,0,0
260464,5,2220,0,0
260484,5,2220,0,0
260504,5,2219,0,0
260524,5,2219,0,0
260544,5,2219,0,0
260564,5,2219,0,0
260584,5,2219,0,0
260604,5,2219,0,0
260624,5,2219,0,0
260644,5,2219,0,0
260664,5,2218,0,0
260684,5,2218,0,0
260704,5,2218,0,0
260724,5,2218,0,0
260744,5,2218,0,0
260764,5,2218,0,0
260784,5,2218,0,0
260804,5,2218,0,0
260824,5,2217,0,0
260844,5,2217,0,0
260864,5,2217,0,0
260884,5,2217,0,0
260904,5,2217,0,0
260924,5,2217,0,0
260944,5,2217,0,0
260964,5,2217,0,0
260984,5,2217,0,0
261004,5,2217,0,0
261024,5,2217,0,0
261044,5,2216,0,0
261064,5,2216,0,0
261084,5,2216,0,0
261104,5,2216,0,0
261124,5,2216,0,0
261144,5,2216,0,0
261164,5,2216,0,0
261184,5,2215,0,0
261204,5,2215,0,0
261224,5,2215,0,0
261244,5,2215,0,0
261264,5,2215,0,0
261284,5,2215,0,0
261304,5,2215,0,0
261324,5,2214,0,0
261344,5,2214,0,0
261364,5,2214,0,0
261384,5,2214,0,0
261404,5,2214,0,0
261424,5,2214,0,0
261444,5,2213,0,0
261464,5,2213,0,0
261484,5,2213,0,0
261504,5,2213,0,0
261524,5,2213,0,0
261544,5,2213,0,0
261564,5,2213,0,0
261584,5,2212,0,0
261604,5,2212,0,0
261624,5,2212,0,0
261644,5,2212,0,0
261664,5,2211,0,0
261684,5,2211,0,0
261704,5,2211,0,0
261724,5,2211,0,0
261744,5,2211,0,0
261764,5,2211,0,0
261784,5,2211,0,0
261804,5,2211,0,0
261824,5,2211,0,0
261844,5,2211,0,0
261864,5,2211,0,0
261884,5,2211,0,0
261904,5,2211,0,0
261924,5,2211,0,0
261944,5,2211,0,0
261964,5,2211,0,0
261984,5,2211,0,0
262004,5,2211,0,0
262024,5,2210,0,0
262044,5,2211,0,0
262064,5,2210,0,0
262084,5,2210,0,0
262104,5,2210,0,0
262124,5,2210,0,0
262144,5,2210,0,0
262164,5,2210,0,0
262184,5,2210,0,0
262204,5,2210,0,0
262224,5,2210,0,0
262244,5,2210,0,0
262264,5,2210,0,0
262284,5,2209,0,0
262304,5,2209,0,0
262324,5,2209,0,0
262344,5,2209,0,0
262364,5,2209,0,0
262384,5,2209,0,0
262404,5,2209,0,0
262424,5,2209,0,0
262444,5,2208,0,0
262464,5,2208,0,0
262484,5,2208,0,0
262504,5,2208,0,0
262524,5,2208,0,0
262544,5,2208,0,0
262564,5,2208,0,0
262584,5,2208,0,0
262604,5,2208,0,0
262624,5,2208,0,0
262644,5,2208,0,0
262664,5,2208,0,0
262684,5,2207,0,0
262704,5,2207,0,0
262724,5,2207,0,0
262744,5,2207,0,0
262764,5,2207,0,0
262784,5,2207,0,0
262804,5,2207,0,0
262824,5,2207,0,0
262844,5,2207,0,0
262864,5,2206,0,0
262884,5,2206,0,0
262904,5,2206,0,0
262924,5,2206,0,0
262944,5,2206,0,0
262964,5,2206,0,0
262984,5,2206,0,0
263004,5,2205,0,0
263024,5,2205,0,0
263044,5,2205,0,0
263064,5,2205,0,0
263084,5,2205,0,0
263104,5,2205,0,0
263124,5,2205,0,0
263144,5,2205,0,0
263164,5,2205,0,0
263184,5,2205,0,0
263204,5,2205,0,0
263224,5,2205,0,0
263244,5,2204,0,0
263264,5,2204,0,0
263284,5,2204,0,0
263304,5,2204,0,0
263324,5,2204,0,0
263344,5,2204,0,0
263364,5,2204,0,0
263384,5,2204,0,0
263404,5,2204,0,0
263424,5,2204,0,0
263444,5,2204,0,0
263464,5,2204,0,0
263484,5,2204,0,0
263504,5,2204,0,0
263524,5,2204,0,0
263544,5,2204,0,0
263564,5,2204,0,0
263584,5,2204,0,0
263604,5,2204,0,0
263624,5,2203,0,0
263644,5,2203,0,0
263664,5,2203,0,0
263684,5,2203,0,0
263704,5,2203,0,0
263724,5,2203,0,0
263744,5,2202,0,0
263764,5,2202,0,0
263784,5,2202,0,0
263804,5,2202,0,0
263824,5,2202,0,0
263844,5,2201,0,0
263864,5,2201,0,0
263884,5,2201,0,0
263904,5,2201,0,0
263924,5,2201,0,0
263944,5,2201,0,0
263964,5,2201,0,0
263984,5,2201,0,0
264004,5,2200,0,0
264024,5,2200,0,0
264044,5,2200,0,0
264064,5,2200,0,0
264084,5,2200,0,0
264104,5,2199,0,0
264124,5,2199,0,0
264144,5,2199,0,0
264164,5,2199,0,0
264184,5,2199,0,0
264204,5,2198,0,0
264224,5,2198,0,0
264244,5,2198,0,0
264264,5,2198,0,0
264284,5,2198,0,0
264304,5,2198,0,0
264324,5,2198,0,0
264344,5,2197,0,0
264364,5,2197,0,0
264384,5,2197,0,0
264404,5,2197,0,0
264424,5,2197,0,0
264444,5,2197,0,0
264464,5,2197,0,0
264484,5,2197,0,0
264504,5,2197,0,0
264524,5,2197,0,0
264544,5,2196,0,0
264564,5,2196,0,0
264584,5,2196,0,0
264604,5,2196,0,0
264624,5,2196,0,0
264644,5,2196,0,0
264664,5,2196,0,0
264684,5,2196,0,0
264704,5,2196,0,0
264724,5,2196,0,0
264744,5,2195,0,0
264764,5,2196,0,0
264784,5,2195,0,0
264804,5,2195,0,0
264824,5,2195,0,0
264844,5,2195,0,0
264864,5,2195,0,0
264884,5,2195,0,0
264904,5,2194,0,0
264924,5,2194,0,0
264944,5,2194,0,0
264964,5,2194,0,0
264984,5,2194,0,0
265004,5,2194,0,0
265024,5,2194,0,0
265044,5,2194,0,0
265064,5,2194,0,0
265084,5,2193,0,0
265104,5,2193,0,0
265124,5,2193,0,0
265144,5,2193,0,0
265164,5,2193,0,0
265184,5,2193,0,0
265204,5,2193,0,0
265224,5,2193,0,0
265244,5,2193,0,0
265264,5,2192,0,0
265284,5,2192,0,0
265304,5,2192,0,0
265324,5,2192,0,0
265344,5,2192,0,0
265364,5,2192,0,0
265384,5,2192,0,0
265404,5,2192,0,0
265424,5,2192,0,0
265444,5,2192,0,0
265464,5,2192,0,0
265484,5,2192,0,0
265504,5,2191,0,0
265524,5,2191,0,0
265544,5,2191,0,0
265564,5,2191,0,0
265584,5,2191,0,0
265604,5,2191,0,0
265624,5,2191,0,0
265644,5,2191,0,0
265664,5,2191,0,0
265684,5,2191,0,0
265704,5,2191,0,0
265724,5,2190,0,0
265744,5,2190,0,0
265764,5,2190,0,0
265784,5,2190,0,0
265804,5,2190,0,0
265824,5,2190,0,0
265844,5,2190,0,0
265864,5,2190,0,0
265884,5,2190,0,0
265904,5,2189,0,0
265924,5,2189,0,0
265944,5,2189,0,0
265964,5,2189,0,0
265984,5,2189,0,0
266004,5,2189,0,0
266024,5,2189,0,0
266044,5,2189,0,0
266064,5,2189,0,0
266084,5,2189,0,0
266104,5,2189,0,0
266124,5,2189,0,0
266144,5,2189,0,0
266164,5,2188,0,0
266184,5,2188,0,0
266204,5,2188,0,0
266224,5,2188,0,0
266244,5,2188,0,0
266264,5,2188,0,0
266284,5,2188,0,0
266304,5,2188,0,0
266324,5,2188,0,0
266344,5,2188,0,0
266364,5,2187,0,0
266384,5,2187,0,0
266404,5,2187,0,0
266424,5,2187,0,0
266444,5,2187,0,0
266464,5,2187,0,0
266484,5,2187,0,0
266504,5,2187,0,0
266524,5,2186,0,0
266544,5,2186,0,0
266564,5,2186,0,0
266584,5,2186,0,0
266604,5,2186,0,0
266624,5,2186,0,0
266644,5,2185,0,0
266664,5,2185,0,0
266684,5,2185,0,0
266704,5,2185,0,0
266724,5,2185,0,0
266744,5,2184,0,0
266764,5,2184,0,0
266784,5,2184,0,0
266804,5,2184,0,0
266824,5,2184,0,0
266844,5,2184,0,0
266864,5,2184,0,0
266884,5,2184,0,0
266904,5,2183,0,0
266924,5,2183,0,0
266944,5,2183,0,0
266964,5,2183,0,0
266984,5,2183,0,0
267004,5,2183,0,0
267024,5,2183,0,0
267044,5,2183,0,0
267064,5,2183,0,0
267084,5,2182,0,0
267104,5,2182,0,0
267124,5,2182,0,0
267144,5,2182,0,0
267164,5,2182,0,0
267184,5,2182,0,0
267204,5,2182,0,0
267224,5,2181,0,0
267244,5,2181,0,0
267264,5,2181,0,0
267284,5,2181,0,0
267304,5,2181,0,0
267324,5,2181,0,0
267344,5,2181,0,0
267364,5,2181,0,0
267384,5,2181,0,0
267404,5,2180,0,0
267424,5,2180,0,0
267444,5,2180,0,0
267464,5,2180,0,0
267484,5,2180,0,0
267504,5,2180,0,0
267524,5,2180,0,0
267544,5,2179,0,0
267564,5,2179,0,0
267584,5,2179,0,0
267604,5,2179,0,0
267624,5,2179,0,0
267644,5,2179,0,0
267664,5,2179,0,0
267684,5,2179,0,0
267704,5,2179,0,0
267724,5,2178,0,0
267744,5,2178,0,0
267764,5,2178,0,0
267784,5,2178,0,0
267804,5,2178,0,0
267824,5,2178,0,0
267844,5,2178,0,0
267864,5,2178,0,0
267884,5,2178,0,0
267904,5,2178,0,0
267924,5,2178,0,0
267944,5,2177,0,0
267964,5,2178,0,0
267984,5,2177,0,0
268004,5,2177,0,0
268024,5,2177,0,0
268044,5,2177,0,0
268064,5,2177,0,0
268084,5,2177,0,0
268104,5,2176,0,0
268124,5,2176,0,0
268144,5,2176,0,0
268164,5,2176,0,0
268184,5,2176,0,0
268204,5,2176,0,0
268224,5,2176,0,0
268244,5,2176,0,0
268264,5,2175,0,0
268284,5,2175,0,0
268304,5,2175,0,0
268324,5,2175,0,0
268344,5,2175,0,0
268364,5,2175,0,0
268384,5,2175,0,0
268404,5,2175,0,0
268424,5,2174,0,0
268444,5,2174,0,0
268464,5,2174,0,0
268484,5,2174,0,0
268504,5,2174,0,0
268524,5,2174,0,0
268544,5,2174,0,0
268564,5,2173,0,0
268584,5,2173,0,0
268604,5,2173,0,0
268624,5,2173,0,0
268644,5,2173,0,0
268664,5,2173,0,0
268684,5,2173,0,0
268704,5,2173,0,0
268724,5,2173,0,0
268744,5,2172,0,0
268764,5,2172,0,0
268784,5,2172,0,0
268804,5,2172,0,0
268824,5,2172,0,0
268844,5,2172,0,0
268864,5,2172,0,0
268884,5,2172,0,0
268904,5,2172,0,0
268924,5,2172,0,0
268944,5,2171,0,0
268964,5,2171,0,0
268984,5,2171,0,0
269004,5,2171,0,0
269024,5,2171,0,0
269044,5,2171,0,0
269064,5,2171,0,0
269084,5,2171,0,0
269104,5,2171,0,0
269124,5,2171,0,0
269144,5,2171,0,0
269164,5,2171,0,0
269184,5,2171,0,0
269204,5,2171,0,0
269224,5,2171,0,0
269244,5,2171,0,0
269264,5,2171,0,0
269284,5,2170,0,0
269304,5,2170,0,0
269324,5,2171,0,0
269344,5,2170,0,0
269364,5,2170,0,0
269384,5,2170,0,0
269404,5,2170,0,0
269424,5,2170,0,0
269444,5,2170,0,0
269464,5,2170,0,0
269484,5,2170,0,0
269504,5,2170,0,0
269524,5,2170,0,0
269544,5,2169,0,0
269564,5,2169,0,0
269584,5,2169,0,0
269604,5,2169,0,0
269624,5,2169,0,0
269644,5,2169,0,0
269664,5,2168,0,0
269684,5,2168,0,0
269704,5,2168,0,0
269724,5,2168,0,0
269744,5,2168,0,0
269764,5,2168,0,0
269784,5,2167,0,0
269804,5,2167,0,0
269824,5,2167,0,0
269844,5,2167,0,0
269864,5,2167,0,0
269884,5,2167,0,0
269904,5,2167,0,0
269924,5,2166,0,0
269944,5,2166,0,0
269964,5,2166,0,0
269984,5,2166,0,0
270004,5,2166,0,0
270024,5,2166,0,0
270044,5,2166,0,0
270064,5,2166,0,0
270084,5,2166,0,0
270104,5,2166,0,0
270124,5,2166,0,0
270144,5,2165,0,0
270164,5,2165,0,0
270184,5,2165,0,0
270204,5,2165,0,0
270224,5,2165,0,0
270244,5,2165,0,0
270264,5,2164,0,0
270284,5,2164,0,0
270304,5,2164,0,0
270324,5,2164,0,0
270344,5,2164,0,0
270364,5,2164,0,0
270384,5,2164,0,0
270404,5,2163,0,0
270424,5,2163,0,0
270444,5,2163,0,0
270464,5,2163,0,0
270484,5,2163,0,0
270504,5,2163,0,0
270524,5,2162,0,0
270544,5,2162,0,0
270564,5,2162,0,0
270584,5,2162,0,0
270604,5,2162,0,0
270624,5,2161,0,0
270644,5,2161,0,0
270664,5,2161,0,0
270684,5,2161,0,0
270704,5,2161,0,0
270724,5,2161,0,0
270744,5,2161,0,0
270764,5,2161,0,0
270784,5,2160,0,0
270804,5,2160,0,0
270824,5,2160,0,0
270844,5,2160,0,0
270864,5,2160,0,0
270884,5,2160,0,0
270904,5,2160,0,0
270924,5,2160,0,0
270944,5,2160,0,0
270964,5,2160,0,0
270984,5,2160,0,0
271004,5,2160,0,0
271024,5,2160,0,0
271044,5,2160,0,0
271064,5,2160,0,0
271084,5,2159,0,0
271104,5,2159,0,0
271124,5,2159,0,0
271144,5,2159,0,0
271164,5,2159,0,0
271184,5,2159,0,0
271204,5,2159,0,0
271224,5,2159,0,0
271244,5,2159,0,0
271264,5,2159,0,0
271284,5,2159,0,0
271304,5,2159,0,0
271324,5,2159,0,0
271344,5,2159,0,0
271364,5,2159,0,0
271384,5,2159,0,0
271404,5,2158,0,0
271424,5,2158,0,0
271444,5,2158,0,0
271464,5,2158,0,0
271484,5,2158,0,0
271504,5,2158,0,0
271524,5,2158,0,0
271544,5,2158,0,0
271564,5,2157,0,0
271584,5,2157,0,0
271604,5,2157,0,0
271624,5,2157,0,0
271644,5,2157,0,0
271664,5,2157,0,0
271684,5,2156,0,0
271704,5,2156,0,0
271724,5,2156,0,0
271744,5,2156,0,0
271764,5,2156,0,0
271784,5,2156,0,0
271804,5,2155,0,0
271824,5,2155,0,0
271844,5,2155,0,0
271864,5,2155,0,0
271884,5,2155,0,0
271904,5,2155,0,0
271924,5,2155,0,0
271944,5,2155,0,0
271964,5,2155,0,0
271984,5,2154,0,0
272004,5,2154,0,0
272024,5,2154,0,0
272044,5,2154,0,0
272064,5,2154,0,0
272084,5,2154,0,0
272104,5,2154,0,0
272124,5,2154,0,0
272144,5,2153,0,0
272164,5,2153,0,0
272184,5,2153,0,0
272204,5,2153,0,0
272224,5,2153,0,0
272244,5,2153,0,0
272264,5,2153,0,0
272284,5,2153,0,0
272304,5,2153,0,0
272324,5,2153,0,0
272344,5,2153,0,0
272364,5,2153,0,0
272384,5,2153,0,0
272404,5,2153,0,0
272424,5,2153,0,0
272444,5,2152,0,0
272464,5,2152,0,0
272484,5,2152,0,0
272504,5,2152,0,0
272524,5,2152,0,0
272544,5,2152,0,0
272564,5,2151,0,0
272584,5,2151,0,0
272604,5,2151,0,0
272624,5,2151,0,0
272644,5,2151,0,0
272664,5,2151,0,0
272684,5,2151,0,0
272704,5,2150,0,0
272724,5,2150,0,0
272744,5,2150,0,0
272764,5,2150,0,0
272784,5,2150,0,0
272804,5,2150,0,0
272824,5,2150,0,0
272844,5,2150,0,0
272864,5,2149,0,0
272884,5,2149,0,0
272904,5,2149,0,0
272924,5,2149,0,0
272944,5,2149,0,0
272964,5,2149,0,0
272984,5,2149,0,0
273004,5,2149,0,0
273024,5,2149,0,0
273044,5,2149,0,0
273064,5,2148,0,0
273084,5,2148,0,0
273104,5,2148,0,0
273124,5,2148,0,0
273144,5,2148,0,0
273164,5,2148,0,0
273184,5,2148,0,0
273204,5,2148,0,0
273224,5,2148,0,0
273244,5,2147,0,0
273264,5,2147,0,0
273284,5,2147,0,0
273304,5,2147,0,0
273324,5,2147,0,0
273344,5,2147,0,0
273364,5,2147,0,0
273384,5,2146,0,0
273404,5,2146,0,0
273424,5,2146,0,0
273444,5,2146,0,0
273464,5,2146,0,0
273484,5,2146,0,0
273504,5,2146,0,0
273524,5,2146,0,0
273544,5,2146,0,0
273564,5,2146,0,0
273584,5,2146,0,0
273604,5,2145,0,0
273624,5,2145,0,0
273644,5,2145,0,0
273664,5,2145,0,0
273684,5,2145,0,0
273704,5,2145,0,0
273724,5,2145,0,0
273744,5,2144,0,0
273764,5,2144,0,0
273784,5,2144,0,0
273804,5,2144,0,0
273824,5,2144,0,0
273844,5,2144,0,0
273864,5,2144,0,0
273884,5,2143,0,0
273904,5,2143,0,0
273924,5,2143,0,0
273944,5,2143,0,0
273964,5,2143,0,0
273984,5,2143,0,0
274004,5,2142,0,0
274024,5,2142,0,0
274044,5,2142,0,0
274064,5,2142,0,0
274084,5,2142,0,0
274104,5,2142,0,0
274124,5,2142,0,0
274144,5,2142,0,0
274164,5,2142,0,0
274184,5,2142,0,0
274204,5,2142,0,0
274224,5,2141,0,0
274244,5,2141,0,0
274264,5,2141,0,0
274284,5,2141,0,0
274304,5,2141,0,0
274324,5,2141,0,0
274344,5,2141,0,0
274364,5,2141,0,0
274384,5,2141,0,0
274404,5,2141,0,0
274424,5,2141,0,0
274444,5,2141,0,0
274464,5,2141,0,0
274484,5,2140,0,0
274504,5,2140,0,0
274524,5,2140,0,0
274544,5,2140,0,0
274564,5,2140,0,0
274584,5,2140,0,0
274604,5,2140,0,0
274624,5,2140,0,0
274644,5,2140,0,0
274664,5,2140,0,0
274684,5,2140,0,0
274704,5,2139,0,0
274724,5,2139,0,0
274744,5,2139,0,0
274764,5,2139,0,0
274784,5,2139,0,0
274804,5,2139,0,0
274824,5,2139,0,0
274844,5,2139,0,0
274864,5,2138,0,0
274884,5,2138,0,0
274904,5,2138,0,0
274924,5,2138,0,0
274944,5,2138,0,0
274964,5,2138,0,0
274984,5,2138,0,0
275004,5,2138,0,0
275024,5,2137,0,0
275044,5,2137,0,0
275064,5,2137,0,0
275084,5,2137,0,0
275104,5,2137,0,0
275124,5,2137,0,0
275144,5,2137,0,0
275164,5,2137,0,0
275184,5,2137,0,0
275204,5,2137,0,0
275224,5,2137,0,0
275244,5,2137,0,0
275264,5,2137,0,0
275284,5,2136,0,0
275304,5,2136,0,0
275324,5,2136,0,0
275344,5,2136,0,0
275364,5,2136,0,0
275384,5,2136,0,0
275404,5,2136,0,0
275424,5,2136,0,0
275444,5,2135,0,0
275464,5,2135,0,0
275484,5,2135,0,0
275504,5,2135,0,0
275524,5,2135,0,0
275544,5,2135,0,0
275564,5,2135,0,0
275584,5,2135,0,0
275604,5,2135,0,0
275624,5,2134,0,0
275644,5,2134,0,0
275664,5,2134,0,0
275684,5,2134,0,0
275704,5,2134,0,0
275724,5,2134,0,0
275744,5,2134,0,0
275764,5,2134,0,0
275784,5,2134,0,0
275804,5,2133,0,0
275824,5,2133,0,0
275844,5,2133,0,0
275864,5,2133,0,0
275884,5,2133,0,0
275904,5,2133,0,0
275924,5,2133,0,0
275944,5,2133,0,0
275964,5,2133,0,0
275984,5,2133,0,0
276004,5,2133,0,0
276024,5,2133,0,0
276044,5,2133,0,0
276064,5,2132,0,0
276084,5,2132,0,0
276104,5,2132,0,0
276124,5,2132,0,0
276144,5,2132,0,0
276164,5,2132,0,0
276184,5,2132,0,0
276204,5,2132,0,0
276224,5,2132,0,0
276244,5,2132,0,0
276264,5,2132,0,0
276284,5,2131,0,0
276304,5,2131,0,0
276324,5,2131,0,0
276344,5,2131,0,0
276364,5,2131,0,0
276384,5,2130,0,0
276404,5,2130,0,0
276424,5,2130,0,0
276444,5,2130,0,0
276464,5,2129,0,0
276484,5,2129,0,0
276504,5,2129,0,0
276524,5,2129,0,0
276544,5,2129,0,0
276564,5,2129,0,0
276584,5,2129,0,0
276604,5,2128,0,0
276624,5,2128,0,0
276644,5,2128,0,0
276664,5,2128,0,0
276684,5,2128,0,0
276704,5,2127,0,0
276724,5,2127,0,0
276744,5,2127,0,0
276764,5,2127,0,0
276784,5,2127,0,0
276804,5,2127,0,0
276824,5,2127,0,0
276844,5,2127,0,0
276864,5,2126,0,0
276884,5,2126,0,0
276904,5,2126,0,0
276924,5,2126,0,0
276944,5,2126,0,0
276964,5,2126,0,0
276984,5,2126,0,0
277004,5,2126,0,0
277024,5,2126,0,0
277044,5,2126,0,0
277064,5,2126,0,0
277084,5,2126,0,0
277104,5,2126,0,0
277124,5,2125,0,0
277144,5,2125,0,0
277164,5,2125,0,0
277184,5,2125,0,0
277204,5,2125,0,0
277224,5,2125,0,0
277244,5,2125,0,0
277264,5,2125,0,0
277284,5,2125,0,0
277304,5,2125,0,0
277324,5,2125,0,0
277344,5,2125,0,0
277364,5,2125,0,0
277384,5,2124,0,0
277404,5,2124,0,0
277424,5,2124,0,0
277444,5,2124,0,0
277464,5,2124,0,0
277484,5,2124,0,0
277504,5,2124,0,0
277524,5,2124,0,0
277544,5,2124,0,0
277564,5,2124,0,0
277584,5,2123,0,0
277604,5,2123,0,0
277624,5,2123,0,0
277644,5,2123,0,0
277664,5,2123,0,0
277684,5,2123,0,0
277704,5,2123,0,0
277724,5,2123,0,0
277744,5,2123,0,0
277764,5,2123,0,0
277784,5,2123,0,0
277804,5,2122,0,0
277824,5,2122,0,0
277844,5,2122,0,0
277864,5,2122,0,0
277884,5,2122,0,0
277904,5,2122,0,0
277924,5,2122,0,0
277944,5,2122,0,0
277964,5,2122,0,0
277984,5,2122,0,0
278004,5,2121,0,0
278024,5,2121,0,0
278044,5,2121,0,0
278064,5,2121,0,0
278084,5,2121,0,0
278104,5,2121,0,0
278124,5,2121,0,0
278144,5,2121,0,0
278164,5,2121,0,0
278184,5,2120,0,0
278204,5,2120,0,0
278224,5,2120,0,0
278244,5,2120,0,0
278264,5,2120,0,0
278284,5,2120,0,0
278304,5,2120,0,0
278324,5,2120,0,0
278344,5,2120,0,0
278364,5,2119,0,0
278384,5,2119,0,0
278404,5,2119,0,0
278424,5,2119,0,0
278444,5,2119,0,0
278464,5,2119,0,0
278484,5,2119,0,0
278504,5,2119,0,0
278524,5,2119,0,0
278544,5,2119,0,0
278564,5,2119,0,0
278584,5,2119,0,0
278604,5,2119,0,0
278624,5,2119,0,0
278644,5,2119,0,0
278664,5,2119,0,0
278684,5,2118,0,0
278704,5,2118,0,0
278724,5,2118,0,0
278744,5,2118,0,0
278764,5,2118,0,0
278784,5,2118,0,0
278804,5,2118,0,0
278824,5,2118,0,0
278844,5,2118,0,0
278864,5,2118,0,0
278884,5,2118,0,0
278904,5,2117,0,0
278924,5,2117,0,0
278944,5,2117,0,0
278964,5,2117,0,0
278984,5,2117,0,0
279004,5,2117,0,0
279024,5,2116,0,0
279044,5,2116,0,0
279064,5,2116,0,0
279084,5,2116,0,0
279104,5,2116,0,0
279124,5,2115,0,0
279144,5,2115,0,0
279164,5,2115,0,0
279184,5,2115,0,0
279204,5,2115,0,0
279224,5,2115,0,0
279244,5,2115,0,0
279264,5,2115,0,0
279284,5,2114,0,0
279304,5,2114,0,0
279324,5,2114,0,0
279344,5,2114,0,0
279364,5,2114,0,0
279384,5,2114,0,0
279404,5,2114,0,0
279424,5,2113,0,0
279444,5,2113,0,0
279464,5,2113,0,0
279484,5,2113,0,0
279504,5,2113,0,0
279524,5,2113,0,0
279544,5,2113,0,0
279564,5,2113,0,0
279584,5,2112,0,0
279604,5,2112,0,0
279624,5,2112,0,0
279644,5,2112,0,0
279664,5,2112,0,0
279684,5,2112,0,0
279704,5,2112,0,0
279724,5,2111,0,0
279744,5,2111,0,0
279764,5,2111,0,0
279784,5,2111,0,0
279804,5,2111,0,0
279824,5,2111,0,0
279844,5,2110,0,0
279864,5,2110,0,0
279884,5,2110,0,0
279904,5,2110,0,0
279924,5,2110,0,0
279944,5,2110,0,0
279964,5,2110,0,0
279984,5,2109,0,0
280004,5,2109,0,0
280024,5,2109,0,0
280044,5,2109,0,0
280064,5,2109,0,0
280084,5,2109,0,0
280104,5,2108,0,0
280124,5,2108,0,0
280144,5,2108,0,0
280164,5,2108,0,0
280184,5,2108,0,0
280204,5,2108,0,0
280224,5,2108,0,0
280244,5,2108,0,0
280264,5,2108,0,0
280284,5,2108,0,0
280304,5,2108,0,0
280324,5,2108,0,0
280344,5,2108,0,0
280364,5,2108,0,0
280384,5,2108,0,0
280404,5,2108,0,0
280424,5,2108,0,0
280444,5,2108,0,0
280464,5,2108,0,0
280484,5,2108,0,0
280504,5,2107,0,0
280524,5,2107,0,0
280544,5,2107,0,0
280564,5,2107,0,0
280584,5,2107,0,0
280604,5,2107,0,0
280624,5,2107,0,0
280644,5,2106,0,0
280664,5,2106,0,0
280684,5,2106,0,0
280704,5,2106,0,0
280724,5,2106,0,0
280744,5,2106,0,0
280764,5,2106,0,0
280784,5,2106,0,0
280804,5,2105,0,0
280824,5,2105,0,0
280844,5,2105,0,0
280864,5,2105,0,0
280884,5,2105,0,0
280904,5,2105,0,0
280924,5,2105,0,0
280944,5,2105,0,0
280964,5,2105,0,0
280984,5,2105,0,0
281004,5,2105,0,0
281024,5,2105,0,0
281044,5,2105,0,0
281064,5,2104,0,0
281084,5,2104,0,0
281104,5,2104,0,0
281124,5,2104,0,0
281144,5,2104,0,0
281164,5,2104,0,0
281184,5,2104,0,0
281204,5,2104,0,0
281224,5,2104,0,0
281244,5,2104,0,0
281264,5,2104,0,0
281284,5,2104,0,0
281304,5,2104,0,0
281324,5,2103,0,0
281344,5,2103,0,0
281364,5,2103,0,0
281384,5,2103,0,0
281404,5,2103,0,0
281424,5,2103,0,0
281444,5,2103,0,0
281464,5,2103,0,0
281484,5,2103,0,0
281504,5,2103,0,0
281524,5,2103,0,0
281544,5,2103,0,0
281564,5,2103,0,0
281584,5,2103,0,0
281604,5,2102,0,0
281624,5,2102,0,0
281644,5,2102,0,0
281664,5,2102,0,0
281684,5,2102,0,0
281704,5,2102,0,0
281724,5,2102,0,0
281744,5,2101,0,0
281764,5,2101,0,0
281784,5,2101,0,0
281804,5,2101,0,0
281824,5,2101,0,0
281844,5,2101,0,0
281864,5,2101,0,0
281884,5,2101,0,0
281904,5,2101,0,0
281924,5,2100,0,0
281944,5,2100,0,0
281964,5,2100,0,0
281984,5,2100,0,0
282004,5,2100,0,0
282024,5,2099,0,0
282044,5,2099,0,0
282064,5,2099,0,0
282084,5,2099,0,0
282104,5,2099,0,0
282124,5,2099,0,0
282144,5,2099,0,0
282164,5,2098,0,0
282184,5,2098,0,0
282204,5,2098,0,0
282224,5,2098,0,0
282244,5,2098,0,0
282264,5,2098,0,0
282284,5,2098,0,0
282304,5,2097,0,0
282324,5,2097,0,0
282344,5,2097,0,0
282364,5,2097,0,0
282384,5,2097,0,0
282404,5,2097,0,0
282424,5,2097,0,0
282444,5,2097,0,0
282464,5,2097,0,0
282484,5,2097,0,0
282504,5,2097,0,0
282524,5,2097,0,0
282544,5,2096,0,0
282564,5,2096,0,0
282584,5,2096,0,0
282604,5,2096,0,0
282624,5,2096,0,0
282644,5,2096,0,0
282664,5,2096,0,0
282684,5,2095,0,0
282704,5,2095,0,0
282724,5,2095,0,0
282744,5,2095,0,0
282764,5,2095,0,0
282784,5,2095,0,0
282804,5,2095,0,0
282824,5,2095,0,0
282844,5,2094,0,0
282864,5,2094,0,0
282884,5,2094,0,0
282904,5,2094,0,0
282924,5,2094,0,0
282944,5,2094,0,0
282964,5,2094,0,0
282984,5,2093,0,0
283004,5,2093,0,0
283024,5,2093,0,0
283044,5,2093,0,0
283064,5,2093,0,0
283084,5,2093,0,0
283104,5,2093,0,0
283124,5,2093,0,0
283144,5,2092,0,0
283164,5,2092,0,0
283184,5,2092,0,0
283204,5,2092,0,0
283224,5,2092,0,0
283244,5,2092,0,0
283264,5,2092,0,0
283284,5,2091,0,0
283304,5,2091,0,0
283324,5,2091,0,0
283344,5,2091,0,0
283364,5,2091,0,0
283384,5,2091,0,0
283404,5,2091,0,0
283424,5,2090,0,0
283444,5,2090,0,0
283464,5,2090,0,0
283484,5,2090,0,0
283504,5,2090,0,0
283524,5,2090,0,0
283544,5,2090,0,0
283564,5,2090,0,0
283584,5,2090,0,0
283604,5,2090,0,0
283624,5,2090,0,0
283644,5,2090,0,0
283664,5,2090,0,0
283684,5,2090,0,0
283704,5,2090,0,0
283724,5,2090,0,0
283744,5,2090,0,0
283764,5,2090,0,0
283784,5,2089,0,0
283804,5,2089,0,0
283824,5,2089,0,0
283844,5,2089,0,0
283864,5,2089,0,0
283884,5,2089,0,0
283904,5,2089,0,0
283924,5,2089,0,0
283944,5,2089,0,0
283964,5,2088,0,0
283984,5,2088,0,0
284004,5,2088,0,0
284024,5,2088,0,0
284044,5,2088,0,0
284064,5,2088,0,0
284084,5,2088,0,0
284104,5,2088,0,0
284124,5,2088,0,0
284144,5,2088,0,0
284164,5,2088,0,0
284184,5,2087,0,0
284204,5,2087,0,0
284224,5,2087,0,0
284244,5,2087,0,0
284264,5,2087,0,0
284284,5,2087,0,0
284304,5,2087,0,0
284324,5,2087,0,0
284344,5,2086,0,0
284364,5,2086,0,0
284384,5,2086,0,0
284404,5,2086,0,0
284424,5,2086,0,0
284444,5,2086,0,0
284464,5,2086,0,0
284484,5,2086,0,0
284504,5,2086,0,0
284524,5,2086,0,0
284544,5,2086,0,0
284564,5,2086,0,0
284584,5,2086,0,0
284604,5,2086,0,0
284624,5,2086,0,0
284644,5,2086,0,0
284664,5,2086,0,0
284684,5,2086,0,0
284704,5,2086,0,0
284724,5,2086,0,0
284744,5,2085,0,0
284764,5,2085,0,0
284784,5,2085,0,0
284804,5,2085,0,0
284824,5,2085,0,0
284844,5,2085,0,0
284864,5,2085,0,0
284884,5,2084,0,0
284904,5,2084,0,0
284924,5,2084,0,0
284944,5,2084,0,0
284964,5,2084,0,0
284984,5,2083,0,0
285004,5,2083,0,0
285024,5,2083,0,0
285044,5,2083,0,0
285064,5,2083,0,0
285084,5,2082,0,0
285104,5,2082,0,0
285124,5,2082,0,0
285144,5,2082,0,0
285164,5,2082,0,0
285184,5,2082,0,0
285204,5,2081,0,0
285224,5,2081,0,0
285244,5,2081,0,0
285264,5,2081,0,0
285284,5,2081,0,0
285304,5,2081,0,0
285324,5,2081,0,0
285344,5,2081,0,0
285364,5,2081,0,0
285384,5,2080,0,0
285404,5,2080,0,0
285424,5,2080,0,0
285444,5,2080,0,0
285464,5,2080,0,0
285484,5,2080,0,0
285504,5,2080,0,0
285524,5,2080,0,0
285544,5,2080,0,0
285564,5,2079,0,0
285584,5,2079,0,0
285604,5,2079,0,0
285624,5,2079,0,0
285644,5,2079,0,0
285664,5,2079,0,0
285684,5,2079,0,0
285704,5,2079,0,0
285724,5,2078,0,0
285744,5,2078,0,0
285764,5,2078,0,0
285784,5,2078,0,0
285804,5,2078,0,0
285824,5,2078,0,0
285844,5,2078,0,0
285864,5,2078,0,0
285884,5,2078,0,0
285904,5,2078,0,0
285924,5,2078,0,0
285944,5,2078,0,0
285964,5,2078,0,0
285984,5,2078,0,0
286004,5,2078,0,0
286024,5,2078,0,0
286044,5,2077,0,0
286064,5,2077,0,0
286084,5,2077,0,0
286104,5,2077,0,0
286124,5,2077,0,0
286144,5,2077,0,0
286164,5,2077,0,0
286184,5,2077,0,0
286204,5,2077,0,0
286224,5,2076,0,0
286244,5,2076,0,0
286264,5,2076,0,0
286284,5,2076,0,0
286304,5,2076,0,0
286324,5,2076,0,0
286344,5,2076,0,0
286364,5,2076,0,0
286384,5,2075,0,0
286404,5,2075,0,0
286424,5,2075,0,0
286444,5,2075,0,0
286464,5,2075,0,0
286484,5,2075,0,0
286504,5,2075,0,0
286524,5,2074,0,0
286544,5,2074,0,0
286564,5,2074,0,0
286584,5,2074,0,0
286604,5,2074,0,0
286624,5,2074,0,0
286644,5,2074,0,0
286664,5,2074,0,0
286684,5,2073,0,0
286704,5,2073,0,0
286724,5,2073,0,0
286744,5,2073,0,0
286764,5,2073,0,0
286784,5,2072,0,0
286804,5,2072,0,0
286824,5,2072,0,0
286844,5,2072,0,0
286864,5,2072,0,0
286884,5,2072,0,0
286904,5,2071,0,0
286924,5,2071,0,0
286944,5,2071,0,0
286964,5,2071,0,0
286984,5,2071,0,0
287004,5,2071,0,0
287024,5,2070,0,0
287044,5,2070,0,0
287064,5,2070,0,0
287084,5,2070,0,0
287104,5,2070,0,0
287124,5,2070,0,0
287144,5,2070,0,0
287164,5,2069,0,0
287184,5,2069,0,0
287204,5,2069,0,0
287224,5,2069,0,0
287244,5,2069,0,0
287264,5,2069,0,0
287284,5,2069,0,0
287304,5,2069,0,0
287324,5,2069,0,0
287344,5,2069,0,0
287364,5,2069,0,0
287384,5,2069,0,0
287404,5,2068,0,0
287424,5,2068,0,0
287444,5,2068,0,0
287464,5,2068,0,0
287484,5,2068,0,0
287504,5,2068,0,0
287524,5,2068,0,0
287544,5,2068,0,0
287564,5,2068,0,0
287584,5,2069,0,0
287604,5,2068,0,0
287624,5,2068,0,0
287644,5,2068,0,0
287664,5,2068,0,0
287684,5,2068,0,0
287704,5,2068,0,0
287724,5,2068,0,0
287744,5,2068,0,0
287764,5,2068,0,0
287784,5,2068,0,0
287804,5,2067,0,0
287824,5,2067,0,0
287844,5,2067,0,0
287864,5,2067,0,0
287884,5,2067,0,0
287904,5,2066,0,0
287924,5,2066,0,0
287944,5,2066,0,0
287964,5,2066,0,0
287984,5,2066,0,0
288004,5,2066,0,0
288024,5,2065,0,0
288044,5,2065,0,0
288064,5,2065,0,0
288084,5,2065,0,0
288104,5,2065,0,0
288124,5,2065,0,0
288144,5,2065,0,0
288164,5,2065,0,0
288184,5,2065,0,0
288204,5,2065,0,0
288224,5,2065,0,0
288244,5,2064,0,0
288264,5,2064,0,0
288284,5,2064,0,0
288304,5,2064,0,0
288324,5,2064,0,0
288344,5,2064,0,0
288364,5,2064,0,0
288384,5,2064,0,0
288404,5,2064,0,0
288424,5,2064,0,0
288444,5,2064,0,0
288464,5,2064,0,0
288484,5,2064,0,0
288504,5,2064,0,0
288524,5,2063,0,0
288544,5,2063,0,0
288564,5,2063,0,0
288584,5,2063,0,0
288604,5,2063,0,0
288624,5,2063,0,0
288644,5,2063,0,0
288664,5,2063,0,0
288684,5,2063,0,0
288704,5,2063,0,0
288724,5,2063,0,0
288744,5,2063,0,0
288764,5,2063,0,0
288784,5,2063,0,0
288804,5,2063,0,0
288824,5,2062,0,0
288844,5,2062,0,0
288864,5,2062,0,0
288884,5,2062,0,0
288904,5,2062,0,0
288924,5,2062,0,0
288944,5,2062,0,0
288964,5,2061,0,0
288984,5,2061,0,0
289004,5,2061,0,0
289024,5,2061,0,0
289044,5,2061,0,0
289064,5,2061,0,0
289084,5,2060,0,0
289104,5,2060,0,0
289124,5,2060,0,0
289144,5,2060,0,0
289164,5,2060,0,0
289184,5,2060,0,0
289204,5,2059,0,0
289224,5,2059,0,0
289244,5,2059,0,0
289264,5,2059,0,0
289284,5,2059,0,0
289304,5,2059,0,0
289324,5,2059,0,0
289344,5,2059,0,0
289364,5,2059,0,0
289384,5,2058,0,0
289404,5,2058,0,0
289424,5,2058,0,0
289444,5,2058,0,0
289464,5,2058,0,0
289484,5,2058,0,0
289504,5,2057,0,0
289524,5,2057,0,0
289544,5,2057,0,0
289564,5,2057,0,0
289584,5,2057,0,0
289604,5,2057,0,0
289624,5,2057,0,0
289644,5,2057,0,0
289664,5,2057,0,0
289684,5,2057,0,0
289704,5,2057,0,0
289724,5,2057,0,0
289744,5,2057,0,0
289764,5,2057,0,0
289784,5,2057,0,0
289804,5,2057,0,0
289824,5,2057,0,0
289844,5,2057,0,0
289864,5,2057,0,0
289884,5,2057,0,0
289904,5,2056,0,0
289924,5,2056,0,0
289944,5,2056,0,0
289964,5,2056,0,0
289984,5,2056,0,0
290004,5,2056,0,0
290024,5,2056,0,0
290044,5,2055,0,0
290064,5,2055,0,0
290084,5,2055,0,0
290104,5,2055,0,0
290124,5,2055,0,0
290144,5,2055,0,0
290164,5,2055,0,0
290184,5,2055,0,0
290204,5,2054,0,0
290224,5,2054,0,0
290244,5,2054,0,0
290264,5,2054,0,0
290284,5,2054,0,0
290304,5,2053,0,0
290324,5,2053,0,0
290344,5,2053,0,0
290364,5,2053,0,0
290384,5,2052,0,0
290404,5,2052,0,0
290424,5,2052,0,0
290444,5,2052,0,0
290464,5,2052,0,0
290484,5,2051,0,0
290504,5,2051,0,0
290524,5,2051,0,0
290544,5,2051,0,0
290564,5,2051,0,0
290584,5,2051,0,0
290604,5,2051,0,0
290624,5,2051,0,0
290644,5,2051,0,0
290664,5,2050,0,0
290684,5,2050,0,0
290704,5,2050,0,0
290724,5,2050,0,0
290744,5,2050,0,0
290764,5,2050,0,0
290784,5,2050,0,0
290804,5,2050,0,0
290824,5,2050,0,0
290844,5,2050,0,0
290864,5,2050,0,0
290884,5,2050,0,0
290904,5,2049,0,0
290924,5,2049,0,0
290944,5,2049,0,0
290964,5,2049,0,0
290984,5,2049,0,0
291004,5,2049,0,0
291024,5,2049,0,0
291044,5,2049,0,0
291064,5,2049,0,0
291084,5,2049,0,0
291104,5,2049,0,0
291124,5,2048,0,0
291144,5,2048,0,0
291164,5,2049,0,0
291184,5,2048,0,0
291204,5,2048,0,0
291224,5,2048,0,0
291244,5,2048,0,0
291264,5,2048,0,0
291284,5,2048,0,0
291304,5,2048,0,0
291324,5,2048,0,0
291344,5,2048,0,0
291364,5,2047,0,0
291384,5,2047,0,0
291404,5,2047,0,0
291424,5,2047,0,0
291444,5,2047,0,0
291464,5,2047,0,0
291484,5,2047,0,0
291504,5,2047,0,0
291524,5,2047,0,0
291544,5,2047,0,0
291564,5,2047,0,0
291584,5,2047,0,0
291604,5,2047,0,0
291624,5,2046,0,0
291644,5,2046,0,0
291664,5,2046,0,0
291684,5,2046,0,0
291704,5,2046,0,0
291724,5,2046,0,0
291744,5,2046,0,0
291764,5,2046,0,0
291784,5,2045,0,0
291804,5,2045,0,0
291824,5,2045,0,0
291844,5,2045,0,0
291864,5,2045,0,0
291884,5,2045,0,0
291904,5,2045,0,0
291924,5,2045,0,0
291944,5,2045,0,0
291964,5,2045,0,0
291984,5,2045,0,0
292004,5,2045,0,0
292024,5,2045,0,0
292044,5,2044,0,0
292064,5,2044,0,0
292084,5,2044,0,0
292104,5,2044,0,0
292124,5,2044,0,0
292144,5,2044,0,0
292164,5,2044,0,0
292184,5,2044,0,0
292204,5,2044,0,0
292224,5,2044,0,0
292244,5,2044,0,0
292264,5,2044,0,0
292284,5,2044,0,0
292304,5,2044,0,0
292324,5,2044,0,0
292344,5,2043,0,0
292364,5,2043,0,0
292384,5,2043,0,0
292404,5,2043,0,0
292424,5,2042,0,0
292444,5,2042,0,0
292464,5,2042,0,0
292484,5,2042,0,0
292504,5,2042,0,0
292524,5,2042,0,0
292544,5,2042,0,0
292564,5,2042,0,0
292584,5,2042,0,0
292604,5,2042,0,0
292624,5,2042,0,0
292644,5,2042,0,0
292664,5,2041,0,0
292684,5,2041,0,0
292704,5,2041,0,0
292724,5,2040,0,0
292744,5,2040,0,0
292764,5,2040,0,0
292784,5,2040,0,0
292804,5,2040,0,0
292824,5,2040,0,0
292844,5,2040,0,0
292864,5,2040,0,0
292884,5,2039,0,0
292904,5,2039,0,0
292924,5,2039,0,0
292944,5,2039,0,0
292964,5,2039,0,0
292984,5,2039,0,0
293004,5,2039,0,0
293024,5,2038,0,0
293044,5,2038,0,0
293064,5,2038,0,0
293084,5,2038,0,0
293104,5,2038,0,0
293124,5,2038,0,0
293144,5,2038,0,0
293164,5,2038,0,0
293184,5,2038,0,0
293204,5,2038,0,0
293224,5,2038,0,0
293244,5,2037,0,0
293264,5,2037,0,0
293284,5,2037,0,0
293304,5,2037,0,0
293324,5,2037,0,0
293344,5,2037,0,0
293364,5,2037,0,0
293384,5,2036,0,0
293404,5,2036,0,0
293424,5,2036,0,0
293444,5,2036,0,0
293464,5,2036,0,0
293484,5,2036,0,0
293504,5,2036,0,0
293524,5,2036,0,0
293544,5,2036,0,0
293564,5,2036,0,0
293584,5,2035,0,0
293604,5,2035,0,0
293624,5,2035,0,0
293644,5,2035,0,0
293664,5,2035,0,0
293684,5,2035,0,0
293704,5,2034,0,0
293724,5,2034,0,0
293744,5,2034,0,0
293764,5,2034,0,0
293784,5,2034,0,0
293804,5,2034,0,0
293824,5,2034,0,0
293844,5,2034,0,0
293864,5,2034,0,0
293884,5,2033,0,0
293904,5,2033,0,0
293924,5,2033,0,0
293944,5,2033,0,0
293964,5,2033,0,0
293984,5,2033,0,0
294004,5,2033,0,0
294024,5,2033,0,0
294044,5,2033,0,0
294064,5,2032,0,0
294084,5,2032,0,0
294104,5,2032,0,0
294124,5,2032,0,0
294144,5,2032,0,0
294164,5,2032,0,0
294184,5,2032,0,0
294204,5,2031,0,0
294224,5,2031,0,0
294244,5,2031,0,0
294264,5,2031,0,0
294284,5,2031,0,0
294304,5,2031,0,0
294324,5,2031,0,0
294344,5,2031,0,0
294364,5,2031,0,0
294384,5,2031,0,0
294404,5,2030,0,0
294424,5,2030,0,0
294444,5,2030,0,0
294464,5,2030,0,0
294484,5,2030,0,0
294504,5,2030,0,0
294524,5,2030,0,0
294544,5,2030,0,0
294564,5,2029,0,0
294584,5,2029,0,0
294604,5,2029,0,0
294624,5,2029,0,0
294644,5,2029,0,0
294664,5,2029,0,0
294684,5,2029,0,0
294704,5,2029,0,0
294724,5,2029,0,0
294744,5,2029,0,0
294764,5,2029,0,0
294784,5,2029,0,0
294804,5,2029,0,0
294824,5,2029,0,0
294844,5,2029,0,0
294864,5,2029,0,0
294884,5,2028,0,0
294904,5,2028,0,0
294924,5,2028,0,0
294944,5,2028,0,0
294964,5,2028,0,0
294984,5,2028,0,0
295004,5,2028,0,0
295024,5,2028,0,0
295044,5,2028,0,0
295064,5,2028,0,0
295084,5,2027,0,0
295104,5,2027,0,0
295124,5,2027,0,0
295144,5,2027,0,0
295164,5,2027,0,0
295184,5,2027,0,0
295204,5,2027,0,0
295224,5,2027,0,0
295244,5,2026,0,0
295264,5,2026,0,0
295284,5,2026,0,0
295304,5,2026,0,0
295324,5,2026,0,0
295344,5,2026,0,0
295364,5,2026,0,0
295384,5,2026,0,0
295404,5,2025,0,0
295424,5,2025,0,0
295444,5,2025,0,0
295464,5,2025,0,0
295484,5,2025,0,0
295504,5,2025,0,0
295524,5,2025,0,0
295544,5,2025,0,0
295564,5,2024,0,0
295584,5,2024,0,0
295604,5,2024,0,0
295624,5,2024,0,0
295644,5,2024,0,0
295664,5,2024,0,0
295684,5,2024,0,0
295704,5,2024,0,0
295724,5,2024,0,0
295744,5,2024,0,0
295764,5,2023,0,0
295784,5,2023,0,0
295804,5,2023,0,0
295824,5,2023,0,0
295844,5,2023,0,0
295864,5,2023,0,0
295884,5,2023,0,0
295904,5,2023,0,0
295924,5,2023,0,0
295944,5,2023,0,0
295964,5,2023,0,0
295984,5,2023,0,0
296004,5,2023,0,0
296024,5,2023,0,0
296044,5,2023,0,0
296064,5,2023,0,0
296084,5,2023,0,0
296104,5,2023,0,0
296124,5,2023,0,0
296144,5,2023,0,0
296164,5,2023,0,0
296184,5,2022,0,0
296204,5,2022,0,0
296224,5,2022,0,0
296244,5,2022,0,0
296264,5,2021,0,0
296284,5,2021,0,0
296304,5,2021,0,0
296324,5,2021,0,0
296344,5,2020,0,0
296364,5,2020,0,0
296384,5,2020,0,0
296404,5,2020,0,0
296424,5,2020,0,0
296444,5,2020,0,0
296464,5,2019,0,0
296484,5,2019,0,0
296504,5,2019,0,0
296524,5,2019,0,0
296544,5,2019,0,0
296564,5,2019,0,0
296584,5,2019,0,0
296604,5,2019,0,0
296624,5,2019,0,0
296644,5,2018,0,0
296664,5,2018,0,0
296684,5,2018,0,0
296704,5,2018,0,0
296724,5,2018,0,0
296744,5,2018,0,0
296764,5,2018,0,0
296784,5,2018,0,0
296804,5,2018,0,0
296824,5,2017,0,0
296844,5,2017,0,0
296864,5,2017,0,0
296884,5,2017,0,0
296904,5,2017,0,0
296924,5,2017,0,0
296944,5,2017,0,0
296964,5,2017,0,0
296984,5,2016,0,0
297004,5,2016,0,0
297024,5,2016,0,0
297044,5,2016,0,0
297064,5,2016,0,0
297084,5,2016,0,0
297104,5,2016,0,0
297124,5,2016,0,0
297144,5,2015,0,0
297164,5,2015,0,0
297184,5,2015,0,0
297204,5,2015,0,0
297224,5,2015,0,0
297244,5,2015,0,0
297264,5,2015,0,0
297284,5,2015,0,0
297304,5,2015,0,0
297324,5,2015,0,0
297344,5,2015,0,0
297364,5,2015,0,0
297384,5,2014,0,0
297404,5,2014,0,0
297424,5,2014,0,0
297444,5,2014,0,0
297464,5,2015,0,0
297484,5,2015,0,0
297504,5,2014,0,0
297524,5,2014,0,0
297544,5,2014,0,0
297564,5,2014,0,0
297584,5,2014,0,0
297604,5,2014,0,0
297624,5,2014,0,0
297644,5,2014,0,0
297664,5,2014,0,0
297684,5,2014,0,0
297704,5,2014,0,0
297724,5,2014,0,0
297744,5,2014,0,0
297764,5,2014,0,0
297784,5,2014,0,0
297804,5,2013,0,0
297824,5,2013,0,0
297844,5,2013,0,0
297864,5,2013,0,0
297884,5,2013,0,0
297904,5,2013,0,0
297924,5,2012,0,0
297944,5,2012,0,0
297964,5,2012,0,0
297984,5,2012,0,0
298004,5,2012,0,0
298024,5,2011,0,0
298044,5,2011,0,0
298064,5,2011,0,0
298084,5,2011,0,0
298104,5,2010,0,0
298124,5,2010,0,0
298144,5,2010,0,0
298164,5,2010,0,0
298184,5,2010,0,0
298204,5,2010,0,0
298224,5,2010,0,0
298244,5,2009,0,0
298264,5,2009,0,0
298284,5,2009,0,0
298304,5,2009,0,0
298324,5,2009,0,0
298344,5,2009,0,0
298364,5,2009,0,0
298384,5,2009,0,0
298404,5,2009,0,0
298424,5,2009,0,0
298444,5,2009,0,0
298464,5,2009,0,0
298484,5,2008,0,0
298504,5,2008,0,0
298524,5,2008,0,0
298544,5,2008,0,0
298564,5,2008,0,0
298584,5,2008,0,0
298604,5,2008,0,0
298624,5,2008,0,0
298644,5,2008,0,0
298664,5,2008,0,0
298684,5,2008,0,0
298704,5,2007,0,0
298724,5,2007,0,0
298744,5,2007,0,0
298764,5,2007,0,0
298784,5,2007,0,0
298804,5,2007,0,0
298824,5,2007,0,0
298844,5,2007,0,0
298864,5,2006,0,0
298884,5,2006,0,0
298904,5,2006,0,0
298924,5,2006,0,0
298944,5,2006,0,0
298964,5,2006,0,0
298984,5,2005,0,0
299004,5,2005,0,0
299024,5,2005,0,0
299044,5,2005,0,0
299064,5,2005,0,0
299084,5,2005,0,0
299104,5,2004,0,0
299124,5,2004,0,0
299144,5,2004,0,0
299164,5,2004,0,0
299184,5,2004,0,0
299204,5,2004,0,0
299224,5,2004,0,0
299244,5,2004,0,0
299264,5,2004,0,0
299284,5,2003,0,0
299304,5,2003,0,0
299324,5,2003,0,0
299344,5,2003,0,0
299364,5,2003,0,0
299384,5,2003,0,0
299404,5,2003,0,0
299424,5,2003,0,0
299444,5,2003,0,0
299464,5,2003,0,0
299484,5,2003,0,0
299504,5,2003,0,0
299524,5,2003,0,0
299544,5,2002,0,0
299564,5,2002,0,0
299584,5,2002,0,0
299604,5,2002,0,0
299624,5,2002,0,0
299644,5,2002,0,0
299664,5,2002,0,0
299684,5,2002,0,0
299704,5,2002,0,0
299724,5,2002,0,0
299744,5,2002,0,0
299764,5,2002,0,0
299784,5,2001,0,0
299804,5,2001,0,0
299824,5,2001,0,0
299844,5,2001,0,0
299864,5,2001,0,0
299884,5,2001,0,0
299904,5,2001,0,0
299924,5,2000,0,0
299944,5,2001,0,0
299964,5,2000,0,0
299984,5,2000,0,0
300004,5,2000,0,0
300024,5,2000,0,0
300044,5,2000,0,0
300064,5,2000,0,0
300084,5,2000,0,0
300104,5,2000,0,0
300124,5,2000,0,0
300144,5,2000,0,0
300164,5,2000,0,0
300184,5,1999,0,0
300204,5,1999,0,0
300224,5,1999,0,0
300244,5,1999,0,0
300264,5,1999,0,0
300284,5,1999,0,0
300304,5,1999,0,0
300324,5,1999,0,0
300344,5,1998,0,0
300364,5,1998,0,0
300384,5,1998,0,0
300404,5,1998,0,0
300424,5,1998,0,0
300444,5,1998,0,0
300464,5,1998,0,0
300484,5,1998,0,0
300504,5,1998,0,0
300524,5,1997,0,0
300544,5,1997,0,0
300564,5,1997,0,0
300584,5,1997,0,0
300604,5,1997,0,0
300624,5,1997,0,0
300644,5,1997,0,0
300664,5,1997,0,0
300684,5,1997,0,0
300704,5,1997,0,0
300724,5,1997,0,0
300744,5,1997,0,0
300764,5,1996,0,0
300784,5,1996,0,0
300804,5,1996,0,0
300824,5,1996,0,0
300844,5,1996,0,0
300864,5,1996,0,0
300884,5,1996,0,0
300904,5,1996,0,0
300924,5,1996,0,0
300944,5,1995,0,0
300964,5,1995,0,0
300984,5,1995,0,0
301004,5,1995,0,0
301024,5,1995,0,0
301044,5,1995,0,0
301064,5,1995,0,0
301084,5,1994,0,0
301104,5,1994,0,0
301124,5,1994,0,0
301144,5,1994,0,0
301164,5,1994,0,0
301184,5,1994,0,0
301204,5,1994,0,0
301224,5,1994,0,0
301244,5,1994,0,0
301264,5,1994,0,0
301284,5,1994,0,0
301304,5,1993,0,0
301324,5,1993,0,0
301344,5,1993,0,0
301364,5,1993,0,0
301384,5,1993,0,0
301404,5,1993,0,0
301424,5,1993,0,0
301444,5,1993,0,0
301464,5,1993,0,0
301484,5,1993,0,0
301504,5,1993,0,0
301524,5,1992,0,0
301544,5,1992,0,0
301564,5,1992,0,0
301584,5,1992,0,0
301604,5,1992,0,0
301624,5,1992,0,0
301644,5,1992,0,0
301664,5,1991,0,0
301684,5,1991,0,0
301704,5,1991,0,0
301724,5,1991,0,0
301744,5,1991,0,0
301764,5,1991,0,0
301784,5,1991,0,0
301804,5,1991,0,0
301824,5,1991,0,0
301844,5,1991,0,0
301864,5,1990,0,0
301884,5,1990,0,0
301904,5,1990,0,0
301924,5,1990,0,0
301944,5,1990,0,0
301964,5,1990,0,0
301984,5,1990,0,0
302004,5,1989,0,0
302024,5,1989,0,0
302044,5,1989,0,0
302064,5,1989,0,0
302084,5,1989,0,0
302104,5,1989,0,0
302124,5,1989,0,0
302144,5,1988,0,0
302164,5,1988,0,0
302184,5,1988,0,0
302204,5,1988,0,0
302224,5,1988,0,0
302244,5,1988,0,0
302264,5,1988,0,0
302284,5,1987,0,0
302304,5,1987,0,0
302324,5,1987,0,0
302344,5,1987,0,0
302364,5,1987,0,0
302384,5,1987,0,0
302404,5,1987,0,0
302424,5,1987,0,0
302444,5,1987,0,0
302464,5,1987,0,0
302484,5,1987,0,0
302504,5,1987,0,0
302524,5,1986,0,0
302544,5,1986,0,0
302564,5,1986,0,0
302584,5,1986,0,0
302604,5,1986,0,0
302624,5,1986,0,0
302644,5,1986,0,0
302664,5,1986,0,0
302684,5,1986,0,0
302704,5,1985,0,0
302724,5,1985,0,0
302744,5,1985,0,0
302764,5,1985,0,0
302784,5,1985,0,0
302804,5,1985,0,0
302824,5,1985,0,0
302844,5,1985,0,0
302864,5,1985,0,0
302884,5,1985,0,0
302904,5,1985,0,0
302924,5,1984,0,0
302944,5,1984,0,0
302964,5,1984,0,0
302984,5,1984,0,0
303004,5,1984,0,0
303024,5,1984,0,0
303044,5,1984,0,0
303064,5,1984,0,0
303084,5,1983,0,0
303104,5,1983,0,0
303124,5,1983,0,0
303144,5,1983,0,0
303164,5,1983,0,0
303184,5,1983,0,0
303204,5,1983,0,0
303224,5,1982,0,0
303244,5,1982,0,0
303264,5,1982,0,0
303284,5,1982,0,0
303304,5,1982,0,0
303324,5,1981,0,0
303344,5,1981,0,0
303364,5,1981,0,0
303384,5,1981,0,0
303404,5,1981,0,0
303424,5,1981,0,0
303444,5,1980,0,0
303464,5,1980,0,0
303484,5,1980,0,0
303504,5,1980,0,0
303524,5,1980,0,0
303544,5,1980,0,0
303564,5,1980,0,0
303584,5,1980,0,0
303604,5,1980,0,0
303624,5,1979,0,0
303644,5,1979,0,0
303664,5,1979,0,0
303684,5,1979,0,0
303704,5,1979,0,0
303724,5,1979,0,0
303744,5,1979,0,0
303764,5,1979,0,0
303784,5,1979,0,0
303804,5,1979,0,0
303824,5,1979,0,0
303844,5,1978,0,0
303864,5,1978,0,0
303884,5,1978,0,0
303904,5,1978,0,0
303924,5,1978,0,0
303944,5,1978,0,0
303964,5,1978,0,0
303984,5,1978,0,0
304004,5,1978,0,0
304024,5,1978,0,0
304044,5,1978,0,0
304064,5,1978,0,0
304084,5,1978,0,0
304104,5,1978,0,0
304124,5,1978,0,0
304144,5,1977,0,0
304164,5,1977,0,0
304184,5,1977,0,0
304204,5,1977,0,0
304224,5,1977,0,0
304244,5,1977,0,0
304264,5,1976,0,0
304284,5,1976,0,0
304304,5,1976,0,0
304324,5,1976,0,0
304344,5,1976,0,0
304364,5,1976,0,0
304384,5,1976,0,0
304404,5,1975,0,0
304424,5,1975,0,0
304444,5,1975,0,0
304464,5,1975,0,0
304484,5,1975,0,0
304504,5,1975,0,0
304524,5,1975,0,0
304544,5,1975,0,0
304564,5,1974,0,0
304584,5,1974,0,0
304604,5,1974,0,0
304624,5,1974,0,0
304644,5,1974,0,0
304664,5,1974,0,0
304684,5,1974,0,0
304704,5,1973,0,0
304724,5,1973,0,0
304744,5,1973,0,0
304764,5,1973,0,0
304784,5,1973,0,0
304804,5,1973,0,0
304824,5,1973,0,0
304844,5,1973,0,0
304864,5,1972,0,0
304884,5,1972,0,0
304904,5,1972,0,0
304924,5,1972,0,0
304944,5,1972,0,0
304964,5,1972,0,0
304984,5,1972,0,0
305004,5,1972,0,0
305024,5,1972,0,0
305044,5,1972,0,0
305064,5,1972,0,0
305084,5,1971,0,0
305104,5,1971,0,0
305124,5,1971,0,0
305144,5,1971,0,0
305164,5,1971,0,0
305184,5,1971,0,0
305204,5,1971,0,0
305224,5,1971,0,0
305244,5,1970,0,0
305264,5,1970,0,0
305284,5,1970,0,0
305304,5,1970,0,0
305324,5,1970,0,0
305344,5,1970,0,0
305364,5,1970,0,0
305384,5,1969,0,0
305404,5,1969,0,0
305424,5,1969,0,0
305444,5,1969,0,0
305464,5,1969,0,0
305484,5,1969,0,0
305504,5,1969,0,0
305524,5,1969,0,0
305544,5,1968,0,0
305564,5,1968,0,0
305584,5,1968,0,0
305604,5,1968,0,0
305624,5,1968,0,0
305644,5,1968,0,0
305664,5,1968,0,0
305684,5,1968,0,0
305704,5,1968,0,0
305724,5,1967,0,0
305744,5,1967,0,0
305764,5,1967,0,0
305784,5,1967,0,0
305804,5,1967,0,0
305824,5,1967,0,0
305844,5,1967,0,0
305864,5,1967,0,0
305884,5,1967,0,0
305904,5,1967,0,0
305924,5,1967,0,0
305944,5,1967,0,0
305964,5,1967,0,0
305984,5,1967,0,0
306004,5,1967,0,0
306024,5,1967,0,0
306044,5,1966,0,0
306064,5,1966,0,0
306084,5,1966,0,0
306104,5,1966,0,0
306124,5,1966,0,0
306144,5,1966,0,0
306164,5,1966,0,0
306184,5,1966,0,0
306204,5,1966,0,0
306224,5,1966,0,0
306244,5,1965,0,0
306264,5,1965,0,0
306284,5,1965,0,0
306304,5,1965,0,0
306324,5,1965,0,0
306344,5,1965,0,0
306364,5,1964,0,0
306384,5,1964,0,0
306404,5,1964,0,0
306424,5,1964,0,0
306444,5,1964,0,0
306464,5,1964,0,0
306484,5,1964,0,0
306504,5,1964,0,0
306524,5,1963,0,0
306544,5,1963,0,0
306564,5,1963,0,0
306584,5,1963,0,0
306604,5,1963,0,0
306624,5,1963,0,0
306644,5,1963,0,0
306664,5,1962,0,0
306684,5,1962,0,0
306704,5,1962,0,0
306724,5,1962,0,0
306744,5,1962,0,0
306764,5,1962,0,0
306784,5,1962,0,0
306804,5,1962,0,0
306824,5,1961,0,0
306844,5,1961,0,0
306864,5,1961,0,0
306884,5,1961,0,0
306904,5,1961,0,0
306924,5,1961,0,0
306944,5,1961,0,0
306964,5,1961,0,0
306984,5,1960,0,0
307004,5,1960,0,0
307024,5,1960,0,0
307044,5,1960,0,0
307064,5,1960,0,0
307084,5,1960,0,0
307104,5,1960,0,0
307124,5,1960,0,0
307144,5,1959,0,0
307164,5,1959,0,0
307184,5,1959,0,0
307204,5,1959,0,0
307224,5,1959,0,0
307244,5,1959,0,0
307264,5,1959,0,0
307284,5,1959,0,0
307304,5,1959,0,0
307324,5,1959,0,0
307344,5,1959,0,0
307364,5,1959,0,0
307384,5,1958,0,0
307404,5,1958,0,0
307424,5,1958,0,0
307444,5,1958,0,0
307464,5,1958,0,0
307484,5,1958,0,0
307504,5,1958,0,0
307524,5,1958,0,0
307544,5,1958,0,0
307564,5,1958,0,0
307584,5,1958,0,0
307604,5,1958,0,0
307624,5,1958,0,0
307644,5,1958,0,0
307664,5,1957,0,0
307684,5,1957,0,0
307704,5,1957,0,0
307724,5,1957,0,0
307744,5,1957,0,0
307764,5,1957,0,0
307784,5,1957,0,0
307804,5,1957,0,0
307824,5,1956,0,0
307844,5,1956,0,0
307864,5,1956,0,0
307884,5,1956,0,0
307904,5,1956,0,0
307924,5,1956,0,0
307944,5,1955,0,0
307964,5,1955,0,0
307984,5,1955,0,0
308004,5,1955,0,0
308024,5,1955,0,0
308044,5,1955,0,0
308064,5,1955,0,0
308084,5,1955,0,0
308104,5,1955,0,0
308124,5,1954,0,0
308144,5,1954,0,0
308164,5,1954,0,0
308184,5,1954,0,0
308204,5,1954,0,0
308224,5,1954,0,0
308244,5,1954,0,0
308264,5,1954,0,0
308284,5,1954,0,0
308304,5,1954,0,0
308324,5,1953,0,0
308344,5,1953,0,0
308364,5,1953,0,0
308384,5,1953,0,0
308404,5,1953,0,0
308424,5,1953,0,0
308444,5,1953,0,0
308464,5,1953,0,0
308484,5,1953,0,0
308504,5,1953,0,0
308524,5,1953,0,0
308544,5,1953,0,0
308564,5,1953,0,0
308584,5,1952,0,0
308604,5,1952,0,0
308624,5,1952,0,0
308644,5,1952,0,0
308664,5,1952,0,0
308684,5,1952,0,0
308704,5,1952,0,0
308724,5,1952,0,0
308744,5,1952,0,0
308764,5,1951,0,0
308784,5,1951,0,0
308804,5,1951,0,0
308824,5,1951,0,0
308844,5,1951,0,0
308864,5,1951,0,0
308884,5,1951,0,0
308904,5,1951,0,0
308924,5,1951,0,0
308944,5,1950,0,0
308964,5,1950,0,0
308984,5,1950,0,0
309004,5,1950,0,0
309024,5,1950,0,0
309044,5,1950,0,0
309064,5,1950,0,0
309084,5,1949,0,0
309104,5,1949,0,0
309124,5,1949,0,0
309144,5,1949,0,0
309164,5,1949,0,0
309184,5,1948,0,0
309204,5,1948,0,0
309224,5,1948,0,0
309244,5,1948,0,0
309264,5,1948,0,0
309284,5,1948,0,0
309304,5,1948,0,0
309324,5,1947,0,0
309344,5,1947,0,0
309364,5,1947,0,0
309384,5,1947,0,0
309404,5,1947,0,0
309424,5,1947,0,0
309444,5,1947,0,0
309464,5,1947,0,0
309484,5,1947,0,0
309504,5,1947,0,0
309524,5,1947,0,0
309544,5,1946,0,0
309564,5,1946,0,0
309584,5,1946,0,0
309604,5,1946,0,0
309624,5,1946,0,0
309644,5,1946,0,0
309664,5,1945,0,0
309684,5,1945,0,0
309704,5,1945,0,0
309724,5,1945,0,0
309744,5,1945,0,0
309764,5,1945,0,0
309784,5,1945,0,0
309804,5,1945,0,0
309824,5,1944,0,0
309844,5,1944,0,0
309864,5,1944,0,0
309884,5,1944,0,0
309904,5,1944,0,0
309924,5,1944,0,0
309944,5,1944,0,0
309964,5,1944,0,0
309984,5,1944,0,0
310004,5,1944,0,0
310024,5,1944,0,0
310044,5,1943,0,0
310064,5,1943,0,0
310084,5,1943,0,0
310104,5,1943,0,0
310124,5,1943,0,0
310144,5,1943,0,0
310164,5,1943,0,0
310184,5,1943,0,0
310204,5,1943,0,0
310224,5,1943,0,0
310244,5,1942,0,0
310264,5,1942,0,0
310284,5,1942,0,0
310304,5,1942,0,0
310324,5,1942,0,0
310344,5,1942,0,0
310364,5,1942,0,0
310384,5,1942,0,0
310404,5,1942,0,0
310424,5,1942,0,0
310444,5,1941,0,0
310464,5,1941,0,0
310484,5,1941,0,0
310504,5,1941,0,0
310524,5,1941,0,0
310544,5,1941,0,0
310564,5,1940,0,0
310584,5,1940,0,0
310604,5,1940,0,0
310624,5,1940,0,0
310644,5,1940,0,0
310664,5,1940,0,0
310684,5,1940,0,0
310704,5,1939,0,0
310724,5,1939,0,0
310744,5,1939,0,0
310764,5,1939,0,0
310784,5,1939,0,0
310804,5,1939,0,0
310824,5,1939,0,0
310844,5,1939,0,0
310864,5,1939,0,0
310884,5,1939,0,0
310904,5,1939,0,0
310924,5,1939,0,0
310944,5,1938,0,0
310964,5,1938,0,0
310984,5,1938,0,0
311004,5,1938,0,0
311024,5,1938,0,0
311044,5,1938,0,0
311064,5,1938,0,0
311084,5,1938,0,0
311104,5,1938,0,0
311124,5,1938,0,0
311144,5,1937,0,0
311164,5,1937,0,0
311184,5,1937,0,0
311204,5,1937,0,0
311224,5,1937,0,0
311244,5,1937,0,0
311264,5,1937,0,0
311284,5,1937,0,0
311304,5,1937,0,0
311324,5,1937,0,0
311344,5,1937,0,0
311364,5,1937,0,0
311384,5,1937,0,0
311404,5,1936,0,0
311424,5,1936,0,0
311444,5,1936,0,0
311464,5,1936,0,0
311484,5,1936,0,0
311504,5,1936,0,0
311524,5,1936,0,0
311544,5,1936,0,0
311564,5,1936,0,0
311584,5,1936,0,0
311604,5,1936,0,0
311624,5,1935,0,0
311644,5,1935,0,0
311664,5,1935,0,0
311684,5,1935,0,0
311704,5,1935,0,0
311724,5,1935,0,0
311744,5,1935,0,0
311764,5,1934,0,0
311784,5,1934,0,0
311804,5,1934,0,0
311824,5,1934,0,0
311844,5,1934,0,0
311864,5,1934,0,0
311884,5,1934,0,0
311904,5,1933,0,0
311924,5,1933,0,0
311944,5,1933,0,0
311964,5,1933,0,0
311984,5,1933,0,0
312004,5,1933,0,0
312024,5,1932,0,0
312044,5,1932,0,0
312064,5,1932,0,0
312084,5,1932,0,0
312104,5,1932,0,0
312124,5,1932,0,0
312144,5,1932,0,0
312164,5,1932,0,0
312184,5,1932,0,0
312204,5,1931,0,0
312224,5,1931,0,0
312244,5,1931,0,0
312264,5,1931,0,0
312284,5,1931,0,0
312304,5,1931,0,0
312324,5,1931,0,0
312344,5,1931,0,0
312364,5,1930,0,0
312384,5,1930,0,0
312404,5,1930,0,0
312424,5,1930,0,0
312444,5,1930,0,0
312464,5,1930,0,0
312484,5,1930,0,0
312504,5,1930,0,0
312524,5,1930,0,0
312544,5,1930,0,0
312564,5,1930,0,0
312584,5,1930,0,0
312604,5,1930,0,0
312624,5,1929,0,0
312644,5,1929,0,0
312664,5,1929,0,0
312684,5,1929,0,0
312704,5,1929,0,0
312724,5,1929,0,0
312744,5,1929,0,0
312764,5,1929,0,0
312784,5,1929,0,0
312804,5,1929,0,0
312824,5,1928,0,0
312844,5,1928,0,0
312864,5,1928,0,0
312884,5,1928,0,0
312904,5,1928,0,0
312924,5,1928,0,0
312944,5,1927,0,0
312964,5,1927,0,0
312984,5,1927,0,0
313004,5,1927,0,0
313024,5,1927,0,0
313044,5,1927,0,0
313064,5,1927,0,0
313084,5,1927,0,0
313104,5,1926,0,0
313124,5,1926,0,0
313144,5,1926,0,0
313164,5,1926,0,0
313184,5,1926,0,0
313204,5,1926,0,0
313224,5,1926,0,0
313244,5,1925,0,0
313264,5,1925,0,0
313284,5,1925,0,0
313304,5,1925,0,0
313324,5,1925,0,0
313344,5,1925,0,0
313364,5,1925,0,0
313384,5,1925,0,0
313404,5,1924,0,0
313424,5,1924,0,0
313444,5,1924,0,0
313464,5,1924,0,0
313484,5,1924,0,0
313504,5,1924,0,0
313524,5,1924,0,0
313544,5,1924,0,0
313564,5,1924,0,0
313584,5,1924,0,0
313604,5,1923,0,0
313624,5,1923,0,0
313644,5,1923,0,0
313664,5,1923,0,0
313684,5,1923,0,0
313704,5,1923,0,0
313724,5,1923,0,0
313744,5,1923,0,0
313764,5,1923,0,0
313784,5,1923,0,0
313804,5,1923,0,0
313824,5,1922,0,0
313844,5,1922,0,0
313864,5,1922,0,0
313884,5,1922,0,0
313904,5,1922,0,0
313924,5,1922,0,0
313944,5,1922,0,0
313964,5,1922,0,0
313984,5,1922,0,0
314004,5,1922,0,0
314024,5,1922,0,0
314044,5,1921,0,0
314064,5,1921,0,0
314084,5,1921,0,0
314104,5,1921,0,0
314124,5,1921,0,0
314144,5,1920,0,0
314164,5,1920,0,0
314184,5,1920,0,0
314204,5,1920,0,0
314224,5,1920,0,0
314244,5,1920,0,0
314264,5,1920,0,0
314284,5,1920,0,0
314304,5,1919,0,0
314324,5,1919,0,0
314344,5,1919,0,0
314364,5,1919,0,0
314384,5,1919,0,0
314404,5,1919,0,0
314424,5,1919,0,0
314444,5,1919,0,0
314464,5,1919,0,0
314484,5,1919,0,0
314504,5,1918,0,0
314524,5,1918,0,0
314544,5,1918,0,0
314564,5,1918,0,0
314584,5,1918,0,0
314604,5,1918,0,0
314624,5,1918,0,0
314644,5,1918,0,0
314664,5,1918,0,0
314684,5,1917,0,0
314704,5,1917,0,0
314724,5,1917,0,0
314744,5,1917,0,0
314764,5,1917,0,0
314784,5,1917,0,0
314804,5,1917,0,0
314824,5,1917,0,0
314844,5,1917,0,0
314864,5,1917,0,0
314884,5,1917,0,0
314904,5,1917,0,0
314924,5,1916,0,0
314944,5,1916,0,0
314964,5,1916,0,0
314984,5,1916,0,0
315004,5,1916,0,0
315024,5,1916,0,0
315044,5,1916,0,0
315064,5,1916,0,0
315084,5,1916,0,0
315104,5,1916,0,0
315124,5,1916,0,0
315144,5,1915,0,0
315164,5,1915,0,0
315184,5,1915,0,0
315204,5,1915,0,0
315224,5,1915,0,0
315244,5,1915,0,0
315264,5,1915,0,0
315284,5,1915,0,0
315304,5,1915,0,0
315324,5,1914,0,0
315344,5,1914,0,0
315364,5,1914,0,0
315384,5,1914,0,0
315404,5,1914,0,0
315424,5,1914,0,0
315444,5,1914,0,0
315464,5,1914,0,0
315484,5,1914,0,0
315504,5,1913,0,0
315524,5,1913,0,0
315544,5,1913,0,0
315564,5,1913,0,0
315584,5,1913,0,0
315604,5,1912,0,0
315624,5,1912,0,0
315644,5,1912,0,0
315664,5,1912,0,0
315684,5,1912,0,0
315704,5,1912,0,0
315724,5,1912,0,0
315744,5,1912,0,0
315764,5,1911,0,0
315784,5,1911,0,0
315804,5,1911,0,0
315824,5,1911,0,0
315844,5,1911,0,0
315864,5,1911,0,0
315884,5,1911,0,0
315904,5,1911,0,0
315924,5,1910,0,0
315944,5,1910,0,0
315964,5,1910,0,0
315984,5,1910,0,0
316004,5,1910,0,0
316024,5,1910,0,0
316044,5,1910,0,0
316064,5,1909,0,0
316084,5,1909,0,0
316104,5,1909,0,0
316124,5,1909,0,0
316144,5,1909,0,0
316164,5,1909,0,0
316184,5,1909,0,0
316204,5,1909,0,0
316224,5,1909,0,0
316244,5,1908,0,0
316264,5,1908,0,0
316284,5,1908,0,0
316304,5,1908,0,0
316324,5,1908,0,0
316344,5,1908,0,0
316364,5,1908,0,0
316384,5,1908,0,0
316404,5,1908,0,0
316424,5,1908,0,0
316444,5,1908,0,0
316464,5,1908,0,0
316484,5,1907,0,0
316504,5,1907,0,0
316524,5,1907,0,0
316544,5,1907,0,0
316564,5,1907,0,0
316584,5,1907,0,0
316604,5,1907,0,0
316624,5,1907,0,0
316644,5,1907,0,0
316664,5,1907,0,0
316684,5,1907,0,0
316704,5,1907,0,0
316724,5,1906,0,0
316744,5,1907,0,0
316764,5,1906,0,0
316784,5,1906,0,0
316804,5,1906,0,0
316824,5,1906,0,0
316844,5,1906,0,0
316864,5,1906,0,0
316884,5,1906,0,0
316904,5,1906,0,0
316924,5,1905,0,0
316944,5,1905,0,0
316964,5,1905,0,0
316984,5,1905,0,0
317004,5,1905,0,0
317024,5,1904,0,0
317044,5,1904,0,0
317064,5,1904,0,0
317084,5,1904,0,0
317104,5,1904,0,0
317124,5,1904,0,0
317144,5,1904,0,0
317164,5,1903,0,0
317184,5,1903,0,0
317204,5,1903,0,0
317224,5,1903,0,0
317244,5,1903,0,0
317264,5,1903,0,0
317284,5,1903,0,0
317304,5,1903,0,0
317324,5,1903,0,0
317344,5,1903,0,0
317364,5,1902,0,0
317384,5,1902,0,0
317404,5,1902,0,0
317424,5,1902,0,0
317444,5,1902,0,0
317464,5,1902,0,0
317484,5,1901,0,0
317504,5,1901,0,0
317524,5,1901,0,0
317544,5,1901,0,0
317564,5,1901,0,0
317584,5,1901,0,0
317604,5,1901,0,0
317624,5,1901,0,0
317644,5,1901,0,0
317664,5,1901,0,0
317684,5,1901,0,0
317704,5,1901,0,0
317724,5,1901,0,0
317744,5,1901,0,0
317764,5,1901,0,0
317784,5,1901,0,0
317804,5,1901,0,0
317824,5,1901,0,0
317844,5,1901,0,0
317864,5,1901,0,0
317884,5,1900,0,0
317904,5,1900,0,0
317924,5,1900,0,0
317944,5,1900,0,0
317964,5,1900,0,0
317984,5,1900,0,0
318004,5,1900,0,0
318024,5,1900,0,0
318044,5,1900,0,0
318064,5,1900,0,0
318084,5,1899,0,0
318104,5,1899,0,0
318124,5,1899,0,0
318144,5,1899,0,0
318164,5,1899,0,0
318184,5,1899,0,0
318204,5,1898,0,0
318224,5,1898,0,0
318244,5,1898,0,0
318264,5,1898,0,0
318284,5,1898,0,0
318304,5,1898,0,0
318324,5,1898,0,0
318344,5,1898,0,0
318364,5,1898,0,0
318384,5,1897,0,0
318404,5,1897,0,0
318424,5,1897,0,0
318444,5,1897,0,0
318464,5,1897,0,0
318484,5,1897,0,0
318504,5,1897,0,0
318524,5,1897,0,0
318544,5,1896,0,0
318564,5,1896,0,0
318584,5,1896,0,0
318604,5,1896,0,0
318624,5,1896,0,0
318644,5,1896,0,0
318664,5,1896,0,0
318684,5,1895,0,0
318704,5,1895,0,0
318724,5,1895,0,0
318744,5,1895,0,0
318764,5,1895,0,0
318784,5,1895,0,0
318804,5,1895,0,0
318824,5,1894,0,0
318844,5,1894,0,0
318864,5,1894,0,0
318884,5,1894,0,0
318904,5,1894,0,0
318924,5,1894,0,0
318944,5,1894,0,0
318964,5,1894,0,0
318984,5,1893,0,0
319004,5,1893,0,0
319024,5,1893,0,0
319044,5,1893,0,0
319064,5,1893,0,0
319084,5,1893,0,0
319104,5,1893,0,0
319124,5,1893,0,0
319144,5,1892,0,0
319164,5,1892,0,0
319184,5,1892,0,0
319204,5,1892,0,0
319224,5,1892,0,0
319244,5,1892,0,0
319264,5,1892,0,0
319284,5,1892,0,0
319304,5,1892,0,0
319324,5,1891,0,0
319344,5,1891,0,0
319364,5,1891,0,0
319384,5,1891,0,0
319404,5,1891,0,0
319424,5,1891,0,0
319444,5,1891,0,0
319464,5,1891,0,0
319484,5,1891,0,0
319504,5,1891,0,0
319524,5,1891,0,0
319544,5,1891,0,0
319564,5,1890,0,0
319584,5,1890,0,0
319604,5,1890,0,0
319624,5,1890,0,0
319644,5,1890,0,0
319664,5,1890,0,0
319684,5,1890,0,0
319704,5,1890,0,0
319724,5,1889,0,0
319744,5,1889,0,0
319764,5,1889,0,0
319784,5,1889,0,0
319804,5,1889,0,0
319824,5,1889,0,0
319844,5,1889,0,0
319864,5,1889,0,0
319884,5,1889,0,0
319904,5,1888,0,0
319924,5,1888,0,0
319944,5,1888,0,0
319964,5,1888,0,0
319984,5,1888,0,0
320004,5,1888,0,0
320024,5,1888,0,0
320044,5,1888,0,0
320064,5,1887,0,0
320084,5,1887,0,0
320104,5,1887,0,0
320124,5,1887,0,0
320144,5,1887,0,0
320164,5,1887,0,0
320184,5,1887,0,0
320204,5,1887,0,0
320224,5,1887,0,0
320244,5,1886,0,0
320264,5,1886,0,0
320284,5,1886,0,0
320304,5,1886,0,0
320324,5,1886,0,0
320344,5,1886,0,0
320364,5,1886,0,0
320384,5,1886,0,0
320404,5,1885,0,0
320424,5,1885,0,0
320444,5,1885,0,0
320464,5,1885,0,0
320484,5,1885,0,0
320504,5,1885,0,0
320524,5,1885,0,0
320544,5,1885,0,0
320564,5,1885,0,0
320584,5,1884,0,0
320604,5,1884,0,0
320624,5,1884,0,0
320644,5,1884,0,0
320664,5,1884,0,0
320684,5,1884,0,0
320704,5,1884,0,0
320724,5,1884,0,0
320744,5,1884,0,0
320764,5,1883,0,0
320784,5,1883,0,0
320804,5,1883,0,0
320824,5,1883,0,0
320844,5,1883,0,0
320864,5,1883,0,0
320884,5,1882,0,0
320904,5,1882,0,0
320924,5,1882,0,0
320944,5,1882,0,0
320964,5,1882,0,0
320984,5,1882,0,0
321004,5,1881,0,0
321024,5,1881,0,0
321044,5,1881,0,0
321064,5,1881,0,0
321084,5,1881,0,0
321104,5,1881,0,0
321124,5,1881,0,0
321144,5,1881,0,0
321164,5,1881,0,0
321184,5,1881,0,0
321204,5,1881,0,0
321224,5,1880,0,0
321244,5,1880,0,0
321264,5,1880,0,0
321284,5,1880,0,0
321304,5,1880,0,0
321324,5,1880,0,0
321344,5,1880,0,0
321364,5,1880,0,0
321384,5,1880,0,0
321404,5,1880,0,0
321424,5,1880,0,0
321444,5,1880,0,0
321464,5,1880,0,0
321484,5,1880,0,0
321504,5,1880,0,0
321524,5,1879,0,0
321544,5,1879,0,0
321564,5,1879,0,0
321584,5,1879,0,0
321604,5,1879,0,0
321624,5,1879,0,0
321644,5,1879,0,0
321664,5,1879,0,0
321684,5,1878,0,0
321704,5,1878,0,0
321724,5,1878,0,0
321744,5,1878,0,0
321764,5,1878,0,0
321784,5,1878,0,0
321804,5,1878,0,0
321824,5,1878,0,0
321844,5,1878,0,0
321864,5,1878,0,0
321884,5,1878,0,0
321904,5,1878,0,0
321924,5,1878,0,0
321944,5,1877,0,0
321964,5,1877,0,0
321984,5,1877,0,0
322004,5,1877,0,0
322024,5,1877,0,0
322044,5,1877,0,0
322064,5,1877,0,0
322084,5,1876,0,0
322104,5,1876,0,0
322124,5,1876,0,0
322144,5,1876,0,0
322164,5,1876,0,0
322184,5,1876,0,0
322204,5,1876,0,0
322224,5,1876,0,0
322244,5,1876,0,0
322264,5,1875,0,0
322284,5,1875,0,0
322304,5,1875,0,0
322324,5,1875,0,0
322344,5,1875,0,0
322364,5,1875,0,0
322384,5,1874,0,0
322404,5,1874,0,0
322424,5,1874,0,0
322444,5,1874,0,0
322464,5,1874,0,0
322484,5,1874,0,0
322504,5,1874,0,0
322524,5,1873,0,0
322544,5,1873,0,0
322564,5,1873,0,0
322584,5,1873,0,0
322604,5,1873,0,0
322624,5,1873,0,0
322644,5,1872,0,0
322664,5,1872,0,0
322684,5,1872,0,0
322704,5,1872,0,0
322724,5,1872,0,0
322744,5,1872,0,0
322764,5,1872,0,0
322784,5,1872,0,0
322804,5,1871,0,0
322824,5,1871,0,0
322844,5,1871,0,0
322864,5,1871,0,0
322884,5,1871,0,0
322904,5,1871,0,0
322924,5,1871,0,0
322944,5,1871,0,0
322964,5,1870,0,0
322984,5,1870,0,0
323004,5,1870,0,0
323024,5,1870,0,0
323044,5,1870,0,0
323064,5,1870,0,0
323084,5,1870,0,0
323104,5,1870,0,0
323124,5,1870,0,0
323144,5,1870,0,0
323164,5,1870,0,0
323184,5,1869,0,0
323204,5,1869,0,0
323224,5,1869,0,0
323244,5,1869,0,0
323264,5,1869,0,0
323284,5,1869,0,0
323304,5,1869,0,0
323324,5,1869,0,0
323344,5,1869,0,0
323364,5,1868,0,0
323384,5,1868,0,0
323404,5,1868,0,0
323424,5,1868,0,0
323444,5,1868,0,0
323464,5,1868,0,0
323484,5,1868,0,0
323504,5,1868,0,0
323524,5,1868,0,0
323544,5,1868,0,0
323564,5,1867,0,0
323584,5,1867,0,0
323604,5,1867,0,0
323624,5,1867,0,0
323644,5,1867,0,0
323664,5,1867,0,0
323684,5,1867,0,0
323704,5,1867,0,0
323724,5,1867,0,0
323744,5,1866,0,0
323764,5,1866,0,0
323784,5,1866,0,0
323804,5,1866,0,0
323824,5,1866,0,0
323844,5,1866,0,0
323864,5,1866,0,0
323884,5,1866,0,0
323904,5,1866,0,0
323924,5,1865,0,0
323944,5,1865,0,0
323964,5,1865,0,0
323984,5,1865,0,0
324004,5,1865,0,0
324024,5,1865,0,0
324044,5,1865,0,0
324064,5,1864,0,0
324084,5,1864,0,0
324104,5,1864,0,0
324124,5,1864,0,0
324144,5,1864,0,0
324164,5,1864,0,0
324184,5,1864,0,0
324204,5,1864,0,0
324224,5,1864,0,0
324244,5,1863,0,0
324264,5,1863,0,0
324284,5,1863,0,0
324304,5,1863,0,0
324324,5,1863,0,0
324344,5,1863,0,0
324364,5,1863,0,0
324384,5,1863,0,0
324404,5,1863,0,0
324424,5,1863,0,0
324444,5,1862,0,0
324464,5,1862,0,0
324484,5,1862,0,0
324504,5,1862,0,0
324524,5,1862,0,0
324544,5,1862,0,0
324564,5,1862,0,0
324584,5,1861,0,0
324604,5,1861,0,0
324624,5,1861,0,0
324644,5,1861,0,0
324664,5,1861,0,0
324684,5,1861,0,0
324704,5,1860,0,0
324724,5,1860,0,0
324744,5,1860,0,0
324764,5,1860,0,0
324784,5,1860,0,0
324804,5,1860,0,0
324824,5,1860,0,0
324844,5,1860,0,0
324864,5,1860,0,0
324884,5,1859,0,0
324904,5,1859,0,0
324924,5,1859,0,0
324944,5,1859,0,0
324964,5,1859,0,0
324984,5,1859,0,0
325004,5,1859,0,0
325024,5,1859,0,0
325044,5,1859,0,0
325064,5,1859,0,0
325084,5,1859,0,0
325104,5,1859,0,0
325124,5,1859,0,0
325144,5,1859,0,0
325164,5,1859,0,0
325184,5,1859,0,0
325204,5,1859,0,0
325224,5,1859,0,0
325244,5,1858,0,0
325264,5,1858,0,0
325284,5,1858,0,0
325304,5,1858,0,0
325324,5,1858,0,0
325344,5,1858,0,0
325364,5,1858,0,0
325384,5,1858,0,0
325404,5,1857,0,0
325424,5,1857,0,0
325444,5,1857,0,0
325464,5,1857,0,0
325484,5,1857,0,0
325504,5,1856,0,0
325524,5,1856,0,0
325544,5,1856,0,0
325564,5,1856,0,0
325584,5,1856,0,0
325604,5,1856,0,0
325624,5,1856,0,0
325644,5,1856,0,0
325664,5,1856,0,0
325684,5,1855,0,0
325704,5,1855,0,0
325724,5,1855,0,0
325744,5,1855,0,0
325764,5,1855,0,0
325784,5,1855,0,0
325804,5,1855,0,0
325824,5,1854,0,0
325844,5,1854,0,0
325864,5,1854,0,0
325884,5,1854,0,0
325904,5,1854,0,0
325924,5,1854,0,0
325944,5,1854,0,0
325964,5,1854,0,0
325984,5,1854,0,0
326004,5,1853,0,0
326024,5,1853,0,0
326044,5,1853,0,0
326064,5,1853,0,0
326084,5,1853,0,0
326104,5,1853,0,0
326124,5,1853,0,0
326144,5,1853,0,0
326164,5,1852,0,0
326184,5,1852,0,0
326204,5,1852,0,0
326224,5,1852,0,0
326244,5,1852,0,0
326264,5,1852,0,0
326284,5,1852,0,0
326304,5,1852,0,0
326324,5,1851,0,0
326344,5,1851,0,0
326364,5,1851,0,0
326384,5,1851,0,0
326404,5,1851,0,0
326424,5,1851,0,0
326444,5,1851,0,0
326464,5,1850,0,0
326484,5,1850,0,0
326504,5,1850,0,0
326524,5,1850,0,0
326544,5,1850,0,0
326564,5,1850,0,0
326584,5,1850,0,0
326604,5,1850,0,0
326624,5,1849,0,0
326644,5,1849,0,0
326664,5,1849,0,0
326684,5,1849,0,0
326704,5,1849,0,0
326724,5,1849,0,0
326744,5,1849,0,0
326764,5,1849,0,0
326784,5,1849,0,0
326804,5,1849,0,0
326824,5,1849,0,0
326844,5,1849,0,0
326864,5,1849,0,0
326884,5,1848,0,0
326904,5,1848,0,0
326924,5,1848,0,0
326944,5,1848,0,0
326964,5,1848,0,0
326984,5,1848,0,0
327004,5,1848,0,0
327024,5,1848,0,0
327044,5,1848,0,0
327064,5,1848,0,0
327084,5,1847,0,0
327104,5,1847,0,0
327124,5,1847,0,0
327144,5,1847,0,0
327164,5,1847,0,0
327184,5,1847,0,0
327204,5,1847,0,0
327224,5,1846,0,0
327244,5,1846,0,0
327264,5,1846,0,0
327284,5,1846,0,0
327304,5,1846,0,0
327324,5,1846,0,0
327344,5,1846,0,0
327364,5,1845,0,0
327384,5,1845,0,0
327404,5,1845,0,0
327424,5,1845,0,0
327444,5,1845,0,0
327464,5,1845,0,0
327484,5,1845,0,0
327504,5,1844,0,0
327524,5,1844,0,0
327544,5,1844,0,0
327564,5,1844,0,0
327584,5,1844,0,0
327604,5,1844,0,0
327624,5,1844,0,0
327644,5,1844,0,0
327664,5,1843,0,0
327684,5,1843,0,0
327704,5,1843,0,0
327724,5,1843,0,0
327744,5,1843,0,0
327764,5,1843,0,0
327784,5,1842,0,0
327804,5,1842,0,0
327824,5,1842,0,0
327844,5,1842,0,0
327864,5,1842,0,0
327884,5,1842,0,0
327904,5,1842,0,0
327924,5,1842,0,0
327944,5,1842,0,0
327964,5,1842,0,0
327984,5,1841,0,0
328004,5,1841,0,0
328024,5,1841,0,0
328044,5,1841,0,0
328064,5,1841,0,0
328084,5,1841,0,0
328104,5,1841,0,0
328124,5,1841,0,0
328144,5,1841,0,0
328164,5,1841,0,0
328184,5,1841,0,0
328204,5,1841,0,0
328224,5,1841,0,0
328244,5,1841,0,0
328264,5,1841,0,0
328284,5,1841,0,0
328304,5,1841,0,0
328324,5,1841,0,0
328344,5,1840,0,0
328364,5,1840,0,0
328384,5,1840,0,0
328404,5,1840,0,0
328424,5,1840,0,0
328444,5,1840,0,0
328464,5,1840,0,0
328484,5,1839,0,0
328504,5,1839,0,0
328524,5,1839,0,0
328544,5,1839,0,0
328564,5,1839,0,0
328584,5,1839,0,0
328604,5,1838,0,0
328624,5,1838,0,0
328644,5,1838,0,0
328664,5,1838,0,0
328684,5,1838,0,0
328704,5,1838,0,0
328724,5,1837,0,0
328744,5,1837,0,0
328764,5,1837,0,0
328784,5,1837,0,0
328804,5,1837,0,0
328824,5,1837,0,0
328844,5,1837,0,0
328864,5,1837,0,0
328884,5,1837,0,0
328904,5,1836,0,0
328924,5,1836,0,0
328944,5,1836,0,0
328964,5,1836,0,0
328984,5,1836,0,0
329004,5,1836,0,0
329024,5,1836,0,0
329044,5,1835,0,0
329064,5,1835,0,0
329084,5,1835,0,0
329104,5,1835,0,0
329124,5,1835,0,0
329144,5,1835,0,0
329164,5,1835,0,0
329184,5,1835,0,0
329204,5,1834,0,0
329224,5,1834,0,0
329244,5,1834,0,0
329264,5,1834,0,0
329284,5,1834,0,0
329304,5,1834,0,0
329324,5,1834,0,0
329344,5,1834,0,0
329364,5,1834,0,0
329384,5,1834,0,0
329404,5,1833,0,0
329424,5,1833,0,0
329444,5,1833,0,0
329464,5,1833,0,0
329484,5,1833,0,0
329504,5,1833,0,0
329524,5,1833,0,0
329544,5,1833,0,0
329564,5,1833,0,0
329584,5,1833,0,0
329604,5,1833,0,0
329624,5,1832,0,0
329644,5,1832,0,0
329664,5,1832,0,0
329684,5,1832,0,0
329704,5,1832,0,0
329724,5,1832,0,0
329744,5,1832,0,0
329764,5,1831,0,0
329784,5,1831,0,0
329804,5,1831,0,0
329824,5,1831,0,0
329844,5,1831,0,0
329864,5,1831,0,0
329884,5,1830,0,0
329904,5,1830,0,0
329924,5,1830,0,0
329944,5,1830,0,0
329964,5,1830,0,0
329984,5,1830,0,0
330004,5,1830,0,0
330024,5,1830,0,0
330044,5,1830,0,0
330064,5,1830,0,0
330084,5,1830,0,0
330104,5,1830,0,0
330124,5,1830,0,0
330144,5,1829,0,0
330164,5,1829,0,0
330184,5,1829,0,0
330204,5,1829,0,0
330224,5,1829,0,0
330244,5,1829,0,0
330264,5,1829,0,0
330284,5,1829,0,0
330304,5,1829,0,0
330324,5,1829,0,0
330344,5,1829,0,0
330364,5,1829,0,0
330384,5,1829,0,0
330404,5,1828,0,0
330424,5,1828,0,0
330444,5,1828,0,0
330464,5,1828,0,0
330484,5,1828,0,0
330504,5,1828,0,0
330524,5,1828,0,0
330544,5,1828,0,0
330564,5,1828,0,0
330584,5,1828,0,0
330604,5,1828,0,0
330624,5,1828,0,0
330644,5,1828,0,0
330664,5,1827,0,0
330684,5,1827,0,0
330704,5,1827,0,0
330724,5,1827,0,0
330744,5,1827,0,0
330764,5,1827,0,0
330784,5,1827,0,0
330804,5,1827,0,0
330824,5,1827,0,0
330844,5,1827,0,0
330864,5,1826,0,0
330884,5,1826,0,0
330904,5,1826,0,0
330924,5,1826,0,0
330944,5,1826,0,0
330964,5,1825,0,0
330984,5,1825,0,0
331004,5,1825,0,0
331024,5,1825,0,0
331044,5,1825,0,0
331064,5,1825,0,0
331084,5,1824,0,0
331104,5,1824,0,0
331124,5,1824,0,0
331144,5,1824,0,0
331164,5,1824,0,0
331184,5,1824,0,0
331204,5,1824,0,0
331224,5,1823,0,0
331244,5,1823,0,0
331264,5,1823,0,0
331284,5,1823,0,0
331304,5,1823,0,0
331324,5,1823,0,0
331344,5,1823,0,0
331364,5,1823,0,0
331384,5,1823,0,0
331404,5,1822,0,0
331424,5,1822,0,0
331444,5,1822,0,0
331464,5,1822,0,0
331484,5,1822,0,0
331504,5,1822,0,0
331524,5,1822,0,0
331544,5,1822,0,0
331564,5,1822,0,0
331584,5,1822,0,0
331604,5,1821,0,0
331624,5,1821,0,0
331644,5,1821,0,0
331664,5,1821,0,0
331684,5,1821,0,0
331704,5,1821,0,0
331724,5,1821,0,0
331744,5,1821,0,0
331764,5,1821,0,0
331784,5,1820,0,0
331804,5,1820,0,0
331824,5,1820,0,0
331844,5,1820,0,0
331864,5,1820,0,0
331884,5,1820,0,0
331904,5,1820,0,0
331924,5,1820,0,0
331944,5,1820,0,0
331964,5,1820,0,0
331984,5,1820,0,0
332004,5,1819,0,0
332024,5,1820,0,0
332044,5,1819,0,0
332064,5,1819,0,0
332084,5,1819,0,0
332104,5,1819,0,0
332124,5,1819,0,0
332144,5,1819,0,0
332164,5,1819,0,0
332184,5,1819,0,0
332204,5,1819,0,0
332224,5,1819,0,0
332244,5,1818,0,0
332264,5,1818,0,0
332284,5,1818,0,0
332304,5,1818,0,0
332324,5,1818,0,0
332344,5,1818,0,0
332364,5,1818,0,0
332384,5,1818,0,0
332404,5,1818,0,0
332424,5,1817,0,0
332444,5,1817,0,0
332464,5,1817,0,0
332484,5,1817,0,0
332504,5,1817,0,0
332524,5,1817,0,0
332544,5,1817,0,0
332564,5,1817,0,0
332584,5,1816,0,0
332604,5,1816,0,0
332624,5,1816,0,0
332644,5,1816,0,0
332664,5,1816,0,0
332684,5,1816,0,0
332704,5,1815,0,0
332724,5,1815,0,0
332744,5,1815,0,0
332764,5,1815,0,0
332784,5,1815,0,0
332804,5,1814,0,0
332824,5,1814,0,0
332844,5,1814,0,0
332864,5,1814,0,0
332884,5,1814,0,0
332904,5,1814,0,0
332924,5,1814,0,0
332944,5,1814,0,0
332964,5,1813,0,0
332984,5,1813,0,0
333004,5,1813,0,0
333024,5,1813,0,0
333044,5,1813,0,0
333064,5,1813,0,0
333084,5,1813,0,0
333104,5,1813,0,0
333124,5,1813,0,0
333144,5,1813,0,0
333164,5,1813,0,0
333184,5,1813,0,0
333204,5,1812,0,0
333224,5,1812,0,0
333244,5,1812,0,0
333264,5,1812,0,0
333284,5,1812,0,0
333304,5,1812,0,0
333324,5,1812,0,0
333344,5,1812,0,0
333364,5,1812,0,0
333384,5,1812,0,0
333404,5,1812,0,0
333424,5,1812,0,0
333444,5,1812,0,0
333464,5,1812,0,0
333484,5,1811,0,0
333504,5,1811,0,0
333524,5,1811,0,0
333544,5,1811,0,0
333564,5,1811,0,0
333584,5,1811,0,0
333604,5,1811,0,0
333624,5,1811,0,0
333644,5,1811,0,0
333664,5,1811,0,0
333684,5,1811,0,0
333704,5,1811,0,0
333724,5,1811,0,0
333744,5,1811,0,0
333764,5,1811,0,0
333784,5,1810,0,0
333804,5,1810,0,0
333824,5,1810,0,0
333844,5,1810,0,0
333864,5,1810,0,0
333884,5,1809,0,0
333904,5,1809,0,0
333924,5,1809,0,0
333944,5,1809,0,0
333964,5,1809,0,0
333984,5,1808,0,0
334004,5,1808,0,0
334024,5,1808,0,0
334044,5,1808,0,0
334064,5,1808,0,0
334084,5,1808,0,0
334104,5,1808,0,0
334124,5,1808,0,0
334144,5,1807,0,0
334164,5,1807,0,0
334184,5,1807,0,0
334204,5,1807,0,0
334224,5,1807,0,0
334244,5,1807,0,0
334264,5,1806,0,0
334284,5,1806,0,0
334304,5,1806,0,0
334324,5,1806,0,0
334344,5,1806,0,0
334364,5,1806,0,0
334384,5,1806,0,0
334404,5,1805,0,0
334424,5,1805,0,0
334444,5,1805,0,0
334464,5,1805,0,0
334484,5,1805,0,0
334504,5,1805,0,0
334524,5,1805,0,0
334544,5,1805,0,0
334564,5,1804,0,0
334584,5,1804,0,0
334604,5,1804,0,0
334624,5,1804,0,0
334644,5,1804,0,0
334664,5,1804,0,0
334684,5,1804,0,0
334704,5,1804,0,0
334724,5,1804,0,0
334744,5,1803,0,0
334764,5,1803,0,0
334784,5,1803,0,0
334804,5,1803,0,0
334824,5,1803,0,0
334844,5,1803,0,0
334864,5,1803,0,0
334884,5,1803,0,0
334904,5,1803,0,0
334924,5,1802,0,0
334944,5,1802,0,0
334964,5,1802,0,0
334984,5,1802,0,0
335004,5,1802,0,0
335024,5,1802,0,0
335044,5,1802,0,0
335064,5,1802,0,0
335084,5,1802,0,0
335104,5,1801,0,0
335124,5,1801,0,0
335144,5,1801,0,0
335164,5,1801,0,0
335184,5,1801,0,0
335204,5,1801,0,0
335224,5,1801,0,0
335244,5,1801,0,0
335264,5,1800,0,0
335284,5,1800,0,0
335304,5,1800,0,0
335324,5,1800,0,0
335344,5,1800,0,0
335364,5,1800,0,0
335384,5,1800,0,0
335404,5,1800,0,0
335424,5,1800,0,0
335444,5,1800,0,0
335464,5,1799,0,0
335484,5,1799,0,0
335504,5,1799,0,0
335524,5,1799,0,0
335544,5,1799,0,0
335564,5,1799,0,0
335584,5,1799,0,0
335604,5,1799,0,0
335624,5,1799,0,0
335644,5,1799,0,0
335664,5,1799,0,0
335684,5,1798,0,0
335704,5,1798,0,0
335724,5,1798,0,0
335744,5,1798,0,0
335764,5,1798,0,0
335784,5,1798,0,0
335804,5,1798,0,0
335824,5,1798,0,0
335844,5,1798,0,0
335864,5,1797,0,0
335884,5,1797,0,0
335904,5,1797,0,0
335924,5,1797,0,0
335944,5,1797,0,0
335964,5,1797,0,0
335984,5,1797,0,0
336004,5,1797,0,0
336024,5,1797,0,0
336044,5,1796,0,0
336064,5,1796,0,0
336084,5,1796,0,0
336104,5,1796,0,0
336124,5,1796,0,0
336144,5,1796,0,0
336164,5,1796,0,0
336184,5,1795,0,0
336204,5,1795,0,0
336224,5,1795,0,0
336244,5,1795,0,0
336264,5,1795,0,0
336284,5,1794,0,0
336304,5,1794,0,0
336324,5,1794,0,0
336344,5,1794,0,0
336364,5,1794,0,0
336384,5,1794,0,0
336404,5,1793,0,0
336424,5,1793,0,0
336444,5,1793,0,0
336464,5,1793,0,0
336484,5,1793,0,0
336504,5,1793,0,0
336524,5,1792,0,0
336544,5,1792,0,0
336564,5,1792,0,0
336584,5,1792,0,0
336604,5,1792,0,0
336624,5,1792,0,0
336644,5,1792,0,0
336664,5,1792,0,0
336684,5,1792,0,0
336704,5,1792,0,0
336724,5,1792,0,0
336744,5,1791,0,0
336764,5,1791,0,0
336784,5,1791,0,0
336804,5,1791,0,0
336824,5,1791,0,0
336844,5,1791,0,0
336864,5,1791,0,0
336884,5,1791,0,0
336904,5,1791,0,0
336924,5,1791,0,0
336944,5,1791,0,0
336964,5,1791,0,0
336984,5,1791,0,0
337004,5,1791,0,0
337024,5,1791,0,0
337044,5,1791,0,0
337064,5,1791,0,0
337084,5,1791,0,0
337104,5,1791,0,0
337124,5,1791,0,0
337144,5,1791,0,0
337164,5,1791,0,0
337184,5,1790,0,0
337204,5,1790,0,0
337224,5,1790,0,0
337244,5,1790,0,0
337264,5,1790,0,0
337284,5,1790,0,0
337304,5,1790,0,0
337324,5,1790,0,0
337344,5,1790,0,0
337364,5,1789,0,0
337384,5,1789,0,0
337404,5,1789,0,0
337424,5,1789,0,0
337444,5,1789,0,0
337464,5,1789,0,0
337484,5,1789,0,0
337504,5,1788,0,0
337524,5,1788,0,0
337544,5,1788,0,0
337564,5,1788,0,0
337584,5,1788,0,0
337604,5,1788,0,0
337624,5,1788,0,0
337644,5,1788,0,0
337664,5,1787,0,0
337684,5,1787,0,0
337704,5,1787,0,0
337724,5,1787,0,0
337744,5,1787,0,0
337764,5,1787,0,0
337784,5,1787,0,0
337804,5,1786,0,0
337824,5,1786,0,0
337844,5,1786,0,0
337864,5,1786,0,0
337884,5,1786,0,0
337904,5,1786,0,0
337924,5,1786,0,0
337944,5,1786,0,0
337964,5,1786,0,0
337984,5,1786,0,0
338004,5,1786,0,0
338024,5,1786,0,0
338044,5,1786,0,0
338064,5,1786,0,0
338084,5,1785,0,0
338104,5,1785,0,0
338124,5,1785,0,0
338144,5,1785,0,0
338164,5,1785,0,0
338184,5,1785,0,0
338204,5,1785,0,0
338224,5,1785,0,0
338244,5,1785,0,0
338264,5,1785,0,0
338284,5,1785,0,0
338304,5,1785,0,0
338324,5,1785,0,0
338344,5,1784,0,0
338364,5,1784,0,0
338384,5,1784,0,0
338404,5,1784,0,0
338424,5,1784,0,0
338444,5,1784,0,0
338464,5,1783,0,0
338484,5,1783,0,0
338504,5,1783,0,0
338524,5,1783,0,0
338544,5,1782,0,0
338564,5,1782,0,0
338584,5,1782,0,0
338604,5,1782,0,0
338624,5,1782,0,0
338644,5,1781,0,0
338664,5,1781,0,0
338684,5,1781,0,0
338704,5,1781,0,0
338724,5,1781,0,0
338744,5,1781,0,0
338764,5,1780,0,0
338784,5,1780,0,0
338804,5,1780,0,0
338824,5,1780,0,0
338844,5,1780,0,0
338864,5,1780,0,0
338884,5,1780,0,0
338904,5,1779,0,0
338924,5,1779,0,0
338944,5,1779,0,0
338964,5,1779,0,0
338984,5,1779,0,0
339004,5,1779,0,0
339024,5,1779,0,0
339044,5,1779,0,0
339064,5,1779,0,0
339084,5,1778,0,0
339104,5,1778,0,0
339124,5,1778,0,0
339144,5,1778,0,0
339164,5,1778,0,0
339184,5,1778,0,0
339204,5,1778,0,0
339224,5,1778,0,0
339244,5,1778,0,0
339264,5,1778,0,0
339284,5,1778,0,0
339304,5,1778,0,0
339324,5,1778,0,0
339344,5,1777,0,0
339364,5,1777,0,0
339384,5,1777,0,0
339404,5,1777,0,0
339424,5,1777,0,0
339444,5,1777,0,0
339464,5,1777,0,0
339484,5,1777,0,0
339504,5,1777,0,0
339524,5,1777,0,0
339544,5,1777,0,0
339564,5,1777,0,0
339584,5,1777,0,0
339604,5,1777,0,0
339624,5,1777,0,0
339644,5,1777,0,0
339664,5,1776,0,0
339684,5,1776,0,0
339704,5,1776,0,0
339724,5,1776,0,0
339744,5,1776,0,0
339764,5,1776,0,0
339784,5,1775,0,0
339804,5,1775,0,0
339824,5,1775,0,0
339844,5,1775,0,0
339864,5,1775,0,0
339884,5,1774,0,0
339904,5,1774,0,0
339924,5,1774,0,0
339944,5,1774,0,0
339964,5,1774,0,0
339984,5,1774,0,0
340004,5,1774,0,0
340024,5,1773,0,0
340044,5,1773,0,0
340064,5,1773,0,0
340084,5,1773,0,0
340104,5,1773,0,0
340124,5,1773,0,0
340144,5,1773,0,0
340164,5,1773,0,0
340184,5,1772,0,0
340204,5,1772,0,0
340224,5,1772,0,0
340244,5,1772,0,0
340264,5,1772,0,0
340284,5,1772,0,0
340304,5,1772,0,0
340324,5,1772,0,0
340344,5,1771,0,0
340364,5,1771,0,0
340384,5,1771,0,0
340404,5,1771,0,0
340424,5,1771,0,0
340444,5,1771,0,0
340464,5,1771,0,0
340484,5,1771,0,0
340504,5,1770,0,0
340524,5,1770,0,0
340544,5,1770,0,0
340564,5,1770,0,0
340584,5,1770,0,0
340604,5,1770,0,0
340624,5,1770,0,0
340644,5,1770,0,0
340664,5,1770,0,0
340684,5,1770,0,0
340704,5,1770,0,0
340724,5,1769,0,0
340744,5,1769,0,0
340764,5,1769,0,0
340784,5,1769,0,0
340804,5,1769,0,0
340824,5,1769,0,0
340844,5,1769,0,0
340864,5,1769,0,0
340884,5,1769,0,0
340904,5,1769,0,0
340924,5,1769,0,0
340944,5,1768,0,0
340964,5,1768,0,0
340984,5,1768,0,0
341004,5,1768,0,0
341024,5,1768,0,0
341044,5,1768,0,0
341064,5,1767,0,0
341084,5,1767,0,0
341104,5,1767,0,0
341124,5,1767,0,0
341144,5,1767,0,0
341164,5,1767,0,0
341184,5,1767,0,0
341204,5,1766,0,0
341224,5,1766,0,0
341244,5,1766,0,0
341264,5,1766,0,0
341284,5,1766,0,0
341304,5,1766,0,0
341324,5,1766,0,0
341344,5,1766,0,0
341364,5,1766,0,0
341384,5,1766,0,0
341404,5,1766,0,0
341424,5,1765,0,0
341444,5,1765,0,0
341464,5,1765,0,0
341484,5,1765,0,0
341504,5,1765,0,0
341524,5,1765,0,0
341544,5,1765,0,0
341564,5,1765,0,0
341584,5,1765,0,0
341604,5,1764,0,0
341624,5,1764,0,0
341644,5,1764,0,0
341664,5,1764,0,0
341684,5,1764,0,0
341704,5,1764,0,0
341724,5,1764,0,0
341744,5,1764,0,0
341764,5,1764,0,0
341784,5,1763,0,0
341804,5,1763,0,0
341824,5,1763,0,0
341844,5,1763,0,0
341864,5,1763,0,0
341884,5,1763,0,0
341904,5,1763,0,0
341924,5,1763,0,0
341944,5,1763,0,0
341964,5,1763,0,0
341984,5,1763,0,0
342004,5,1763,0,0
342024,5,1763,0,0
342044,5,1763,0,0
342064,5,1763,0,0
342084,5,1763,0,0
342104,5,1763,0,0
342124,5,1763,0,0
342144,5,1763,0,0
342164,5,1763,0,0
342184,5,1763,0,0
342204,5,1762,0,0
342224,5,1762,0,0
342244,5,1762,0,0
342264,5,1762,0,0
342284,5,1762,0,0
342304,5,1761,0,0
342324,5,1761,0,0
342344,5,1761,0,0
342364,5,1761,0,0
342384,5,1761,0,0
342404,5,1761,0,0
342424,5,1760,0,0
342444,5,1760,0,0
342464,5,1760,0,0
342484,5,1760,0,0
342504,5,1760,0,0
342524,5,1760,0,0
342544,5,1760,0,0
342564,5,1759,0,0
342584,5,1759,0,0
342604,5,1759,0,0
342624,5,1759,0,0
342644,5,1759,0,0
342664,5,1759,0,0
342684,5,1759,0,0
342704,5,1759,0,0
342724,5,1758,0,0
342744,5,1758,0,0
342764,5,1758,0,0
342784,5,1758,0,0
342804,5,1758,0,0
342824,5,1758,0,0
342844,5,1758,0,0
342864,5,1758,0,0
342884,5,1758,0,0
342904,5,1757,0,0
342924,5,1757,0,0
342944,5,1757,0,0
342964,5,1757,0,0
342984,5,1757,0,0
343004,5,1757,0,0
343024,5,1757,0,0
343044,5,1757,0,0
343064,5,1757,0,0
343084,5,1757,0,0
343104,5,1756,0,0
343124,5,1756,0,0
343144,5,1756,0,0
343164,5,1756,0,0
343184,5,1756,0,0
343204,5,1756,0,0
343224,5,1755,0,0
343244,5,1755,0,0
343264,5,1755,0,0
343284,5,1755,0,0
343304,5,1755,0,0
343324,5,1755,0,0
343344,5,1755,0,0
343364,5,1754,0,0
343384,5,1754,0,0
343404,5,1754,0,0
343424,5,1754,0,0
343444,5,1754,0,0
343464,5,1754,0,0
343484,5,1754,0,0
343504,5,1754,0,0
343524,5,1754,0,0
343544,5,1754,0,0
343564,5,1753,0,0
343584,5,1753,0,0
343604,5,1753,0,0
343624,5,1753,0,0
343644,5,1753,0,0
343664,5,1753,0,0
343684,5,1753,0,0
343704,5,1753,0,0
343724,5,1753,0,0
343744,5,1753,0,0
343764,5,1752,0,0
343784,5,1752,0,0
343804,5,1752,0,0
343824,5,1752,0,0
343844,5,1752,0,0
343864,5,1752,0,0
343884,5,1752,0,0
343904,5,1752,0,0
343924,5,1752,0,0
343944,5,1752,0,0
343964,5,1752,0,0
343984,5,1751,0,0
344004,5,1751,0,0
344024,5,1751,0,0
344044,5,1751,0,0
344064,5,1751,0,0
344084,5,1751,0,0
344104,5,1751,0,0
344124,5,1751,0,0
344144,5,1751,0,0
344164,5,1750,0,0
344184,5,1750,0,0
344204,5,1750,0,0
344224,5,1750,0,0
344244,5,1750,0,0
344264,5,1750,0,0
344284,5,1750,0,0
344304,5,1750,0,0
344324,5,1750,0,0
344344,5,1750,0,0
344364,5,1749,0,0
344384,5,1749,0,0
344404,5,1749,0,0
344424,5,1749,0,0
344444,5,1749,0,0
344464,5,1749,0,0
344484,5,1749,0,0
344504,5,1749,0,0
344524,5,1749,0,0
344544,5,1749,0,0
344564,5,1748,0,0
344584,5,1748,0,0
344604,5,1748,0,0
344624,5,1748,0,0
344644,5,1748,0,0
344664,5,1747,0,0
344684,5,1747,0,0
344704,5,1747,0,0
344724,5,1747,0,0
344744,5,1747,0,0
344764,5,1747,0,0
344784,5,1747,0,0
344804,5,1747,0,0
344824,5,1746,0,0
344844,5,1746,0,0
344864,5,1746,0,0
344884,5,1746,0,0
344904,5,1746,0,0
344924,5,1746,0,0
344944,5,1746,0,0
344964,5,1746,0,0
344984,5,1746,0,0
345004,5,1746,0,0
345024,5,1745,0,0
345044,5,1745,0,0
345064,5,1745,0,0
345084,5,1745,0,0
345104,5,1745,0,0
345124,5,1745,0,0
345144,5,1745,0,0
345164,5,1745,0,0
345184,5,1745,0,0
345204,5,1744,0,0
345224,5,1744,0,0
345244,5,1744,0,0
345264,5,1744,0,0
345284,5,1744,0,0
345304,5,1744,0,0
345324,5,1744,0,0
345344,5,1744,0,0
345364,5,1743,0,0
345384,5,1743,0,0
345404,5,1743,0,0
345424,5,1743,0,0
345444,5,1743,0,0
345464,5,1742,0,0
345484,5,1742,0,0
345504,5,1742,0,0
345524,5,1742,0,0
345544,5,1742,0,0
345564,5,1742,0,0
345584,5,1742,0,0
345604,5,1742,0,0
345624,5,1742,0,0
345644,5,1741,0,0
345664,5,1741,0,0
345684,5,1741,0,0
345704,5,1741,0,0
345724,5,1741,0,0
345744,5,1741,0,0
345764,5,1741,0,0
345784,5,1741,0,0
345804,5,1741,0,0
345824,5,1741,0,0
345844,5,1741,0,0
345864,5,1740,0,0
345884,5,1740,0,0
345904,5,1740,0,0
345924,5,1740,0,0
345944,5,1740,0,0
345964,5,1740,0,0
345984,5,1740,0,0
346004,5,1740,0,0
346024,5,1740,0,0
346044,5,1740,0,0
346064,5,1740,0,0
346084,5,1740,0,0
346104,5,1740,0,0
346124,5,1740,0,0
346144,5,1740,0,0
346164,5,1739,0,0
346184,5,1739,0,0
346204,5,1739,0,0
346224,5,1739,0,0
346244,5,1739,0,0
346264,5,1739,0,0
346284,5,1739,0,0
346304,5,1739,0,0
346324,5,1739,0,0
346344,5,1738,0,0
346364,5,1738,0,0
346384,5,1738,0,0
346404,5,1738,0,0
346424,5,1738,0,0
346444,5,1737,0,0
346464,5,1737,0,0
346484,5,1737,0,0
346504,5,1737,0,0
346524,5,1737,0,0
346544,5,1737,0,0
346564,5,1737,0,0
346584,5,1737,0,0
346604,5,1736,0,0
346624,5,1736,0,0
346644,5,1736,0,0
346664,5,1736,0,0
346684,5,1736,0,0
346704,5,1736,0,0
346724,5,1736,0,0
346744,5,1736,0,0
346764,5,1736,0,0
346784,5,1736,0,0
346804,5,1735,0,0
346824,5,1735,0,0
346844,5,1735,0,0
346864,5,1735,0,0
346884,5,1735,0,0
346904,5,1735,0,0
346924,5,1735,0,0
346944,5,1735,0,0
346964,5,1735,0,0
346984,5,1734,0,0
347004,5,1734,0,0
347024,5,1734,0,0
347044,5,1734,0,0
347064,5,1734,0,0
347084,5,1734,0,0
347104,5,1734,0,0
347124,5,1734,0,0
347144,5,1734,0,0
347164,5,1734,0,0
347184,5,1733,0,0
347204,5,1733,0,0
347224,5,1733,0,0
347244,5,1733,0,0
347264,5,1733,0,0
347284,5,1733,0,0
347304,5,1733,0,0
347324,5,1733,0,0
347344,5,1733,0,0
347364,5,1733,0,0
347384,5,1732,0,0
347404,5,1732,0,0
347424,5,1732,0,0
347444,5,1732,0,0
347464,5,1732,0,0
347484,5,1732,0,0
347504,5,1732,0,0
347524,5,1732,0,0
347544,5,1731,0,0
347564,5,1731,0,0
347584,5,1731,0,0
347604,5,1731,0,0
347624,5,1731,0,0
347644,5,1730,0,0
347664,5,1730,0,0
347684,5,1730,0,0
347704,5,1730,0,0
347724,5,1730,0,0
347744,5,1730,0,0
347764,5,1730,0,0
347784,5,1729,0,0
347804,5,1729,0,0
347824,5,1729,0,0
347844,5,1729,0,0
347864,5,1729,0,0
347884,5,1729,0,0
347904,5,1729,0,0
347924,5,1729,0,0
347944,5,1729,0,0
347964,5,1729,0,0
347984,5,1728,0,0
348004,5,1728,0,0
348024,5,1728,0,0
348044,5,1728,0,0
348064,5,1728,0,0
348084,5,1728,0,0
348104,5,1728,0,0
348124,5,1728,0,0
348144,5,1728,0,0
348164,5,1728,0,0
348184,5,1727,0,0
348204,5,1727,0,0
348224,5,1727,0,0
348244,5,1727,0,0
348264,5,1727,0,0
348284,5,1727,0,0
348304,5,1727,0,0
348324,5,1727,0,0
348344,5,1726,0,0
348364,5,1726,0,0
348384,5,1726,0,0
348404,5,1726,0,0
348424,5,1726,0,0
348444,5,1726,0,0
348464,5,1726,0,0
348484,5,1726,0,0
348504,5,1726,0,0
348524,5,1726,0,0
348544,5,1726,0,0
348564,5,1725,0,0
348584,5,1725,0,0
348604,5,1725,0,0
348624,5,1725,0,0
348644,5,1725,0,0
348664,5,1725,0,0
348684,5,1725,0,0
348704,5,1725,0,0
348724,5,1725,0,0
348744,5,1725,0,0
348764,5,1725,0,0
348784,5,1725,0,0
348804,5,1725,0,0
348824,5,1724,0,0
348844,5,1724,0,0
348864,5,1724,0,0
348884,5,1724,0,0
348904,5,1724,0,0
348924,5,1724,0,0
348944,5,1724,0,0
348964,5,1724,0,0
348984,5,1723,0,0
349004,5,1723,0,0
349024,5,1723,0,0
349044,5,1723,0,0
349064,5,1723,0,0
349084,5,1723,0,0
349104,5,1723,0,0
349124,5,1723,0,0
349144,5,1722,0,0
349164,5,1722,0,0
349184,5,1722,0,0
349204,5,1722,0,0
349224,5,1722,0,0
349244,5,1722,0,0
349264,5,1722,0,0
349284,5,1722,0,0
349304,5,1722,0,0
349324,5,1722,0,0
349344,5,1721,0,0
349364,5,1721,0,0
349384,5,1721,0,0
349404,5,1721,0,0
349424,5,1721,0,0
349444,5,1721,0,0
349464,5,1721,0,0
349484,5,1721,0,0
349504,5,1721,0,0
349524,5,1721,0,0
349544,5,1720,0,0
349564,5,1720,0,0
349584,5,1720,0,0
349604,5,1720,0,0
349624,5,1720,0,0
349644,5,1720,0,0
349664,5,1720,0,0
349684,5,1720,0,0
349704,5,1720,0,0
349724,5,1720,0,0
349744,5,1719,0,0
349764,5,1719,0,0
349784,5,1719,0,0
349804,5,1719,0,0
349824,5,1719,0,0
349844,5,1719,0,0
349864,5,1718,0,0
349884,5,1718,0,0
349904,5,1718,0,0
349924,5,1718,0,0
349944,5,1718,0,0
349964,5,1718,0,0
349984,5,1718,0,0
350004,5,1718,0,0
350024,5,1717,0,0
350044,5,1717,0,0
350064,5,1717,0,0
350084,5,1717,0,0
350104,5,1717,0,0
350124,5,1717,0,0
350144,5,1716,0,0
350164,5,1716,0,0
350184,5,1716,0,0
350204,5,1716,0,0
350224,5,1716,0,0
350244,5,1716,0,0
350264,5,1716,0,0
350284,5,1716,0,0
350304,5,1715,0,0
350324,5,1715,0,0
350344,5,1715,0,0
350364,5,1715,0,0
350384,5,1715,0,0
350404,5,1715,0,0
350424,5,1715,0,0
350444,5,1715,0,0
350464,5,1715,0,0
350484,5,1715,0,0
350504,5,1715,0,0
350524,5,1715,0,0
350544,5,1715,0,0
350564,5,1714,0,0
350584,5,1714,0,0
350604,5,1714,0,0
350624,5,1714,0,0
350644,5,1714,0,0
350664,5,1714,0,0
350684,5,1714,0,0
350704,5,1714,0,0
350724,5,1714,0,0
350744,5,1714,0,0
350764,5,1714,0,0
350784,5,1714,0,0
350804,5,1714,0,0
350824,5,1714,0,0
350844,5,1714,0,0
350864,5,1713,0,0
350884,5,1713,0,0
350904,5,1713,0,0
350924,5,1713,0,0
350944,5,1713,0,0
350964,5,1713,0,0
350984,5,1713,0,0
351004,5,1713,0,0
351024,5,1712,0,0
351044,5,1712,0,0
351064,5,1712,0,0
351084,5,1712,0,0
351104,5,1712,0,0
351124,5,1712,0,0
351144,5,1712,0,0
351164,5,1711,0,0
351184,5,1711,0,0
351204,5,1711,0,0
351224,5,1711,0,0
351244,5,1711,0,0
351264,5,1711,0,0
351284,5,1711,0,0
351304,5,1710,0,0
351324,5,1710,0,0
351344,5,1710,0,0
351364,5,1710,0,0
351384,5,1710,0,0
351404,5,1710,0,0
351424,5,1709,0,0
351444,5,1709,0,0
351464,5,1709,0,0
351484,5,1709,0,0
351504,5,1709,0,0
351524,5,1709,0,0
351544,5,1709,0,0
351564,5,1709,0,0
351584,5,1708,0,0
351604,5,1708,0,0
351624,5,1708,0,0
351644,5,1708,0,0
351664,5,1708,0,0
351684,5,1708,0,0
351704,5,1708,0,0
351724,5,1707,0,0
351744,5,1707,0,0
351764,5,1707,0,0
351784,5,1707,0,0
351804,5,1707,0,0
351824,5,1707,0,0
351844,5,1706,0,0
351864,5,1706,0,0
351884,5,1706,0,0
351904,5,1706,0,0
351924,5,1706,0,0
351944,5,1706,0,0
351964,5,1706,0,0
351984,5,1705,0,0
352004,5,1705,0,0
352024,5,1705,0,0
352044,5,1705,0,0
352064,5,1705,0,0
352084,5,1705,0,0
352104,5,1705,0,0
352124,5,1705,0,0
352144,5,1704,0,0
352164,5,1704,0,0
352184,5,1704,0,0
352204,5,1704,0,0
352224,5,1704,0,0
352244,5,1704,0,0
352264,5,1704,0,0
352284,5,1704,0,0
352304,5,1704,0,0
352324,5,1704,0,0
352344,5,1704,0,0
352364,5,1703,0,0
352384,5,1703,0,0
352404,5,1703,0,0
352424,5,1703,0,0
352444,5,1703,0,0
352464,5,1703,0,0
352484,5,1703,0,0
352504,5,1703,0,0
352524,5,1703,0,0
352544,5,1703,0,0
352564,5,1703,0,0
352584,5,1703,0,0
352604,5,1703,0,0
352624,5,1703,0,0
352644,5,1703,0,0
352664,5,1703,0,0
352684,5,1702,0,0
352704,5,1702,0,0
352724,5,1702,0,0
352744,5,1702,0,0
352764,5,1702,0,0
352784,5,1702,0,0
352804,5,1702,0,0
352824,5,1702,0,0
352844,5,1702,0,0
352864,5,1702,0,0
352884,5,1701,0,0
352904,5,1701,0,0
352924,5,1701,0,0
352944,5,1701,0,0
352964,5,1701,0,0
352984,5,1701,0,0
353004,5,1701,0,0
353024,5,1701,0,0
353044,5,1701,0,0
353064,5,1701,0,0
353084,5,1701,0,0
353104,5,1701,0,0
353124,5,1700,0,0
353144,5,1700,0,0
353164,5,1700,0,0
353184,5,1700,0,0
353204,5,1700,0,0
353224,5,1700,0,0
353244,5,1700,0,0
353264,5,1699,0,0
353284,5,1699,0,0
353304,5,1699,0,0
353324,5,1699,0,0
353344,5,1699,0,0
353364,5,1699,0,0
353384,5,1699,0,0
353404,5,1699,0,0
353424,5,1699,0,0
353444,5,1699,0,0
353464,5,1698,0,0
353484,5,1698,0,0
353504,5,1698,0,0
353524,5,1698,0,0
353544,5,1698,0,0
353564,5,1698,0,0
353584,5,1698,0,0
353604,5,1698,0,0
353624,5,1698,0,0
353644,5,1698,0,0
353664,5,1698,0,0
353684,5,1698,0,0
353704,5,1698,0,0
353724,5,1697,0,0
353744,5,1697,0,0
353764,5,1697,0,0
353784,5,1697,0,0
353804,5,1697,0,0
353824,5,1697,0,0
353844,5,1697,0,0
353864,5,1696,0,0
353884,5,1697,0,0
353904,5,1696,0,0
353924,5,1696,0,0
353944,5,1696,0,0
353964,5,1696,0,0
353984,5,1696,0,0
354004,5,1696,0,0
354024,5,1696,0,0
354044,5,1695,0,0
354064,5,1695,0,0
354084,5,1695,0,0
354104,5,1695,0,0
354124,5,1695,0,0
354144,5,1695,0,0
354164,5,1694,0,0
354184,5,1694,0,0
354204,5,1694,0,0
354224,5,1694,0,0
354244,5,1694,0,0
354264,5,1694,0,0
354284,5,1694,0,0
354304,5,1694,0,0
354324,5,1693,0,0
354344,5,1693,0,0
354364,5,1693,0,0
354384,5,1693,0,0
354404,5,1693,0,0
354424,5,1693,0,0
354444,5,1693,0,0
354464,5,1692,0,0
354484,5,1692,0,0
354504,5,1692,0,0
354524,5,1692,0,0
354544,5,1692,0,0
354564,5,1692,0,0
354584,5,1692,0,0
354604,5,1691,0,0
354624,5,1691,0,0
354644,5,1691,0,0
354664,5,1691,0,0
354684,5,1691,0,0
354704,5,1691,0,0
354724,5,1691,0,0
354744,5,1691,0,0
354764,5,1691,0,0
354784,5,1690,0,0
354804,5,1690,0,0
354824,5,1690,0,0
354844,5,1690,0,0
354864,5,1690,0,0
354884,5,1690,0,0
354904,5,1690,0,0
354924,5,1690,0,0
354944,5,1690,0,0
354964,5,1690,0,0
354984,5,1690,0,0
355004,5,1690,0,0
355024,5,1689,0,0
355044,5,1689,0,0
355064,5,1689,0,0
355084,5,1689,0,0
355104,5,1689,0,0
355124,5,1689,0,0
355144,5,1689,0,0
355164,5,1689,0,0
355184,5,1689,0,0
355204,5,1689,0,0
355224,5,1689,0,0
355244,5,1688,0,0
355264,5,1688,0,0
355284,5,1688,0,0
355304,5,1688,0,0
355324,5,1688,0,0
355344,5,1688,0,0
355364,5,1688,0,0
355384,5,1688,0,0
355404,5,1688,0,0
355424,5,1688,0,0
355444,5,1687,0,0
355464,5,1687,0,0
355484,5,1687,0,0
355504,5,1687,0,0
355524,5,1687,0,0
355544,5,1687,0,0
355564,5,1687,0,0
355584,5,1687,0,0
355604,5,1687,0,0
355624,5,1686,0,0
355644,5,1686,0,0
355664,5,1686,0,0
355684,5,1686,0,0
355704,5,1686,0,0
355724,5,1686,0,0
355744,5,1686,0,0
355764,5,1686,0,0
355784,5,1686,0,0
355804,5,1685,0,0
355824,5,1685,0,0
355844,5,1685,0,0
355864,5,1685,0,0
355884,5,1685,0,0
355904,5,1685,0,0
355924,5,1685,0,0
355944,5,1685,0,0
355964,5,1684,0,0
355984,5,1684,0,0
356004,5,1684,0,0
356024,5,1684,0,0
356044,5,1684,0,0
356064,5,1684,0,0
356084,5,1684,0,0
356104,5,1684,0,0
356124,5,1684,0,0
356144,5,1684,0,0
356164,5,1683,0,0
356184,5,1683,0,0
356204,5,1683,0,0
356224,5,1683,0,0
356244,5,1683,0,0
356264,5,1683,0,0
356284,5,1683,0,0
356304,5,1683,0,0
356324,5,1683,0,0
356344,5,1683,0,0
356364,5,1683,0,0
356384,5,1682,0,0
356404,5,1682,0,0
356424,5,1682,0,0
356444,5,1682,0,0
356464,5,1682,0,0
356484,5,1682,0,0
356504,5,1681,0,0
356524,5,1681,0,0
356544,5,1681,0,0
356564,5,1681,0,0
356584,5,1681,0,0
356604,5,1681,0,0
356624,5,1681,0,0
356644,5,1681,0,0
356664,5,1680,0,0
356684,5,1680,0,0
356704,5,1680,0,0
356724,5,1680,0,0
356744,5,1680,0,0
356764,5,1680,0,0
356784,5,1680,0,0
356804,5,1679,0,0
356824,5,1679,0,0
356844,5,1679,0,0
356864,5,1679,0,0
356884,5,1679,0,0
356904,5,1679,0,0
356924,5,1679,0,0
356944,5,1679,0,0
356964,5,1678,0,0
356984,5,1678,0,0
357004,5,1678,0,0
357024,5,1678,0,0
357044,5,1678,0,0
357064,5,1678,0,0
357084,5,1678,0,0
357104,5,1678,0,0
357124,5,1677,0,0
357144,5,1677,0,0
357164,5,1677,0,0
357184,5,1677,0,0
357204,5,1677,0,0
357224,5,1677,0,0
357244,5,1676,0,0
357264,5,1676,0,0
357284,5,1676,0,0
357304,5,1676,0,0
357324,5,1676,0,0
357344,5,1676,0,0
357364,5,1676,0,0
357384,5,1676,0,0
357404,5,1676,0,0
357424,5,1676,0,0
357444,5,1675,0,0
357464,5,1675,0,0
357484,5,1675,0,0
357504,5,1675,0,0
357524,5,1675,0,0
357544,5,1675,0,0
357564,5,1675,0,0
357584,5,1675,0,0
357604,5,1675,0,0
357624,5,1675,0,0
357644,5,1675,0,0
357664,5,1675,0,0
357684,5,1675,0,0
357704,5,1675,0,0
357724,5,1675,0,0
357744,5,1675,0,0
357764,5,1675,0,0
357784,5,1674,0,0
357804,5,1674,0,0
357824,5,1674,0,0
357844,5,1674,0,0
357864,5,1674,0,0
357884,5,1674,0,0
357904,5,1674,0,0
357924,5,1673,0,0
357944,5,1673,0,0
357964,5,1673,0,0
357984,5,1673,0,0
358004,5,1673,0,0
358024,5,1673,0,0
358044,5,1673,0,0
358064,5,1672,0,0
358084,5,1672,0,0
358104,5,1672,0,0
358124,5,1672,0,0
358144,5,1672,0,0
358164,5,1672,0,0
358184,5,1672,0,0
358204,5,1671,0,0
358224,5,1671,0,0
358244,5,1671,0,0
358264,5,1671,0,0
358284,5,1671,0,0
358304,5,1671,0,0
358324,5,1671,0,0
358344,5,1671,0,0
358364,5,1670,0,0
358384,5,1670,0,0
358404,5,1670,0,0
358424,5,1670,0,0
358444,5,1670,0,0
358464,5,1670,0,0
358484,5,1670,0,0
358504,5,1669,0,0
358524,5,1669,0,0
358544,5,1669,0,0
358564,5,1669,0,0
358584,5,1669,0,0
358604,5,1669,0,0
358624,5,1669,0,0
358644,5,1669,0,0
358664,5,1669,0,0
358684,5,1669,0,0
358704,5,1669,0,0
358724,5,1668,0,0
358744,5,1668,0,0
358764,5,1668,0,0
358784,5,1668,0,0
358804,5,1668,0,0
358824,5,1668,0,0
358844,5,1668,0,0
358864,5,1668,0,0
358884,5,1668,0,0
358904,5,1667,0,0
358924,5,1667,0,0
358944,5,1667,0,0
358964,5,1667,0,0
358984,5,1667,0,0
359004,5,1666,0,0
359024,5,1666,0,0
359044,5,1666,0,0
359064,5,1666,0,0
359084,5,1666,0,0
359104,5,1666,0,0
359124,5,1666,0,0
359144,5,1666,0,0
359164,5,1666,0,0
359184,5,1665,0,0
359204,5,1665,0,0
359224,5,1665,0,0
359244,5,1665,0,0
359264,5,1665,0,0
359284,5,1665,0,0
359304,5,1665,0,0
359324,5,1665,0,0
359344,5,1665,0,0
359364,5,1664,0,0
359384,5,1664,0,0
359404,5,1664,0,0
359424,5,1664,0,0
359444,5,1664,0,0
359464,5,1664,0,0
359484,5,1664,0,0
359504,5,1664,0,0
359524,5,1664,0,0
359544,5,1664,0,0
359564,5,1664,0,0
359584,5,1663,0,0
359604,5,1663,0,0
359624,5,1663,0,0
359644,5,1663,0,0
359664,5,1663,0,0
359684,5,1663,0,0
359704,5,1663,0,0
359724,5,1663,0,0
359744,5,1663,0,0
359764,5,1663,0,0
359784,5,1663,0,0
359804,5,1663,0,0
359824,5,1663,0,0
359844,5,1662,0,0
359864,5,1662,0,0
359884,5,1662,0,0
359904,5,1662,0,0
359924,5,1662,0,0
359944,5,1662,0,0
359964,5,1662,0,0
359984,5,1662,0,0
360004,5,1662,0,0
360024,5,1661,0,0
360044,5,1661,0,0
360064,5,1661,0,0
360084,5,1661,0,0
360104,5,1661,0,0
360124,5,1661,0,0
360144,5,1661,0,0
360164,5,1660,0,0
360184,5,1660,0,0
360204,5,1660,0,0
360224,5,1660,0,0
360244,5,1660,0,0
360264,5,1660,0,0
360284,5,1660,0,0
360304,5,1659,0,0
360324,5,1659,0,0
360344,5,1659,0,0
360364,5,1659,0,0
360384,5,1659,0,0
360404,5,1659,0,0
360424,5,1659,0,0
360444,5,1658,0,0
360464,5,1658,0,0
360484,5,1658,0,0
360504,5,1658,0,0
360524,5,1658,0,0
360544,5,1658,0,0
360564,5,1658,0,0
360584,5,1658,0,0
360604,5,1658,0,0
360624,5,1658,0,0
360644,5,1658,0,0
360664,5,1658,0,0
360684,5,1657,0,0
360704,5,1657,0,0
360724,5,1657,0,0
360744,5,1657,0,0
360764,5,1657,0,0
360784,5,1657,0,0
360804,5,1657,0,0
360824,5,1657,0,0
360844,5,1657,0,0
360864,5,1657,0,0
360884,5,1656,0,0
360904,5,1656,0,0
360924,5,1656,0,0
360944,5,1656,0,0
360964,5,1656,0,0
360984,5,1656,0,0
361004,5,1656,0,0
361024,5,1656,0,0
361044,5,1656,0,0
361064,5,1655,0,0
361084,5,1655,0,0
361104,5,1655,0,0
361124,5,1655,0,0
361144,5,1655,0,0
361164,5,1655,0,0
361184,5,1655,0,0
361204,5,1654,0,0
361224,5,1654,0,0
361244,5,1654,0,0
361264,5,1654,0,0
361284,5,1654,0,0
361304,5,1654,0,0
361324,5,1654,0,0
361344,5,1654,0,0
361364,5,1653,0,0
361384,5,1653,0,0
361404,5,1653,0,0
361424,5,1653,0,0
361444,5,1653,0,0
361464,5,1653,0,0
361484,5,1653,0,0
361504,5,1653,0,0
361524,5,1653,0,0
361544,5,1653,0,0
361564,5,1653,0,0
361584,5,1652,0,0
361604,5,1652,0,0
361624,5,1652,0,0
361644,5,1652,0,0
361664,5,1652,0,0
361684,5,1652,0,0
361704,5,1652,0,0
361724,5,1652,0,0
361744,5,1652,0,0
361764,5,1652,0,0
361784,5,1651,0,0
361804,5,1651,0,0
361824,5,1651,0,0
361844,5,1651,0,0
361864,5,1651,0,0
361884,5,1651,0,0
361904,5,1651,0,0
361924,5,1650,0,0
361944,5,1650,0,0
361964,5,1650,0,0
361984,5,1650,0,0
362004,5,1650,0,0
362024,5,1650,0,0
362044,5,1650,0,0
362064,5,1649,0,0
362084,5,1649,0,0
362104,5,1649,0,0
362124,5,1649,0,0
362144,5,1649,0,0
362164,5,1649,0,0
362184,5,1649,0,0
362204,5,1648,0,0
362224,5,1648,0,0
362244,5,1648,0,0
362264,5,1648,0,0
362284,5,1648,0,0
362304,5,1648,0,0
362324,5,1648,0,0
362344,5,1648,0,0
362364,5,1647,0,0
362384,5,1647,0,0
362404,5,1647,0,0
362424,5,1647,0,0
362444,5,1647,0,0
362464,5,1647,0,0
362484,5,1647,0,0
362504,5,1647,0,0
362524,5,1647,0,0
362544,5,1647,0,0
362564,5,1647,0,0
362584,5,1647,0,0
362604,5,1647,0,0
362624,5,1647,0,0
362644,5,1647,0,0
362664,5,1647,0,0
362684,5,1647,0,0
362704,5,1647,0,0
362724,5,1647,0,0
362744,5,1647,0,0
362764,5,1647,0,0
362784,5,1647,0,0
362804,5,1646,0,0
362824,5,1646,0,0
362844,5,1646,0,0
362864,5,1646,0,0
362884,5,1646,0,0
362904,5,1646,0,0
362924,5,1645,0,0
362944,5,1645,0,0
362964,5,1645,0,0
362984,5,1645,0,0
363004,5,1645,0,0
363024,5,1645,0,0
363044,5,1645,0,0
363064,5,1645,0,0
363084,5,1645,0,0
363104,5,1645,0,0
363124,5,1645,0,0
363144,5,1644,0,0
363164,5,1644,0,0
363184,5,1644,0,0
363204,5,1644,0,0
363224,5,1644,0,0
363244,5,1643,0,0
363264,5,1643,0,0
363284,5,1643,0,0
363304,5,1643,0,0
363324,5,1643,0,0
363344,5,1643,0,0
363364,5,1642,0,0
363384,5,1642,0,0
363404,5,1642,0,0
363424,5,1642,0,0
363444,5,1642,0,0
363464,5,1642,0,0
363484,5,1641,0,0
363504,5,1641,0,0
363524,5,1641,0,0
363544,5,1641,0,0
363564,5,1641,0,0
363584,5,1641,0,0
363604,5,1640,0,0
363624,5,1640,0,0
363644,5,1640,0,0
363664,5,1640,0,0
363684,5,1640,0,0
363704,5,1640,0,0
363724,5,1640,0,0
363744,5,1640,0,0
363764,5,1639,0,0
363784,5,1639,0,0
363804,5,1639,0,0
363824,5,1639,0,0
363844,5,1639,0,0
363864,5,1639,0,0
363884,5,1639,0,0
363904,5,1639,0,0
363924,5,1639,0,0
363944,5,1639,0,0
363964,5,1639,0,0
363984,5,1639,0,0
364004,5,1639,0,0
364024,5,1639,0,0
364044,5,1639,0,0
364064,5,1639,0,0
364084,5,1638,0,0
364104,5,1638,0,0
364124,5,1638,0,0
364144,5,1638,0,0
364164,5,1638,0,0
364184,5,1638,0,0
364204,5,1638,0,0
364224,5,1638,0,0
364244,5,1638,0,0
364264,5,1638,0,0
364284,5,1637,0,0
364304,5,1637,0,0
364324,5,1637,0,0
364344,5,1637,0,0
364364,5,1637,0,0
364384,5,1637,0,0
364404,5,1637,0,0
364424,5,1637,0,0
364444,5,1637,0,0
364464,5,1636,0,0
364484,5,1636,0,0
364504,5,1636,0,0
364524,5,1636,0,0
364544,5,1636,0,0
364564,5,1636,0,0
364584,5,1636,0,0
364604,5,1636,0,0
364624,5,1636,0,0
364644,5,1636,0,0
364664,5,1635,0,0
364684,5,1635,0,0
364704,5,1635,0,0
364724,5,1635,0,0
364744,5,1635,0,0
364764,5,1635,0,0
364784,5,1635,0,0
364804,5,1635,0,0
364824,5,1634,0,0
364844,5,1634,0,0
364864,5,1634,0,0
364884,5,1634,0,0
364904,5,1634,0,0
364924,5,1634,0,0
364944,5,1634,0,0
364964,5,1634,0,0
364984,5,1634,0,0
365004,5,1634,0,0
365024,5,1634,0,0
365044,5,1633,0,0
365064,5,1633,0,0
365084,5,1633,0,0
365104,5,1633,0,0
365124,5,1633,0,0
365144,5,1633,0,0
365164,5,1633,0,0
365184,5,1633,0,0
365204,5,1633,0,0
365224,5,1633,0,0
365244,5,1633,0,0
365264,5,1632,0,0
365284,5,1632,0,0
365304,5,1632,0,0
365324,5,1632,0,0
365344,5,1632,0,0
365364,5,1632,0,0
365384,5,1632,0,0
365404,5,1632,0,0
365424,5,1632,0,0
365444,5,1632,0,0
365464,5,1632,0,0
365484,5,1632,0,0
365504,5,1632,0,0
365524,5,1631,0,0
365544,5,1631,0,0
365564,5,1631,0,0
365584,5,1631,0,0
365604,5,1631,0,0
365624,5,1631,0,0
365644,5,1630,0,0
365664,5,1630,0,0
365684,5,1630,0,0
365704,5,1630,0,0
365724,5,1630,0,0
365744,5,1629,0,0
365764,5,1629,0,0
365784,5,1629,0,0
365804,5,1629,0,0
365824,5,1629,0,0
365844,5,1628,0,0
365864,5,1628,0,0
365884,5,1628,0,0
365904,5,1628,0,0
365924,5,1628,0,0
365944,5,1628,0,0
365964,5,1627,0,0
365984,5,1627,0,0
366004,5,1627,0,0
366024,5,1627,0,0
366044,5,1627,0,0
366064,5,1627,0,0
366084,5,1626,0,0
366104,5,1626,0,0
366124,5,1626,0,0
366144,5,1626,0,0
366164,5,1626,0,0
366184,5,1626,0,0
366204,5,1626,0,0
366224,5,1626,0,0
366244,5,1626,0,0
366264,5,1626,0,0
366284,5,1625,0,0
366304,5,1625,0,0
366324,5,1625,0,0
366344,5,1625,0,0
366364,5,1625,0,0
366384,5,1625,0,0
366404,5,1625,0,0
366424,5,1625,0,0
366444,5,1625,0,0
366464,5,1625,0,0
366484,5,1625,0,0
366504,5,1625,0,0
366524,5,1625,0,0
366544,5,1625,0,0
366564,5,1625,0,0
366584,5,1625,0,0
366604,5,1625,0,0
366624,5,1625,0,0
366644,5,1625,0,0
366664,5,1625,0,0
366684,5,1625,0,0
366704,5,1624,0,0
366724,5,1624,0,0
366744,5,1624,0,0
366764,5,1624,0,0
366784,5,1624,0,0
366804,5,1624,0,0
366824,5,1624,0,0
366844,5,1624,0,0
366864,5,1624,0,0
366884,5,1624,0,0
366904,5,1623,0,0
366924,5,1623,0,0
366944,5,1623,0,0
366964,5,1623,0,0
366984,5,1623,0,0
367004,5,1623,0,0
367024,5,1622,0,0
367044,5,1622,0,0
367064,5,1622,0,0
367084,5,1622,0,0
367104,5,1622,0,0
367124,5,1621,0,0
367144,5,1621,0,0
367164,5,1621,0,0
367184,5,1621,0,0
367204,5,1621,0,0
367224,5,1621,0,0
367244,5,1621,0,0
367264,5,1621,0,0
367284,5,1620,0,0
367304,5,1620,0,0
367324,5,1620,0,0
367344,5,1620,0,0
367364,5,1620,0,0
367384,5,1620,0,0
367404,5,1620,0,0
367424,5,1620,0,0
367444,5,1620,0,0
367464,5,1620,0,0
367484,5,1619,0,0
367504,5,1619,0,0
367524,5,1619,0,0
367544,5,1619,0,0
367564,5,1619,0,0
367584,5,1619,0,0
367604,5,1619,0,0
367624,5,1619,0,0
367644,5,1619,0,0
367664,5,1618,0,0
367684,5,1618,0,0
367704,5,1618,0,0
367724,5,1618,0,0
367744,5,1618,0,0
367764,5,1618,0,0
367784,5,1618,0,0
367804,5,1618,0,0
367824,5,1618,0,0
367844,5,1618,0,0
367864,5,1618,0,0
367884,5,1618,0,0
367904,5,1617,0,0
367924,5,1617,0,0
367944,5,1617,0,0
367964,5,1617,0,0
367984,5,1617,0,0
368004,5,1617,0,0
368024,5,1617,0,0
368044,5,1617,0,0
368064,5,1617,0,0
368084,5,1617,0,0
368104,5,1617,0,0
368124,5,1616,0,0
368144,5,1616,0,0
368164,5,1616,0,0
368184,5,1616,0,0
368204,5,1616,0,0
368224,5,1615,0,0
368244,5,1615,0,0
368264,5,1615,0,0
368284,5,1615,0,0
368304,5,1615,0,0
368324,5,1615,0,0
368344,5,1614,0,0
368364,5,1614,0,0
368384,5,1614,0,0
368404,5,1614,0,0
368424,5,1614,0,0
368444,5,1614,0,0
368464,5,1614,0,0
368484,5,1613,0,0
368504,5,1613,0,0
368524,5,1613,0,0
368544,5,1613,0,0
368564,5,1613,0,0
368584,5,1613,0,0
368604,5,1613,0,0
368624,5,1613,0,0
368644,5,1612,0,0
368664,5,1612,0,0
368684,5,1612,0,0
368704,5,1612,0,0
368724,5,1612,0,0
368744,5,1612,0,0
368764,5,1612,0,0
368784,5,1612,0,0
368804,5,1611,0,0
368824,5,1611,0,0
368844,5,1611,0,0
368864,5,1611,0,0
368884,5,1611,0,0
368904,5,1611,0,0
368924,5,1611,0,0
368944,5,1611,0,0
368964,5,1611,0,0
368984,5,1610,0,0
369004,5,1610,0,0
369024,5,1610,0,0
369044,5,1610,0,0
369064,5,1610,0,0
369084,5,1610,0,0
369104,5,1610,0,0
369124,5,1610,0,0
369144,5,1610,0,0
369164,5,1610,0,0
369184,5,1610,0,0
369204,5,1610,0,0
369224,5,1610,0,0
369244,5,1610,0,0
369264,5,1610,0,0
369284,5,1609,0,0
369304,5,1609,0,0
369324,5,1609,0,0
369344,5,1609,0,0
369364,5,1609,0,0
369384,5,1609,0,0
369404,5,1609,0,0
369424,5,1609,0,0
369444,5,1609,0,0
369464,5,1609,0,0
369484,5,1609,0,0
369504,5,1609,0,0
369524,5,1609,0,0
369544,5,1608,0,0
369564,5,1608,0,0
369584,5,1608,0,0
369604,5,1608,0,0
369624,5,1608,0,0
369644,5,1607,0,0
369664,5,1607,0,0
369684,5,1607,0,0
369704,5,1607,0,0
369724,5,1607,0,0
369744,5,1606,0,0
369764,5,1606,0,0
369784,5,1606,0,0
369804,5,1606,0,0
369824,5,1606,0,0
369844,5,1606,0,0
369864,5,1606,0,0
369884,5,1605,0,0
369904,5,1605,0,0
369924,5,1605,0,0
369944,5,1605,0,0
369964,5,1605,0,0
369984,5,1605,0,0
370004,5,1605,0,0
370024,5,1605,0,0
370044,5,1605,0,0
370064,5,1605,0,0
370084,5,1604,0,0
370104,5,1604,0,0
370124,5,1604,0,0
370144,5,1604,0,0
370164,5,1604,0,0
370184,5,1604,0,0
370204,5,1604,0,0
370224,5,1604,0,0
370244,5,1604,0,0
370264,5,1604,0,0
370284,5,1604,0,0
370304,5,1603,0,0
370324,5,1603,0,0
370344,5,1603,0,0
370364,5,1603,0,0
370384,5,1603,0,0
370404,5,1603,0,0
370424,5,1603,0,0
370444,5,1603,0,0
370464,5,1603,0,0
370484,5,1603,0,0
370504,5,1603,0,0
370524,5,1603,0,0
370544,5,1602,0,0
370564,5,1602,0,0
370584,5,1602,0,0
370604,5,1602,0,0
370624,5,1602,0,0
370644,5,1602,0,0
370664,5,1602,0,0
370684,5,1602,0,0
370704,5,1601,0,0
370724,5,1601,0,0
370744,5,1601,0,0
370764,5,1601,0,0
370784,5,1601,0,0
370804,5,1601,0,0
370824,5,1600,0,0
370844,5,1600,0,0
370864,5,1600,0,0
370884,5,1600,0,0
370904,5,1600,0,0
370924,5,1600,0,0
370944,5,1599,0,0
370964,5,1599,0,0
370984,5,1599,0,0
371004,5,1599,0,0
371024,5,1599,0,0
371044,5,1599,0,0
371064,5,1599,0,0
371084,5,1599,0,0
371104,5,1598,0,0
371124,5,1598,0,0
371144,5,1598,0,0
371164,5,1598,0,0
371184,5,1598,0,0
371204,5,1598,0,0
371224,5,1598,0,0
371244,5,1598,0,0
371264,5,1598,0,0
371284,5,1598,0,0
371304,5,1598,0,0
371324,5,1598,0,0
371344,5,1598,0,0
371364,5,1598,0,0
371384,5,1598,0,0
371404,5,1598,0,0
371424,5,1598,0,0
371444,5,1598,0,0
371464,5,1598,0,0
371484,5,1598,0,0
371504,5,1597,0,0
371524,5,1597,0,0
371544,5,1597,0,0
371564,5,1597,0,0
371584,5,1597,0,0
371604,5,1597,0,0
371624,5,1597,0,0
371644,5,1597,0,0
371664,5,1597,0,0
371684,5,1597,0,0
371704,5,1597,0,0
371724,5,1596,0,0
371744,5,1596,0,0
371764,5,1596,0,0
371784,5,1596,0,0
371804,5,1596,0,0
371824,5,1596,0,0
371844,5,1596,0,0
371864,5,1596,0,0
371884,5,1595,0,0
371904,5,1595,0,0
371924,5,1595,0,0
371944,5,1595,0,0
371964,5,1595,0,0
371984,5,1595,0,0
372004,5,1595,0,0
372024,5,1594,0,0
372044,5,1594,0,0
372064,5,1594,0,0
372084,5,1594,0,0
372104,5,1594,0,0
372124,5,1594,0,0
372144,5,1594,0,0
372164,5,1594,0,0
372184,5,1594,0,0
372204,5,1594,0,0
372224,5,1594,0,0
372244,5,1593,0,0
372264,5,1593,0,0
372284,5,1593,0,0
372304,5,1593,0,0
372324,5,1593,0,0
372344,5,1593,0,0
372364,5,1593,0,0
372384,5,1593,0,0
372404,5,1592,0,0
372424,5,1592,0,0
372444,5,1592,0,0
372464,5,1592,0,0
372484,5,1592,0,0
372504,5,1592,0,0
372524,5,1592,0,0
372544,5,1591,0,0
372564,5,1591,0,0
372584,5,1591,0,0
372604,5,1591,0,0
372624,5,1591,0,0
372644,5,1590,0,0
372664,5,1590,0,0
372684,5,1590,0,0
372704,5,1590,0,0
372724,5,1590,0,0
372744,5,1590,0,0
372764,5,1589,0,0
372784,5,1589,0,0
372804,5,1589,0,0
372824,5,1589,0,0
372844,5,1589,0,0
372864,5,1589,0,0
372884,5,1589,0,0
372904,5,1589,0,0
372924,5,1589,0,0
372944,5,1589,0,0
372964,5,1589,0,0
372984,5,1589,0,0
373004,5,1589,0,0
373024,5,1589,0,0
373044,5,1589,0,0
373064,5,1589,0,0
373084,5,1589,0,0
373104,5,1589,0,0
373124,5,1589,0,0
373144,5,1588,0,0
373164,5,1588,0,0
373184,5,1588,0,0
373204,5,1588,0,0
373224,5,1588,0,0
373244,5,1588,0,0
373264,5,1588,0,0
373284,5,1588,0,0
373304,5,1588,0,0
373324,5,1587,0,0
373344,5,1587,0,0
373364,5,1587,0,0
373384,5,1587,0,0
373404,5,1587,0,0
373424,5,1587,0,0
373444,5,1586,0,0
373464,5,1586,0,0
373484,5,1586,0,0
373504,5,1586,0,0
373524,5,1586,0,0
373544,5,1585,0,0
373564,5,1585,0,0
373584,5,1585,0,0
373604,5,1585,0,0
373624,5,1585,0,0
373644,5,1585,0,0
373664,5,1585,0,0
373684,5,1585,0,0
373704,5,1584,0,0
373724,5,1584,0,0
373744,5,1584,0,0
373764,5,1584,0,0
373784,5,1584,0,0
373804,5,1584,0,0
373824,5,1584,0,0
373844,5,1584,0,0
373864,5,1583,0,0
373884,5,1583,0,0
373904,5,1583,0,0
373924,5,1583,0,0
373944,5,1583,0,0
373964,5,1583,0,0
373984,5,1583,0,0
374004,5,1583,0,0
374024,5,1582,0,0
374044,5,1582,0,0
374064,5,1582,0,0
374084,5,1582,0,0
374104,5,1582,0,0
374124,5,1582,0,0
374144,5,1582,0,0
374164,5,1582,0,0
374184,5,1582,0,0
374204,5,1582,0,0
374224,5,1582,0,0
374244,5,1581,0,0
374264,5,1581,0,0
374284,5,1581,0,0
374304,5,1581,0,0
374324,5,1581,0,0
374344,5,1581,0,0
374364,5,1581,0,0
374384,5,1581,0,0
374404,5,1581,0,0
374424,5,1581,0,0
374444,5,1580,0,0
374464,5,1580,0,0
374484,5,1580,0,0
374504,5,1580,0,0
374524,5,1580,0,0
374544,5,1580,0,0
374564,5,1580,0,0
374584,5,1580,0,0
374604,5,1579,0,0
374624,5,1579,0,0
374644,5,1579,0,0
374664,5,1579,0,0
374684,5,1579,0,0
374704,5,1579,0,0
374724,5,1579,0,0
374744,5,1579,0,0
374764,5,1578,0,0
374784,5,1578,0,0
374804,5,1578,0,0
374824,5,1578,0,0
374844,5,1578,0,0
374864,5,1578,0,0
374884,5,1577,0,0
374904,5,1577,0,0
374924,5,1577,0,0
374944,5,1577,0,0
374964,5,1577,0,0
374984,5,1577,0,0
375004,5,1577,0,0
375024,5,1577,0,0
375044,5,1577,0,0
375064,5,1577,0,0
375084,5,1577,0,0
375104,5,1577,0,0
375124,5,1577,0,0
375144,5,1576,0,0
375164,5,1576,0,0
375184,5,1576,0,0
375204,5,1576,0,0
375224,5,1576,0,0
375244,5,1576,0,0
375264,5,1576,0,0
375284,5,1576,0,0
375304,5,1576,0,0
375324,5,1576,0,0
375344,5,1576,0,0
375364,5,1576,0,0
375384,5,1576,0,0
375404,5,1576,0,0
375424,5,1576,0,0
375444,5,1575,0,0
375464,5,1575,0,0
375484,5,1575,0,0
375504,5,1575,0,0
375524,5,1575,0,0
375544,5,1575,0,0
375564,5,1575,0,0
375584,5,1575,0,0
375604,5,1574,0,0
375624,5,1574,0,0
375644,5,1574,0,0
375664,5,1574,0,0
375684,5,1574,0,0
375704,5,1574,0,0
375724,5,1574,0,0
375744,5,1574,0,0
375764,5,1574,0,0
375784,5,1573,0,0
375804,5,1573,0,0
375824,5,1573,0,0
375844,5,1573,0,0
375864,5,1573,0,0
375884,5,1573,0,0
375904,5,1573,0,0
375924,5,1572,0,0
375944,5,1572,0,0
375964,5,1572,0,0
375984,5,1572,0,0
376004,5,1572,0,0
376024,5,1572,0,0
376044,5,1571,0,0
376064,5,1571,0,0
376084,5,1571,0,0
376104,5,1571,0,0
376124,5,1571,0,0
376144,5,1570,0,0
376164,5,1570,0,0
376184,5,1570,0,0
376204,5,1570,0,0
376224,5,1570,0,0
376244,5,1570,0,0
376264,5,1570,0,0
376284,5,1570,0,0
376304,5,1570,0,0
376324,5,1570,0,0
376344,5,1570,0,0
376364,5,1570,0,0
376384,5,1570,0,0
376404,5,1570,0,0
376424,5,1570,0,0
376444,5,1570,0,0
376464,5,1570,0,0
376484,5,1569,0,0
376504,5,1569,0,0
376524,5,1569,0,0
376544,5,1569,0,0
376564,5,1569,0,0
376584,5,1569,0,0
376604,5,1569,0,0
376624,5,1569,0,0
376644,5,1569,0,0
376664,5,1569,0,0
376684,5,1569,0,0
376704,5,1569,0,0
376724,5,1568,0,0
376744,5,1568,0,0
376764,5,1568,0,0
376784,5,1568,0,0
376804,5,1568,0,0
376824,5,1568,0,0
376844,5,1568,0,0
376864,5,1568,0,0
376884,5,1567,0,0
376904,5,1567,0,0
376924,5,1567,0,0
376944,5,1567,0,0
376964,5,1567,0,0
376984,5,1567,0,0
377004,5,1567,0,0
377024,5,1566,0,0
377044,5,1566,0,0
377064,5,1566,0,0
377084,5,1566,0,0
377104,5,1566,0,0
377124,5,1566,0,0
377144,5,1566,0,0
377164,5,1565,0,0
377184,5,1565,0,0
377204,5,1565,0,0
377224,5,1565,0,0
377244,5,1565,0,0
377264,5,1565,0,0
377284,5,1565,0,0
377304,5,1565,0,0
377324,5,1565,0,0
377344,5,1565,0,0
377364,5,1564,0,0
377384,5,1564,0,0
377404,5,1564,0,0
377424,5,1564,0,0
377444,5,1564,0,0
377464,5,1564,0,0
377484,5,1564,0,0
377504,5,1564,0,0
377524,5,1563,0,0
377544,5,1563,0,0
377564,5,1563,0,0
377584,5,1563,0,0
377604,5,1563,0,0
377624,5,1563,0,0
377644,5,1563,0,0
377664,5,1563,0,0
377684,5,1562,0,0
377704,5,1562,0,0
377724,5,1562,0,0
377744,5,1562,0,0
377764,5,1562,0,0
377784,5,1562,0,0
377804,5,1562,0,0
377824,5,1562,0,0
377844,5,1561,0,0
377864,5,1561,0,0
377884,5,1561,0,0
377904,5,1561,0,0
377924,5,1561,0,0
377944,5,1561,0,0
377964,5,1561,0,0
377984,5,1561,0,0
378004,5,1561,0,0
378024,5,1561,0,0
378044,5,1561,0,0
378064,5,1561,0,0
378084,5,1561,0,0
378104,5,1561,0,0
378124,5,1561,0,0
378144,5,1561,0,0
378164,5,1560,0,0
378184,5,1560,0,0
378204,5,1560,0,0
378224,5,1560,0,0
378244,5,1560,0,0
378264,5,1560,0,0
378284,5,1560,0,0
378304,5,1560,0,0
378324,5,1560,0,0
378344,5,1560,0,0
378364,5,1560,0,0
378384,5,1559,0,0
378404,5,1559,0,0
378424,5,1559,0,0
378444,5,1559,0,0
378464,5,1559,0,0
378484,5,1559,0,0
378504,5,1559,0,0
378524,5,1559,0,0
378544,5,1559,0,0
378564,5,1558,0,0
378584,5,1558,0,0
378604,5,1558,0,0
378624,5,1558,0,0
378644,5,1558,0,0
378664,5,1558,0,0
378684,5,1558,0,0
378704,5,1557,0,0
378724,5,1557,0,0
378744,5,1557,0,0
378764,5,1557,0,0
378784,5,1557,0,0
378804,5,1557,0,0
378824,5,1557,0,0
378844,5,1556,0,0
378864,5,1556,0,0
378884,5,1556,0,0
378904,5,1556,0,0
378924,5,1556,0,0
378944,5,1556,0,0
378964,5,1556,0,0
378984,5,1556,0,0
379004,5,1555,0,0
379024,5,1555,0,0
379044,5,1555,0,0
379064,5,1555,0,0
379084,5,1555,0,0
379104,5,1555,0,0
379124,5,1555,0,0
379144,5,1555,0,0
379164,5,1554,0,0
379184,5,1554,0,0
379204,5,1554,0,0
379224,5,1554,0,0
379244,5,1554,0,0
379264,5,1554,0,0
379284,5,1553,0,0
379304,5,1553,0,0
379324,5,1553,0,0
379344,5,1553,0,0
379364,5,1553,0,0
379384,5,1553,0,0
379404,5,1553,0,0
379424,5,1552,0,0
379444,5,1552,0,0
379464,5,1552,0,0
379484,5,1552,0,0
379504,5,1552,0,0
379524,5,1552,0,0
379544,5,1552,0,0
379564,5,1551,0,0
379584,5,1551,0,0
379604,5,1551,0,0
379624,5,1551,0,0
379644,5,1551,0,0
379664,5,1551,0,0
379684,5,1551,0,0
379704,5,1551,0,0
379724,5,1551,0,0
379744,5,1551,0,0
379764,5,1551,0,0
379784,5,1551,0,0
379804,5,1551,0,0
379824,5,1550,0,0
379844,5,1550,0,0
379864,5,1550,0,0
379884,5,1550,0,0
379904,5,1550,0,0
379924,5,1550,0,0
379944,5,1550,0,0
379964,5,1549,0,0
379984,5,1549,0,0
380004,5,1549,0,0
380024,5,1549,0,0
380044,5,1549,0,0
380064,5,1549,0,0
380084,5,1549,0,0
380104,5,1549,0,0
380124,5,1549,0,0
380144,5,1548,0,0
380164,5,1548,0,0
380184,5,1548,0,0
380204,5,1548,0,0
380224,5,1548,0,0
380244,5,1548,0,0
380264,5,1548,0,0
380284,5,1548,0,0
380304,5,1548,0,0
380324,5,1548,0,0
380344,5,1547,0,0
380364,5,1547,0,0
380384,5,1547,0,0
380404,5,1547,0,0
380424,5,1547,0,0
380444,5,1547,0,0
380464,5,1547,0,0
380484,5,1547,0,0
380504,5,1546,0,0
380524,5,1546,0,0
380544,5,1546,0,0
380564,5,1546,0,0
380584,5,1546,0,0
380604,5,1546,0,0
380624,5,1546,0,0
380644,5,1545,0,0
380664,5,1545,0,0
380684,5,1545,0,0
380704,5,1545,0,0
380724,5,1545,0,0
380744,5,1545,0,0
380764,5,1545,0,0
380784,5,1545,0,0
380804,5,1545,0,0
380824,5,1545,0,0
380844,5,1544,0,0
380864,5,1544,0,0
380884,5,1544,0,0
380904,5,1544,0,0
380924,5,1544,0,0
380944,5,1544,0,0
380964,5,1544,0,0
380984,5,1544,0,0
381004,5,1544,0,0
381024,5,1544,0,0
381044,5,1543,0,0
381064,5,1543,0,0
381084,5,1543,0,0
381104,5,1543,0,0
381124,5,1543,0,0
381144,5,1543,0,0
381164,5,1543,0,0
381184,5,1543,0,0
381204,5,1543,0,0
381224,5,1543,0,0
381244,5,1543,0,0
381264,5,1543,0,0
381284,5,1542,0,0
381304,5,1542,0,0
381324,5,1542,0,0
381344,5,1542,0,0
381364,5,1542,0,0
381384,5,1542,0,0
381404,5,1542,0,0
381424,5,1542,0,0
381444,5,1542,0,0
381464,5,1542,0,0
381484,5,1542,0,0
381504,5,1542,0,0
381524,5,1542,0,0
381544,5,1542,0,0
381564,5,1542,0,0
381584,5,1542,0,0
381604,5,1542,0,0
381624,5,1541,0,0
381644,5,1541,0,0
381664,5,1541,0,0
381684,5,1541,0,0
381704,5,1541,0,0
381724,5,1541,0,0
381744,5,1541,0,0
381764,5,1540,0,0
381784,5,1540,0,0
381804,5,1540,0,0
381824,5,1540,0,0
381844,5,1540,0,0
381864,5,1540,0,0
381884,5,1539,0,0
381904,5,1539,0,0
381924,5,1539,0,0
381944,5,1539,0,0
381964,5,1539,0,0
381984,5,1539,0,0
382004,5,1539,0,0
382024,5,1538,0,0
382044,5,1538,0,0
382064,5,1538,0,0
382084,5,1538,0,0
382104,5,1538,0,0
382124,5,1538,0,0
382144,5,1538,0,0
382164,5,1537,0,0
382184,5,1537,0,0
382204,5,1537,0,0
382224,5,1537,0,0
382244,5,1537,0,0
382264,5,1537,0,0
382284,5,1537,0,0
382304,5,1537,0,0
382324,5,1537,0,0
382344,5,1536,0,0
382364,5,1536,0,0
382384,5,1536,0,0
382404,5,1536,0,0
382424,5,1536,0,0
382444,5,1536,0,0
382464,5,1536,0,0
382484,5,1536,0,0
382504,5,1535,0,0
382524,5,1535,0,0
382544,5,1535,0,0
382564,5,1535,0,0
382584,5,1535,0,0
382604,5,1535,0,0
382624,5,1535,0,0
382644,5,1535,0,0
382664,5,1534,0,0
382684,5,1534,0,0
382704,5,1534,0,0
382724,5,1534,0,0
382744,5,1534,0,0
382764,5,1534,0,0
382784,5,1534,0,0
382804,5,1533,0,0
382824,5,1533,0,0
382844,5,1533,0,0
382864,5,1533,0,0
382884,5,1533,0,0
382904,5,1533,0,0
382924,5,1532,0,0
382944,5,1532,0,0
382964,5,1532,0,0
382984,5,1532,0,0
383004,5,1532,0,0
383024,5,1532,0,0
383044,5,1532,0,0
383064,5,1532,0,0
383084,5,1532,0,0
383104,5,1532,0,0
383124,5,1532,0,0
383144,5,1531,0,0
383164,5,1531,0,0
383184,5,1531,0,0
383204,5,1531,0,0
383224,5,1531,0,0
383244,5,1531,0,0
383264,5,1531,0,0
383284,5,1531,0,0
383304,5,1531,0,0
383324,5,1530,0,0
383344,5,1530,0,0
383364,5,1530,0,0
383384,5,1530,0,0
383404,5,1530,0,0
383424,5,1530,0,0
383444,5,1530,0,0
383464,5,1530,0,0
383484,5,1530,0,0
383504,5,1530,0,0
383524,5,1530,0,0
383544,5,1530,0,0
383564,5,1530,0,0
383584,5,1529,0,0
383604,5,1529,0,0
383624,5,1529,0,0
383644,5,1529,0,0
383664,5,1529,0,0
383684,5,1529,0,0
383704,5,1529,0,0
383724,5,1529,0,0
383744,5,1529,0,0
383764,5,1529,0,0
383784,5,1529,0,0
383804,5,1528,0,0
383824,5,1528,0,0
383844,5,1528,0,0
383864,5,1528,0,0
383884,5,1528,0,0
383904,5,1528,0,0
383924,5,1528,0,0
383944,5,1528,0,0
383964,5,1527,0,0
383984,5,1527,0,0
384004,5,1527,0,0
384024,5,1527,0,0
384044,5,1527,0,0
384064,5,1527,0,0
384084,5,1527,0,0
384104,5,1527,0,0
384124,5,1526,0,0
384144,5,1526,0,0
384164,5,1526,0,0
384184,5,1526,0,0
384204,5,1526,0,0
384224,5,1526,0,0
384244,5,1526,0,0
384264,5,1525,0,0
384284,5,1525,0,0
384304,5,1525,0,0
384324,5,1525,0,0
384344,5,1525,0,0
384364,5,1525,0,0
384384,5,1524,0,0
384404,5,1524,0,0
384424,5,1524,0,0
384444,5,1524,0,0
384464,5,1524,0,0
384484,5,1524,0,0
384504,5,1524,0,0
384524,5,1524,0,0
384544,5,1524,0,0
384564,5,1523,0,0
384584,5,1523,0,0
384604,5,1523,0,0
384624,5,1523,0,0
384644,5,1523,0,0
384664,5,1523,0,0
384684,5,1523,0,0
384704,5,1523,0,0
384724,5,1523,0,0
384744,5,1523,0,0
384764,5,1522,0,0
384784,5,1522,0,0
384804,5,1522,0,0
384824,5,1522,0,0
384844,5,1522,0,0
384864,5,1522,0,0
384884,5,1522,0,0
384904,5,1522,0,0
384924,5,1522,0,0
384944,5,1522,0,0
384964,5,1521,0,0
384984,5,1521,0,0
385004,5,1521,0,0
385024,5,1521,0,0
385044,5,1521,0,0
385064,5,1521,0,0
385084,5,1521,0,0
385104,5,1521,0,0
385124,5,1521,0,0
385144,5,1520,0,0
385164,5,1520,0,0
385184,5,1520,0,0
385204,5,1520,0,0
385224,5,1520,0,0
385244,5,1520,0,0
385264,5,1520,0,0
385284,5,1520,0,0
385304,5,1520,0,0
385324,5,1520,0,0
385344,5,1519,0,0
385364,5,1519,0,0
385384,5,1519,0,0
385404,5,1519,0,0
385424,5,1519,0,0
385444,5,1519,0,0
385464,5,1519,0,0
385484,5,1519,0,0
385504,5,1519,0,0
385524,5,1518,0,0
385544,5,1518,0,0
385564,5,1518,0,0
385584,5,1518,0,0
385604,5,1518,0,0
385624,5,1518,0,0
385644,5,1518,0,0
385664,5,1518,0,0
385684,5,1518,0,0
385704,5,1518,0,0
385724,5,1518,0,0
385744,5,1518,0,0
385764,5,1517,0,0
385784,5,1517,0,0
385804,5,1517,0,0
385824,5,1517,0,0
385844,5,1517,0,0
385864,5,1517,0,0
385884,5,1517,0,0
385904,5,1517,0,0
385924,5,1516,0,0
385944,5,1516,0,0
385964,5,1516,0,0
385984,5,1516,0,0
386004,5,1516,0,0
386024,5,1516,0,0
386044,5,1515,0,0
386064,5,1515,0,0
386084,5,1515,0,0
386104,5,1515,0,0
386124,5,1515,0,0
386144,5,1515,0,0
386164,5,1515,0,0
386184,5,1514,0,0
386204,5,1514,0,0
386224,5,1514,0,0
386244,5,1514,0,0
386264,5,1514,0,0
386284,5,1514,0,0
386304,5,1514,0,0
386324,5,1514,0,0
386344,5,1513,0,0
386364,5,1513,0,0
386384,5,1513,0,0
386404,5,1513,0,0
386424,5,1513,0,0
386444,5,1513,0,0
386464,5,1513,0,0
386484,5,1513,0,0
386504,5,1513,0,0
386524,5,1513,0,0
386544,5,1513,0,0
386564,5,1513,0,0
386584,5,1513,0,0
386604,5,1512,0,0
386624,5,1512,0,0
386644,5,1512,0,0
386664,5,1512,0,0
386684,5,1512,0,0
386704,5,1512,0,0
386724,5,1512,0,0
386744,5,1512,0,0
386764,5,1512,0,0
386784,5,1512,0,0
386804,5,1511,0,0
386824,5,1511,0,0
386844,5,1511,0,0
386864,5,1511,0,0
386884,5,1511,0,0
386904,5,1511,0,0
386924,5,1511,0,0
386944,5,1511,0,0
386964,5,1511,0,0
386984,5,1510,0,0
387004,5,1510,0,0
387024,5,1510,0,0
387044,5,1510,0,0
387064,5,1510,0,0
387084,5,1510,0,0
387104,5,1510,0,0
387124,5,1510,0,0
387144,5,1510,0,0
387164,5,1509,0,0
387184,5,1509,0,0
387204,5,1509,0,0
387224,5,1509,0,0
387244,5,1509,0,0
387264,5,1509,0,0
387284,5,1508,0,0
387304,5,1508,0,0
387324,5,1508,0,0
387344,5,1508,0,0
387364,5,1508,0,0
387384,5,1508,0,0
387404,5,1508,0,0
387424,5,1507,0,0
387444,5,1507,0,0
387464,5,1507,0,0
387484,5,1507,0,0
387504,5,1507,0,0
387524,5,1507,0,0
387544,5,1507,0,0
387564,5,1507,0,0
387584,5,1507,0,0
387604,5,1507,0,0
387624,5,1507,0,0
387644,5,1507,0,0
387664,5,1506,0,0
387684,5,1506,0,0
387704,5,1506,0,0
387724,5,1506,0,0
387744,5,1506,0,0
387764,5,1506,0,0
387784,5,1506,0,0
387804,5,1506,0,0
387824,5,1506,0,0
387844,5,1505,0,0
387864,5,1505,0,0
387884,5,1505,0,0
387904,5,1505,0,0
387924,5,1505,0,0
387944,5,1505,0,0
387964,5,1505,0,0
387984,5,1505,0,0
388004,5,1505,0,0
388024,5,1505,0,0
388044,5,1504,0,0
388064,5,1504,0,0
388084,5,1504,0,0
388104,5,1504,0,0
388124,5,1504,0,0
388144,5,1504,0,0
388164,5,1504,0,0
388184,5,1504,0,0
388204,5,1504,0,0
388224,5,1503,0,0
388244,5,1503,0,0
388264,5,1503,0,0
388284,5,1503,0,0
388304,5,1503,0,0
388324,5,1503,0,0
388344,5,1503,0,0
388364,5,1502,0,0
388384,5,1502,0,0
388404,5,1502,0,0
388424,5,1502,0,0
388444,5,1502,0,0
388464,5,1502,0,0
388484,5,1502,0,0
388504,5,1501,0,0
388524,5,1501,0,0
388544,5,1501,0,0
388564,5,1501,0,0
388584,5,1501,0,0
388604,5,1501,0,0
388624,5,1501,0,0
388644,5,1501,0,0
388664,5,1501,0,0
388684,5,1501,0,0
388704,5,1501,0,0
388724,5,1500,0,0
388744,5,1500,0,0
388764,5,1500,0,0
388784,5,1500,0,0
388804,5,1500,0,0
388824,5,1500,0,0
388844,5,1500,0,0
388864,5,1500,0,0
388884,5,1500,0,0
388904,5,1499,0,0
388924,5,1499,0,0
388944,5,1499,0,0
388964,5,1499,0,0
388984,5,1499,0,0
389004,5,1499,0,0
389024,5,1499,0,0
389044,5,1498,0,0
389064,5,1498,0,0
389084,5,1498,0,0
389104,5,1498,0,0
389124,5,1498,0,0
389144,5,1498,0,0
389164,5,1498,0,0
389184,5,1498,0,0
389204,5,1498,0,0
389224,5,1498,0,0
389244,5,1498,0,0
389264,5,1498,0,0
389284,5,1498,0,0
389304,5,1498,0,0
389324,5,1498,0,0
389344,5,1498,0,0
389364,5,1498,0,0
389384,5,1498,0,0
389404,5,1498,0,0
389424,5,1498,0,0
389444,5,1498,0,0
389464,5,1498,0,0
389484,5,1497,0,0
389504,5,1497,0,0
389524,5,1497,0,0
389544,5,1497,0,0
389564,5,1497,0,0
389584,5,1497,0,0
389604,5,1497,0,0
389624,5,1497,0,0
389644,5,1497,0,0
389664,5,1496,0,0
389684,5,1496,0,0
389704,5,1496,0,0
389724,5,1496,0,0
389744,5,1496,0,0
389764,5,1496,0,0
389784,5,1496,0,0
389804,5,1496,0,0
389824,5,1495,0,0
389844,5,1495,0,0
389864,5,1495,0,0
389884,5,1495,0,0
389904,5,1495,0,0
389924,5,1495,0,0
389944,5,1495,0,0
389964,5,1494,0,0
389984,5,1494,0,0
390004,5,1494,0,0
390024,5,1494,0,0
390044,5,1494,0,0
390064,5,1494,0,0
390084,5,1494,0,0
390104,5,1494,0,0
390124,5,1493,0,0
390144,5,1493,0,0
390164,5,1493,0,0
390184,5,1493,0,0
390204,5,1493,0,0
390224,5,1493,0,0
390244,5,1492,0,0
390264,5,1492,0,0
390284,5,1492,0,0
390304,5,1492,0,0
390324,5,1492,0,0
390344,5,1492,0,0
390364,5,1492,0,0
390384,5,1492,0,0
390404,5,1492,0,0
390424,5,1492,0,0
390444,5,1491,0,0
390464,5,1491,0,0
390484,5,1491,0,0
390504,5,1491,0,0
390524,5,1491,0,0
390544,5,1491,0,0
390564,5,1491,0,0
390584,5,1491,0,0
390604,5,1491,0,0
390624,5,1490,0,0
390644,5,1490,0,0
390664,5,1490,0,0
390684,5,1490,0,0
390704,5,1490,0,0
390724,5,1490,0,0
390744,5,1490,0,0
390764,5,1490,0,0
390784,5,1490,0,0
390804,5,1490,0,0
390824,5,1489,0,0
390844,5,1489,0,0
390864,5,1489,0,0
390884,5,1489,0,0
390904,5,1489,0,0
390924,5,1489,0,0
390944,5,1489,0,0
390964,5,1489,0,0
390984,5,1488,0,0
391004,5,1488,0,0
391024,5,1488,0,0
391044,5,1488,0,0
391064,5,1488,0,0
391084,5,1488,0,0
391104,5,1487,0,0
391124,5,1487,0,0
391144,5,1487,0,0
391164,5,1487,0,0
391184,5,1487,0,0
391204,5,1487,0,0
391224,5,1487,0,0
391244,5,1487,0,0
391264,5,1486,0,0
391284,5,1486,0,0
391304,5,1486,0,0
391324,5,1486,0,0
391344,5,1486,0,0
391364,5,1486,0,0
391384,5,1486,0,0
391404,5,1486,0,0
391424,5,1486,0,0
391444,5,1485,0,0
391464,5,1485,0,0
391484,5,1485,0,0
391504,5,1485,0,0
391524,5,1485,0,0
391544,5,1485,0,0
391564,5,1485,0,0
391584,5,1484,0,0
391604,5,1484,0,0
391624,5,1484,0,0
391644,5,1484,0,0
391664,5,1484,0,0
391684,5,1484,0,0
391704,5,1484,0,0
391724,5,1484,0,0
391744,5,1484,0,0
391764,5,1483,0,0
391784,5,1483,0,0
391804,5,1483,0,0
391824,5,1483,0,0
391844,5,1483,0,0
391864,5,1483,0,0
391884,5,1483,0,0
391904,5,1482,0,0
391924,5,1482,0,0
391944,5,1482,0,0
391964,5,1482,0,0
391984,5,1482,0,0
392004,5,1482,0,0
392024,5,1482,0,0
392044,5,1481,0,0
392064,5,1481,0,0
392084,5,1481,0,0
392104,5,1481,0,0
392124,5,1481,0,0
392144,5,1481,0,0
392164,5,1481,0,0
392184,5,1481,0,0
392204,5,1481,0,0
392224,5,1481,0,0
392244,5,1480,0,0
392264,5,1480,0,0
392284,5,1480,0,0
392304,5,1480,0,0
392324,5,1480,0,0
392344,5,1480,0,0
392364,5,1480,0,0
392384,5,1480,0,0
392404,5,1480,0,0
392424,5,1480,0,0
392444,5,1480,0,0
392464,5,1480,0,0
392484,5,1480,0,0
392504,5,1480,0,0
392524,5,1480,0,0
392544,5,1480,0,0
392564,5,1480,0,0
392584,5,1480,0,0
392604,5,1480,0,0
392624,5,1479,0,0
392644,5,1479,0,0
392664,5,1479,0,0
392684,5,1479,0,0
392704,5,1479,0,0
392724,5,1479,0,0
392744,5,1479,0,0
392764,5,1479,0,0
392784,5,1479,0,0
392804,5,1478,0,0
392824,5,1478,0,0
392844,5,1478,0,0
392864,5,1478,0,0
392884,5,1478,0,0
392904,5,1478,0,0
392924,5,1478,0,0
392944,5,1478,0,0
392964,5,1477,0,0
392984,5,1477,0,0
393004,5,1477,0,0
393024,5,1477,0,0
393044,5,1477,0,0
393064,5,1477,0,0
393084,5,1477,0,0
393104,5,1476,0,0
393124,5,1476,0,0
393144,5,1476,0,0
393164,5,1476,0,0
393184,5,1476,0,0
393204,5,1476,0,0
393224,5,1476,0,0
393244,5,1475,0,0
393264,5,1475,0,0
393284,5,1475,0,0
393304,5,1475,0,0
393324,5,1475,0,0
393344,5,1475,0,0
393364,5,1475,0,0
393384,5,1475,0,0
393404,5,1475,0,0
393424,5,1475,0,0
393444,5,1474,0,0
393464,5,1474,0,0
393484,5,1474,0,0
393504,5,1474,0,0
393524,5,1474,0,0
393544,5,1474,0,0
393564,5,1474,0,0
393584,5,1474,0,0
393604,5,1474,0,0
393624,5,1474,0,0
393644,5,1474,0,0
393664,5,1473,0,0
393684,5,1473,0,0
393704,5,1473,0,0
393724,5,1473,0,0
393744,5,1473,0,0
393764,5,1473,0,0
393784,5,1473,0,0
393804,5,1473,0,0
393824,5,1473,0,0
393844,5,1472,0,0
393864,5,1472,0,0
393884,5,1472,0,0
393904,5,1472,0,0
393924,5,1472,0,0
393944,5,1472,0,0
393964,5,1472,0,0
393984,5,1472,0,0
394004,5,1472,0,0
394024,5,1471,0,0
394044,5,1471,0,0
394064,5,1471,0,0
394084,5,1471,0,0
394104,5,1471,0,0
394124,5,1471,0,0
394144,5,1471,0,0
394164,5,1471,0,0
394184,5,1471,0,0
394204,5,1471,0,0
394224,5,1470,0,0
394244,5,1470,0,0
394264,5,1470,0,0
394284,5,1470,0,0
394304,5,1469,0,0
394324,5,1469,0,0
394344,5,1469,0,0
394364,5,1469,0,0
394384,5,1469,0,0
394404,5,1469,0,0
394424,5,1469,0,0
394444,5,1468,0,0
394464,5,1468,0,0
394484,5,1468,0,0
394504,5,1468,0,0
394524,5,1468,0,0
394544,5,1468,0,0
394564,5,1468,0,0
394584,5,1468,0,0
394604,5,1468,0,0
394624,5,1468,0,0
394644,5,1468,0,0
394664,5,1468,0,0
394684,5,1468,0,0
394704,5,1468,0,0
394724,5,1467,0,0
394744,5,1467,0,0
394764,5,1467,0,0
394784,5,1467,0,0
394804,5,1467,0,0
394824,5,1467,0,0
394844,5,1467,0,0
394864,5,1467,0,0
394884,5,1467,0,0
394904,5,1467,0,0
394924,5,1467,0,0
394944,5,1466,0,0
394964,5,1466,0,0
394984,5,1466,0,0
395004,5,1466,0,0
395024,5,1466,0,0
395044,5,1466,0,0
395064,5,1466,0,0
395084,5,1466,0,0
395104,5,1465,0,0
395124,5,1465,0,0
395144,5,1465,0,0
395164,5,1465,0,0
395184,5,1465,0,0
395204,5,1465,0,0
395224,5,1465,0,0
395244,5,1465,0,0
395264,5,1464,0,0
395284,5,1464,0,0
395304,5,1464,0,0
395324,5,1464,0,0
395344,5,1464,0,0
395364,5,1464,0,0
395384,5,1464,0,0
395404,5,1464,0,0
395424,5,1464,0,0
395444,5,1464,0,0
395464,5,1463,0,0
395484,5,1463,0,0
395504,5,1463,0,0
395524,5,1463,0,0
395544,5,1463,0,0
395564,5,1463,0,0
395584,5,1463,0,0
395604,5,1463,0,0
395624,5,1463,0,0
395644,5,1463,0,0
395664,5,1462,0,0
395684,5,1462,0,0
395704,5,1462,0,0
395724,5,1462,0,0
395744,5,1462,0,0
395764,5,1462,0,0
395784,5,1462,0,0
395804,5,1462,0,0
395824,5,1461,0,0
395844,5,1461,0,0
395864,5,1461,0,0
395884,5,1461,0,0
395904,5,1461,0,0
395924,5,1461,0,0
395944,5,1461,0,0
395964,5,1461,0,0
395984,5,1460,0,0
396004,5,1460,0,0
396024,5,1460,0,0
396044,5,1460,0,0
396064,5,1460,0,0
396084,5,1460,0,0
396104,5,1459,0,0
396124,5,1459,0,0
396144,5,1459,0,0
396164,5,1459,0,0
396184,5,1459,0,0
396204,5,1459,0,0
396224,5,1459,0,0
396244,5,1459,0,0
396264,5,1459,0,0
396284,5,1459,0,0
396304,5,1458,0,0
396324,5,1458,0,0
396344,5,1458,0,0
396364,5,1458,0,0
396384,5,1458,0,0
396404,5,1458,0,0
396424,5,1458,0,0
396444,5,1458,0,0
396464,5,1457,0,0
396484,5,1457,0,0
396504,5,1457,0,0
396524,5,1457,0,0
396544,5,1457,0,0
396564,5,1457,0,0
396584,5,1457,0,0
396604,5,1457,0,0
396624,5,1457,0,0
396644,5,1457,0,0
396664,5,1457,0,0
396684,5,1457,0,0
396704,5,1457,0,0
396724,5,1457,0,0
396744,5,1457,0,0
396764,5,1456,0,0
396784,5,1456,0,0
396804,5,1456,0,0
396824,5,1456,0,0
396844,5,1456,0,0
396864,5,1456,0,0
396884,5,1456,0,0
396904,5,1455,0,0
396924,5,1455,0,0
396944,5,1455,0,0
396964,5,1455,0,0
396984,5,1455,0,0
397004,5,1454,0,0
397024,5,1454,0,0
397044,5,1454,0,0
397064,5,1454,0,0
397084,5,1454,0,0
397104,5,1454,0,0
397124,5,1454,0,0
397144,5,1454,0,0
397164,5,1454,0,0
397184,5,1454,0,0
397204,5,1453,0,0
397224,5,1453,0,0
397244,5,1453,0,0
397264,5,1453,0,0
397284,5,1453,0,0
397304,5,1453,0,0
397324,5,1453,0,0
397344,5,1453,0,0
397364,5,1453,0,0
397384,5,1453,0,0
397404,5,1453,0,0
397424,5,1453,0,0
397444,5,1452,0,0
397464,5,1452,0,0
397484,5,1452,0,0
397504,5,1452,0,0
397524,5,1452,0,0
397544,5,1452,0,0
397564,5,1452,0,0
397584,5,1452,0,0
397604,5,1452,0,0
397624,5,1452,0,0
397644,5,1451,0,0
397664,5,1451,0,0
397684,5,1451,0,0
397704,5,1451,0,0
397724,5,1451,0,0
397744,5,1451,0,0
397764,5,1451,0,0
397784,5,1451,0,0
397804,5,1450,0,0
397824,5,1450,0,0
397844,5,1450,0,0
397864,5,1450,0,0
397884,5,1450,0,0
397904,5,1450,0,0
397924,5,1450,0,0
397944,5,1450,0,0
397964,5,1450,0,0
397984,5,1450,0,0
398004,5,1449,0,0
398024,5,1449,0,0
398044,5,1449,0,0
398064,5,1449,0,0
398084,5,1449,0,0
398104,5,1449,0,0
398124,5,1448,0,0
398144,5,1448,0,0
398164,5,1448,0,0
398184,5,1448,0,0
398204,5,1448,0,0
398224,5,1448,0,0
398244,5,1448,0,0
398264,5,1447,0,0
398284,5,1447,0,0
398304,5,1447,0,0
398324,5,1447,0,0
398344,5,1447,0,0
398364,5,1447,0,0
398384,5,1447,0,0
398404,5,1447,0,0
398424,5,1447,0,0
398444,5,1447,0,0
398464,5,1447,0,0
398484,5,1446,0,0
398504,5,1446,0,0
398524,5,1446,0,0
398544,5,1446,0,0
398564,5,1446,0,0
398584,5,1446,0,0
398604,5,1446,0,0
398624,5,1445,0,0
398644,5,1445,0,0
398664,5,1445,0,0
398684,5,1445,0,0
398704,5,1445,0,0
398724,5,1445,0,0
398744,5,1445,0,0
398764,5,1445,0,0
398784,5,1444,0,0
398804,5,1444,0,0
398824,5,1444,0,0
398844,5,1444,0,0
398864,5,1444,0,0
398884,5,1444,0,0
398904,5,1444,0,0
398924,5,1444,0,0
398944,5,1444,0,0
398964,5,1444,0,0
398984,5,1444,0,0
399004,5,1443,0,0
399024,5,1443,0,0
399044,5,1443,0,0
399064,5,1443,0,0
399084,5,1443,0,0
399104,5,1443,0,0
399124,5,1443,0,0
399144,5,1443,0,0
399164,5,1443,0,0
399184,5,1442,0,0
399204,5,1442,0,0
399224,5,1442,0,0
399244,5,1442,0,0
399264,5,1442,0,0
399284,5,1442,0,0
399304,5,1442,0,0
399324,5,1442,0,0
399344,5,1442,0,0
399364,5,1442,0,0
399384,5,1442,0,0
399404,5,1441,0,0
399424,5,1441,0,0
399444,5,1441,0,0
399464,5,1441,0,0
399484,5,1441,0,0
399504,5,1441,0,0
399524,5,1441,0,0
399544,5,1441,0,0
399564,5,1440,0,0
399584,5,1440,0,0
399604,5,1440,0,0
399624,5,1440,0,0
399644,5,1440,0,0
399664,5,1440,0,0
399684,5,1440,0,0
399704,5,1440,0,0
399724,5,1440,0,0
399744,5,1440,0,0
399764,5,1440,0,0
399784,5,1439,0,0
399804,5,1439,0,0
399824,5,1439,0,0
399844,5,1439,0,0
399864,5,1439,0,0
399884,5,1439,0,0
399904,5,1439,0,0
399924,5,1439,0,0
399944,5,1439,0,0
399964,5,1439,0,0
399984,5,1439,0,0
400004,5,1438,0,0
400024,5,1438,0,0
400044,5,1438,0,0
400064,5,1438,0,0
400084,5,1438,0,0
400104,5,1438,0,0
400124,5,1438,0,0
400144,5,1438,0,0
400164,5,1438,0,0
400184,5,1437,0,0
400204,5,1437,0,0
400224,5,1437,0,0
400244,5,1437,0,0
400264,5,1437,0,0
400284,5,1437,0,0
400304,5,1437,0,0
400324,5,1436,0,0
400344,5,1436,0,0
400364,5,1436,0,0
400384,5,1436,0,0
400404,5,1436,0,0
400424,5,1436,0,0
400444,5,1436,0,0
400464,5,1436,0,0
400484,5,1436,0,0
400504,5,1435,0,0
400524,5,1435,0,0
400544,5,1435,0,0
400564,5,1435,0,0
400584,5,1435,0,0
400604,5,1435,0,0
400624,5,1434,0,0
400644,5,1434,0,0
400664,5,1434,0,0
400684,5,1434,0,0
400704,5,1434,0,0
400724,5,1434,0,0
400744,5,1434,0,0
400764,5,1434,0,0
400784,5,1433,0,0
400804,5,1433,0,0
400824,5,1433,0,0
400844,5,1433,0,0
400864,5,1433,0,0
400884,5,1433,0,0
400904,5,1433,0,0
400924,5,1433,0,0
400944,5,1433,0,0
400964,5,1433,0,0
400984,5,1433,0,0
401004,5,1433,0,0
401024,5,1432,0,0
401044,5,1432,0,0
401064,5,1432,0,0
401084,5,1432,0,0
401104,5,1432,0,0
401124,5,1432,0,0
401144,5,1432,0,0
401164,5,1432,0,0
401184,5,1432,0,0
401204,5,1432,0,0
401224,5,1431,0,0
401244,5,1431,0,0
401264,5,1431,0,0
401284,5,1431,0,0
401304,5,1431,0,0
401324,5,1431,0,0
401344,5,1431,0,0
401364,5,1431,0,0
401384,5,1431,0,0
401404,5,1431,0,0
401424,5,1431,0,0
401444,5,1431,0,0
401464,5,1431,0,0
401484,5,1430,0,0
401504,5,1430,0,0
401524,5,1430,0,0
401544,5,1430,0,0
401564,5,1430,0,0
401584,5,1430,0,0
401604,5,1430,0,0
401624,5,1430,0,0
401644,5,1429,0,0
401664,5,1429,0,0
401684,5,1429,0,0
401704,5,1429,0,0
401724,5,1429,0,0
401744,5,1429,0,0
401764,5,1429,0,0
401784,5,1429,0,0
401804,5,1428,0,0
401824,5,1428,0,0
401844,5,1428,0,0
401864,5,1428,0,0
401884,5,1428,0,0
401904,5,1428,0,0
401924,5,1428,0,0
401944,5,1428,0,0
401964,5,1427,0,0
401984,5,1427,0,0
402004,5,1427,0,0
402024,5,1427,0,0
402044,5,1427,0,0
402064,5,1427,0,0
402084,5,1427,0,0
402104,5,1427,0,0
402124,5,1427,0,0
402144,5,1426,0,0
402164,5,1426,0,0
402184,5,1426,0,0
402204,5,1426,0,0
402224,5,1426,0,0
402244,5,1426,0,0
402264,5,1426,0,0
402284,5,1426,0,0
402304,5,1426,0,0
402324,5,1425,0,0
402344,5,1425,0,0
402364,5,1425,0,0
402384,5,1425,0,0
402404,5,1425,0,0
402424,5,1425,0,0
402444,5,1425,0,0
402464,5,1425,0,0
402484,5,1425,0,0
402504,5,1425,0,0
402524,5,1425,0,0
402544,5,1424,0,0
402564,5,1424,0,0
402584,5,1424,0,0
402604,5,1424,0,0
402624,5,1424,0,0
402644,5,1424,0,0
402664,5,1424,0,0
402684,5,1424,0,0
402704,5,1424,0,0
402724,5,1424,0,0
402744,5,1424,0,0
402764,5,1424,0,0
402784,5,1423,0,0
402804,5,1423,0,0
402824,5,1423,0,0
402844,5,1423,0,0
402864,5,1423,0,0
402884,5,1423,0,0
402904,5,1423,0,0
402924,5,1423,0,0
402944,5,1423,0,0
402964,5,1423,0,0
402984,5,1423,0,0
403004,5,1423,0,0
403024,5,1422,0,0
403044,5,1422,0,0
403064,5,1422,0,0
403084,5,1422,0,0
403104,5,1422,0,0
403124,5,1422,0,0
403144,5,1422,0,0
403164,5,1422,0,0
403184,5,1422,0,0
403204,5,1421,0,0
403224,5,1421,0,0
403244,5,1421,0,0
403264,5,1421,0,0
403284,5,1421,0,0
403304,5,1421,0,0
403324,5,1421,0,0
403344,5,1421,0,0
403364,5,1420,0,0
403384,5,1420,0,0
403404,5,1420,0,0
403424,5,1420,0,0
403444,5,1420,0,0
403464,5,1420,0,0
403484,5,1420,0,0
403504,5,1419,0,0
403524,5,1419,0,0
403544,5,1419,0,0
403564,5,1419,0,0
403584,5,1419,0,0
403604,5,1419,0,0
403624,5,1419,0,0
403644,5,1419,0,0
403664,5,1419,0,0
403684,5,1418,0,0
403704,5,1418,0,0
403724,5,1418,0,0
403744,5,1418,0,0
403764,5,1418,0,0
403784,5,1418,0,0
403804,5,1418,0,0
403824,5,1417,0,0
403844,5,1417,0,0
403864,5,1417,0,0
403884,5,1417,0,0
403904,5,1417,0,0
403924,5,1417,0,0
403944,5,1417,0,0
403964,5,1417,0,0
403984,5,1417,0,0
404004,5,1417,0,0
404024,5,1417,0,0
404044,5,1416,0,0
404064,5,1416,0,0
404084,5,1416,0,0
404104,5,1416,0,0
404124,5,1416,0,0
404144,5,1416,0,0
404164,5,1416,0,0
404184,5,1416,0,0
404204,5,1416,0,0
404224,5,1416,0,0
404244,5,1415,0,0
404264,5,1415,0,0
404284,5,1415,0,0
404304,5,1415,0,0
404324,5,1415,0,0
404344,5,1415,0,0
404364,5,1415,0,0
404384,5,1415,0,0
404404,5,1414,0,0
404424,5,1414,0,0
404444,5,1414,0,0
404464,5,1414,0,0
404484,5,1414,0,0
404504,5,1414,0,0
404524,5,1414,0,0
404544,5,1414,0,0
404564,5,1414,0,0
404584,5,1414,0,0
404604,5,1414,0,0
404624,5,1413,0,0
404644,5,1413,0,0
404664,5,1413,0,0
404684,5,1413,0,0
404704,5,1413,0,0
404724,5,1413,0,0
404744,5,1412,0,0
404764,5,1412,0,0
404784,5,1412,0,0
404804,5,1412,0,0
404824,5,1412,0,0
404844,5,1412,0,0
404864,5,1412,0,0
404884,5,1412,0,0
404904,5,1412,0,0
404924,5,1412,0,0
404944,5,1411,0,0
404964,5,1411,0,0
404984,5,1411,0,0
405004,5,1411,0,0
405024,5,1411,0,0
405044,5,1411,0,0
405064,5,1411,0,0
405084,5,1411,0,0
405104,5,1410,0,0
405124,5,1410,0,0
405144,5,1410,0,0
405164,5,1410,0,0
405184,5,1410,0,0
405204,5,1410,0,0
405224,5,1409,0,0
405244,5,1409,0,0
405264,5,1409,0,0
405284,5,1409,0,0
405304,5,1409,0,0
405324,5,1409,0,0
405344,5,1409,0,0
405364,5,1409,0,0
405384,5,1409,0,0
405404,5,1409,0,0
405424,5,1408,0,0
405444,5,1408,0,0
405464,5,1408,0,0
405484,5,1408,0,0
405504,5,1408,0,0
405524,5,1408,0,0
405544,5,1407,0,0
405564,5,1407,0,0
405584,5,1407,0,0
405604,5,1407,0,0
405624,5,1407,0,0
405644,5,1407,0,0
405664,5,1406,0,0
405684,5,1406,0,0
405704,5,1406,0,0
405724,5,1406,0,0
405744,5,1406,0,0
405764,5,1406,0,0
405784,5,1406,0,0
405804,5,1406,0,0
405824,5,1405,0,0
405844,5,1405,0,0
405864,5,1405,0,0
405884,5,1405,0,0
405904,5,1405,0,0
405924,5,1405,0,0
405944,5,1405,0,0
405964,5,1405,0,0
405984,5,1405,0,0
406004,5,1405,0,0
406024,5,1405,0,0
406044,5,1405,0,0
406064,5,1405,0,0
406084,5,1404,0,0
406104,5,1404,0,0
406124,5,1404,0,0
406144,5,1404,0,0
406164,5,1404,0,0
406184,5,1404,0,0
406204,5,1404,0,0
406224,5,1404,0,0
406244,5,1404,0,0
406264,5,1404,0,0
406284,5,1403,0,0
406304,5,1404,0,0
406324,5,1403,0,0
406344,5,1403,0,0
406364,5,1403,0,0
406384,5,1403,0,0
406404,5,1403,0,0
406424,5,1403,0,0
406444,5,1403,0,0
406464,5,1403,0,0
406484,5,1403,0,0
406504,5,1403,0,0
406524,5,1403,0,0
406544,5,1403,0,0
406564,5,1402,0,0
406584,5,1402,0,0
406604,5,1402,0,0
406624,5,1402,0,0
406644,5,1402,0,0
406664,5,1402,0,0
406684,5,1402,0,0
406704,5,1402,0,0
406724,5,1402,0,0
406744,5,1402,0,0
406764,5,1401,0,0
406784,5,1401,0,0
406804,5,1401,0,0
406824,5,1401,0,0
406844,5,1401,0,0
406864,5,1401,0,0
406884,5,1401,0,0
406904,5,1401,0,0
406924,5,1401,0,0
406944,5,1400,0,0
406964,5,1400,0,0
406984,5,1400,0,0
407004,5,1400,0,0
407024,5,1400,0,0
407044,5,1400,0,0
407064,5,1400,0,0
407084,5,1400,0,0
407104,5,1400,0,0
407124,5,1399,0,0
407144,5,1399,0,0
407164,5,1399,0,0
407184,5,1399,0,0
407204,5,1399,0,0
407224,5,1399,0,0
407244,5,1398,0,0
407264,5,1398,0,0
407284,5,1398,0,0
407304,5,1398,0,0
407324,5,1398,0,0
407344,5,1398,0,0
407364,5,1398,0,0
407384,5,1397,0,0
407404,5,1397,0,0
407424,5,1397,0,0
407444,5,1397,0,0
407464,5,1397,0,0
407484,5,1397,0,0
407504,5,1396,0,0
407524,5,1396,0,0
407544,5,1396,0,0
407564,5,1396,0,0
407584,5,1396,0,0
407604,5,1396,0,0
407624,5,1396,0,0
407644,5,1396,0,0
407664,5,1396,0,0
407684,5,1396,0,0
407704,5,1396,0,0
407724,5,1396,0,0
407744,5,1396,0,0
407764,5,1395,0,0
407784,5,1395,0,0
407804,5,1395,0,0
407824,5,1395,0,0
407844,5,1395,0,0
407864,5,1395,0,0
407884,5,1395,0,0
407904,5,1395,0,0
407924,5,1395,0,0
407944,5,1395,0,0
407964,5,1395,0,0
407984,5,1395,0,0
408004,5,1395,0,0
408024,5,1395,0,0
408044,5,1394,0,0
408064,5,1394,0,0
408084,5,1394,0,0
408104,5,1394,0,0
408124,5,1394,0,0
408144,5,1394,0,0
408164,5,1393,0,0
408184,5,1393,0,0
408204,5,1393,0,0
408224,5,1393,0,0
408244,5,1393,0,0
408264,5,1393,0,0
408284,5,1393,0,0
408304,5,1392,0,0
408324,5,1392,0,0
408344,5,1392,0,0
408364,5,1392,0,0
408384,5,1392,0,0
408404,5,1392,0,0
408424,5,1392,0,0
408444,5,1392,0,0
408464,5,1391,0,0
408484,5,1391,0,0
408504,5,1391,0,0
408524,5,1391,0,0
408544,5,1391,0,0
408564,5,1391,0,0
408584,5,1391,0,0
408604,5,1391,0,0
408624,5,1390,0,0
408644,5,1390,0,0
408664,5,1390,0,0
408684,5,1390,0,0
408704,5,1390,0,0
408724,5,1390,0,0
408744,5,1390,0,0
408764,5,1390,0,0
408784,5,1390,0,0
408804,5,1389,0,0
408824,5,1389,0,0
408844,5,1389,0,0
408864,5,1389,0,0
408884,5,1389,0,0
408904,5,1389,0,0
408924,5,1389,0,0
408944,5,1389,0,0
408964,5,1388,0,0
408984,5,1388,0,0
409004,5,1388,0,0
409024,5,1388,0,0
409044,5,1388,0,0
409064,5,1388,0,0
409084,5,1388,0,0
409104,5,1388,0,0
409124,5,1388,0,0
409144,5,1388,0,0
409164,5,1387,0,0
409184,5,1387,0,0
409204,5,1387,0,0
409224,5,1387,0,0
409244,5,1387,0,0
409264,5,1387,0,0
409284,5,1387,0,0
409304,5,1387,0,0
409324,5,1387,0,0
409344,5,1387,0,0
409364,5,1387,0,0
409384,5,1386,0,0
409404,5,1386,0,0
409424,5,1386,0,0
409444,5,1386,0,0
409464,5,1386,0,0
409484,5,1386,0,0
409504,5,1386,0,0
409524,5,1386,0,0
409544,5,1386,0,0
409564,5,1386,0,0
409584,5,1385,0,0
409604,5,1385,0,0
409624,5,1385,0,0
409644,5,1385,0,0
409664,5,1385,0,0
409684,5,1385,0,0
409704,5,1385,0,0
409724,5,1385,0,0
409744,5,1385,0,0
409764,5,1384,0,0
409784,5,1384,0,0
409804,5,1384,0,0
409824,5,1384,0,0
409844,5,1384,0,0
409864,5,1384,0,0
409884,5,1384,0,0
409904,5,1384,0,0
409924,5,1384,0,0
409944,5,1384,0,0
409964,5,1384,0,0
409984,5,1383,0,0
410004,5,1383,0,0
410024,5,1383,0,0
410044,5,1383,0,0
410064,5,1383,0,0
410084,5,1383,0,0
410104,5,1383,0,0
410124,5,1383,0,0
410144,5,1383,0,0
410164,5,1383,0,0
410184,5,1382,0,0
410204,5,1382,0,0
410224,5,1382,0,0
410244,5,1382,0,0
410264,5,1382,0,0
410284,5,1382,0,0
410304,5,1382,0,0
410324,5,1382,0,0
410344,5,1382,0,0
410364,5,1382,0,0
410384,5,1382,0,0
410404,5,1382,0,0
410424,5,1382,0,0
410444,5,1381,0,0
410464,5,1381,0,0
410484,5,1381,0,0
410504,5,1381,0,0
410524,5,1381,0,0
410544,5,1381,0,0
410564,5,1381,0,0
410584,5,1381,0,0
410604,5,1380,0,0
410624,5,1380,0,0
410644,5,1380,0,0
410664,5,1380,0,0
410684,5,1380,0,0
410704,5,1380,0,0
410724,5,1380,0,0
410744,5,1380,0,0
410764,5,1379,0,0
410784,5,1379,0,0
410804,5,1379,0,0
410824,5,1379,0,0
410844,5,1379,0,0
410864,5,1379,0,0
410884,5,1379,0,0
410904,5,1379,0,0
410924,5,1378,0,0
410944,5,1378,0,0
410964,5,1378,0,0
410984,5,1378,0,0
411004,5,1378,0,0
411024,5,1378,0,0
411044,5,1378,0,0
411064,5,1378,0,0
411084,5,1378,0,0
411104,5,1378,0,0
411124,5,1377,0,0
411144,5,1377,0,0
411164,5,1377,0,0
411184,5,1377,0,0
411204,5,1377,0,0
411224,5,1377,0,0
411244,5,1377,0,0
411264,5,1377,0,0
411284,5,1377,0,0
411304,5,1376,0,0
411324,5,1376,0,0
411344,5,1376,0,0
411364,5,1376,0,0
411384,5,1376,0,0
411404,5,1376,0,0
411424,5,1376,0,0
411444,5,1376,0,0
411464,5,1375,0,0
411484,5,1375,0,0
411504,5,1375,0,0
411524,5,1375,0,0
411544,5,1375,0,0
411564,5,1375,0,0
411584,5,1375,0,0
411604,5,1375,0,0
411624,5,1374,0,0
411644,5,1374,0,0
411664,5,1374,0,0
411684,5,1374,0,0
411704,5,1374,0,0
411724,5,1374,0,0
411744,5,1374,0,0
411764,5,1373,0,0
411784,5,1373,0,0
411804,5,1373,0,0
411824,5,1373,0,0
411844,5,1373,0,0
411864,5,1373,0,0
411884,5,1373,0,0
411904,5,1372,0,0
411924,5,1372,0,0
411944,5,1372,0,0
411964,5,1372,0,0
411984,5,1372,0,0
412004,5,1372,0,0
412024,5,1372,0,0
412044,5,1372,0,0
412064,5,1372,0,0
412084,5,1372,0,0
412104,5,1372,0,0
412124,5,1372,0,0
412144,5,1372,0,0
412164,5,1371,0,0
412184,5,1371,0,0
412204,5,1371,0,0
412224,5,1371,0,0
412244,5,1371,0,0
412264,5,1371,0,0
412284,5,1371,0,0
412304,5,1371,0,0
412324,5,1370,0,0
412344,5,1370,0,0
412364,5,1370,0,0
412384,5,1370,0,0
412404,5,1370,0,0
412424,5,1370,0,0
412444,5,1370,0,0
412464,5,1370,0,0
412484,5,1370,0,0
412504,5,1370,0,0
412524,5,1370,0,0
412544,5,1370,0,0
412564,5,1370,0,0
412584,5,1369,0,0
412604,5,1369,0,0
412624,5,1369,0,0
412644,5,1369,0,0
412664,5,1369,0,0
412684,5,1369,0,0
412704,5,1369,0,0
412724,5,1369,0,0
412744,5,1369,0,0
412764,5,1369,0,0
412784,5,1369,0,0
412804,5,1369,0,0
412824,5,1369,0,0
412844,5,1368,0,0
412864,5,1368,0,0
412884,5,1368,0,0
412904,5,1368,0,0
412924,5,1368,0,0
412944,5,1368,0,0
412964,5,1368,0,0
412984,5,1368,0,0
413004,5,1368,0,0
413024,5,1368,0,0
413044,5,1368,0,0
413064,5,1368,0,0
413084,5,1368,0,0
413104,5,1367,0,0
413124,5,1367,0,0
413144,5,1367,0,0
413164,5,1367,0,0
413184,5,1367,0,0
413204,5,1367,0,0
413224,5,1367,0,0
413244,5,1367,0,0
413264,5,1367,0,0
413284,5,1367,0,0
413304,5,1367,0,0
413324,5,1367,0,0
413344,5,1366,0,0
413364,5,1366,0,0
413384,5,1366,0,0
413404,5,1366,0,0
413424,5,1366,0,0
413444,5,1366,0,0
413464,5,1366,0,0
413484,5,1366,0,0
413504,5,1366,0,0
413524,5,1365,0,0
413544,5,1365,0,0
413564,5,1365,0,0
413584,5,1365,0,0
413604,5,1365,0,0
413624,5,1365,0,0
413644,5,1364,0,0
413664,5,1364,0,0
413684,5,1364,0,0
413704,5,1364,0,0
413724,5,1364,0,0
413744,5,1364,0,0
413764,5,1364,0,0
413784,5,1363,0,0
413804,5,1363,0,0
413824,5,1363,0,0
413844,5,1363,0,0
413864,5,1363,0,0
413884,5,1363,0,0
413904,5,1363,0,0
413924,5,1363,0,0
413944,5,1362,0,0
413964,5,1362,0,0
413984,5,1362,0,0
414004,5,1362,0,0
414024,5,1362,0,0
414044,5,1362,0,0
414064,5,1362,0,0
414084,5,1362,0,0
414104,5,1362,0,0
414124,5,1361,0,0
414144,5,1361,0,0
414164,5,1361,0,0
414184,5,1361,0,0
414204,5,1361,0,0
414224,5,1361,0,0
414244,5,1360,0,0
414264,5,1360,0,0
414284,5,1360,0,0
414304,5,1360,0,0
414324,5,1360,0,0
414344,5,1360,0,0
414364,5,1360,0,0
414384,5,1360,0,0
414404,5,1360,0,0
414424,5,1359,0,0
414444,5,1359,0,0
414464,5,1359,0,0
414484,5,1359,0,0
414504,5,1359,0,0
414524,5,1359,0,0
414544,5,1359,0,0
414564,5,1359,0,0
414584,5,1359,0,0
414604,5,1358,0,0
414624,5,1358,0,0
414644,5,1358,0,0
414664,5,1358,0,0
414684,5,1358,0,0
414704,5,1358,0,0
414724,5,1358,0,0
414744,5,1357,0,0
414764,5,1357,0,0
414784,5,1357,0,0
414804,5,1357,0,0
414824,5,1357,0,0
414844,5,1357,0,0
414864,5,1357,0,0
414884,5,1357,0,0
414904,5,1356,0,0
414924,5,1356,0,0
414944,5,1356,0,0
414964,5,1356,0,0
414984,5,1356,0,0
415004,5,1356,0,0
415024,5,1356,0,0
415044,5,1356,0,0
415064,5,1355,0,0
415084,5,1355,0,0
415104,5,1355,0,0
415124,5,1355,0,0
415144,5,1355,0,0
415164,5,1355,0,0
415184,5,1355,0,0
415204,5,1355,0,0
415224,5,1354,0,0
415244,5,1354,0,0
415264,5,1354,0,0
415284,5,1354,0,0
415304,5,1354,0,0
415324,5,1354,0,0
415344,5,1354,0,0
415364,5,1353,0,0
415384,5,1354,0,0
415404,5,1353,0,0
415424,5,1353,0,0
415444,5,1353,0,0
415464,5,1353,0,0
415484,5,1353,0,0
415504,5,1353,0,0
415524,5,1352,0,0
415544,5,1352,0,0
415564,5,1352,0,0
415584,5,1352,0,0
415604,5,1352,0,0
415624,5,1352,0,0
415644,5,1352,0,0
415664,5,1352,0,0
415684,5,1352,0,0
415704,5,1352,0,0
415724,5,1352,0,0
415744,5,1352,0,0
415764,5,1351,0,0
415784,5,1351,0,0
415804,5,1351,0,0
415824,5,1351,0,0
415844,5,1351,0,0
415864,5,1351,0,0
415884,5,1351,0,0
415904,5,1351,0,0
415924,5,1351,0,0
415944,5,1350,0,0
415964,5,1350,0,0
415984,5,1350,0,0
416004,5,1350,0,0
416024,5,1350,0,0
416044,5,1350,0,0
416064,5,1350,0,0
416084,5,1350,0,0
416104,5,1350,0,0
416124,5,1350,0,0
416144,5,1350,0,0
416164,5,1350,0,0
416184,5,1350,0,0
416204,5,1350,0,0
416224,5,1350,0,0
416244,5,1350,0,0
416264,5,1350,0,0
416284,5,1350,0,0
416304,5,1350,0,0
416324,5,1350,0,0
416344,5,1350,0,0
416364,5,1350,0,0
416384,5,1349,0,0
416404,5,1349,0,0
416424,5,1349,0,0
416444,5,1349,0,0
416464,5,1349,0,0
416484,5,1349,0,0
416504,5,1349,0,0
416524,5,1349,0,0
416544,5,1349,0,0
416564,5,1349,0,0
416584,5,1349,0,0
416604,5,1349,0,0
416624,5,1349,0,0
416644,5,1348,0,0
416664,5,1348,0,0
416684,5,1348,0,0
416704,5,1348,0,0
416724,5,1348,0,0
416744,5,1348,0,0
416764,5,1348,0,0
416784,5,1348,0,0
416804,5,1348,0,0
416824,5,1347,0,0
416844,5,1347,0,0
416864,5,1347,0,0
416884,5,1347,0,0
416904,5,1347,0,0
416924,5,1347,0,0
416944,5,1347,0,0
416964,5,1346,0,0
416984,5,1346,0,0
417004,5,1346,0,0
417024,5,1346,0,0
417044,5,1346,0,0
417064,5,1346,0,0
417084,5,1346,0,0
417104,5,1346,0,0
417124,5,1346,0,0
417144,5,1345,0,0
417164,5,1345,0,0
417184,5,1345,0,0
417204,5,1345,0,0
417224,5,1345,0,0
417244,5,1345,0,0
417264,5,1345,0,0
417284,5,1345,0,0
417304,5,1344,0,0
417324,5,1344,0,0
417344,5,1344,0,0
417364,5,1344,0,0
417384,5,1344,0,0
417404,5,1344,0,0
417424,5,1344,0,0
417444,5,1344,0,0
417464,5,1344,0,0
417484,5,1344,0,0
417504,5,1343,0,0
417524,5,1343,0,0
417544,5,1343,0,0
417564,5,1343,0,0
417584,5,1343,0,0
417604,5,1343,0,0
417624,5,1343,0,0
417644,5,1343,0,0
417664,5,1343,0,0
417684,5,1343,0,0
417704,5,1343,0,0
417724,5,1343,0,0
417744,5,1342,0,0
417764,5,1342,0,0
417784,5,1342,0,0
417804,5,1342,0,0
417824,5,1342,0,0
417844,5,1342,0,0
417864,5,1341,0,0
417884,5,1341,0,0
417904,5,1341,0,0
417924,5,1341,0,0
417944,5,1341,0,0
417964,5,1341,0,0
417984,5,1340,0,0
418004,5,1340,0,0
418024,5,1340,0,0
418044,5,1340,0,0
418064,5,1340,0,0
418084,5,1340,0,0
418104,5,1340,0,0
418124,5,1339,0,0
418144,5,1339,0,0
418164,5,1339,0,0
418184,5,1339,0,0
418204,5,1339,0,0
418224,5,1339,0,0
418244,5,1338,0,0
418264,5,1338,0,0
418284,5,1338,0,0
418304,5,1338,0,0
418324,5,1338,0,0
418344,5,1337,0,0
418364,5,1337,0,0
418384,5,1337,0,0
418404,5,1337,0,0
418424,5,1337,0,0
418444,5,1337,0,0
418464,5,1337,0,0
418484,5,1337,0,0
418504,5,1336,0,0
418524,5,1336,0,0
418544,5,1336,0,0
418564,5,1336,0,0
418584,5,1336,0,0
418604,5,1336,0,0
418624,5,1336,0,0
418644,5,1336,0,0
418664,5,1335,0,0
418684,5,1335,0,0
418704,5,1335,0,0
418724,5,1335,0,0
418744,5,1335,0,0
418764,5,1335,0,0
418784,5,1335,0,0
418804,5,1335,0,0
418824,5,1335,0,0
418844,5,1335,0,0
418864,5,1334,0,0
418884,5,1334,0,0
418904,5,1334,0,0
418924,5,1334,0,0
418944,5,1334,0,0
418964,5,1334,0,0
418984,5,1334,0,0
419004,5,1334,0,0
419024,5,1333,0,0
419044,5,1333,0,0
419064,5,1333,0,0
419084,5,1333,0,0
419104,5,1333,0,0
419124,5,1333,0,0
419144,5,1333,0,0
419164,5,1333,0,0
419184,5,1333,0,0
419204,5,1332,0,0
419224,5,1332,0,0
419244,5,1332,0,0
419264,5,1332,0,0
419284,5,1332,0,0
419304,5,1332,0,0
419324,5,1332,0,0
419344,5,1332,0,0
419364,5,1332,0,0
419384,5,1331,0,0
419404,5,1331,0,0
419424,5,1331,0,0
419444,5,1331,0,0
419464,5,1331,0,0
419484,5,1331,0,0
419504,5,1331,0,0
419524,5,1331,0,0
419544,5,1331,0,0
419564,5,1331,0,0
419584,5,1331,0,0
419604,5,1331,0,0
419624,5,1331,0,0
419644,5,1330,0,0
419664,5,1330,0,0
419684,5,1330,0,0
419704,5,1330,0,0
419724,5,1330,0,0
419744,5,1330,0,0
419764,5,1330,0,0
419784,5,1329,0,0
419804,5,1329,0,0
419824,5,1329,0,0
419844,5,1329,0,0
419864,5,1329,0,0
419884,5,1329,0,0
419904,5,1329,0,0
419924,5,1328,0,0
419944,5,1328,0,0
419964,5,1328,0,0
419984,5,1328,0,0
420004,5,1328,0,0
420024,5,1328,0,0
420044,5,1328,0,0
420064,5,1328,0,0
420084,5,1328,0,0
420104,5,1327,0,0
420124,5,1327,0,0
420144,5,1327,0,0
420164,5,1327,0,0
420184,5,1327,0,0
420204,5,1327,0,0
420224,5,1327,0,0
420244,5,1327,0,0
420264,5,1327,0,0
420284,5,1327,0,0
420304,5,1327,0,0
420324,5,1327,0,0
420344,5,1326,0,0
420364,5,1326,0,0
420384,5,1326,0,0
420404,5,1326,0,0
420424,5,1326,0,0
420444,5,1326,0,0
420464,5,1326,0,0
420484,5,1326,0,0
420504,5,1326,0,0
420524,5,1326,0,0
420544,5,1326,0,0
420564,5,1326,0,0
420584,5,1326,0,0
420604,5,1326,0,0
420624,5,1326,0,0
420644,5,1326,0,0
420664,5,1326,0,0
420684,5,1326,0,0
420704,5,1326,0,0
420724,5,1326,0,0
420744,5,1326,0,0
420764,5,1326,0,0
420784,5,1326,0,0
420804,5,1326,0,0
420824,5,1326,0,0
420844,5,1326,0,0
420864,5,1326,0,0
420884,5,1326,0,0
420904,5,1326,0,0
420924,5,1325,0,0
420944,5,1325,0,0
420964,5,1325,0,0
420984,5,1325,0,0
421004,5,1325,0,0
421024,5,1324,0,0
421044,5,1324,0,0
421064,5,1324,0,0
421084,5,1324,0,0
421104,5,1324,0,0
421124,5,1323,0,0
421144,5,1323,0,0
421164,5,1323,0,0
421184,5,1323,0,0
421204,5,1323,0,0
421224,5,1323,0,0
421244,5,1323,0,0
421264,5,1323,0,0
421284,5,1322,0,0
421304,5,1322,0,0
421324,5,1322,0,0
421344,5,1322,0,0
421364,5,1322,0,0
421384,5,1322,0,0
421404,5,1322,0,0
421424,5,1322,0,0
421444,5,1322,0,0
421464,5,1322,0,0
421484,5,1322,0,0
421504,5,1321,0,0
421524,5,1321,0,0
421544,5,1321,0,0
421564,5,1321,0,0
421584,5,1321,0,0
421604,5,1321,0,0
421624,5,1321,0,0
421644,5,1321,0,0
421664,5,1321,0,0
421684,5,1320,0,0
421704,5,1320,0,0
421724,5,1320,0,0
421744,5,1320,0,0
421764,5,1320,0,0
421784,5,1320,0,0
421804,5,1320,0,0
421824,5,1319,0,0
421844,5,1319,0,0
421864,5,1319,0,0
421884,5,1319,0,0
421904,5,1319,0,0
421924,5,1319,0,0
421944,5,1319,0,0
421964,5,1319,0,0
421984,5,1319,0,0
422004,5,1319,0,0
422024,5,1318,0,0
422044,5,1318,0,0
422064,5,1318,0,0
422084,5,1318,0,0
422104,5,1318,0,0
422124,5,1318,0,0
422144,5,1318,0,0
422164,5,1318,0,0
422184,5,1317,0,0
422204,5,1317,0,0
422224,5,1317,0,0
422244,5,1317,0,0
422264,5,1317,0,0
422284,5,1317,0,0
422304,5,1316,0,0
422324,5,1316,0,0
422344,5,1316,0,0
422364,5,1316,0,0
422384,5,1316,0,0
422404,5,1316,0,0
422424,5,1316,0,0
422444,5,1316,0,0
422464,5,1315,0,0
422484,5,1315,0,0
422504,5,1315,0,0
422524,5,1315,0,0
422544,5,1315,0,0
422564,5,1315,0,0
422584,5,1315,0,0
422604,5,1315,0,0
422624,5,1314,0,0
422644,5,1314,0,0
422664,5,1314,0,0
422684,5,1314,0,0
422704,5,1314,0,0
422724,5,1314,0,0
422744,5,1313,0,0
422764,5,1313,0,0
422784,5,1313,0,0
422804,5,1313,0,0
422824,5,1313,0,0
422844,5,1313,0,0
422864,5,1313,0,0
422884,5,1312,0,0
422904,5,1312,0,0
422924,5,1312,0,0
422944,5,1312,0,0
422964,5,1312,0,0
422984,5,1312,0,0
423004,5,1312,0,0
423024,5,1311,0,0
423044,5,1311,0,0
423064,5,1311,0,0
423084,5,1311,0,0
423104,5,1311,0,0
423124,5,1311,0,0
423144,5,1311,0,0
423164,5,1311,0,0
423184,5,1311,0,0
423204,5,1311,0,0
423224,5,1311,0,0
423244,5,1311,0,0
423264,5,1311,0,0
423284,5,1311,0,0
423304,5,1311,0,0
423324,5,1310,0,0
423344,5,1310,0,0
423364,5,1310,0,0
423384,5,1310,0,0
423404,5,1310,0,0
423424,5,1310,0,0
423444,5,1310,0,0
423464,5,1310,0,0
423484,5,1309,0,0
423504,5,1310,0,0
423524,5,1309,0,0
423544,5,1309,0,0
423564,5,1309,0,0
423584,5,1309,0,0
423604,5,1309,0,0
423624,5,1308,0,0
423644,5,1308,0,0
423664,5,1308,0,0
423684,5,1308,0,0
423704,5,1308,0,0
423724,5,1308,0,0
423744,5,1308,0,0
423764,5,1308,0,0
423784,5,1308,0,0
423804,5,1308,0,0
423824,5,1308,0,0
423844,5,1307,0,0
423864,5,1307,0,0
423884,5,1307,0,0
423904,5,1307,0,0
423924,5,1307,0,0
423944,5,1307,0,0
423964,5,1307,0,0
423984,5,1307,0,0
424004,5,1307,0,0
424024,5,1307,0,0
424044,5,1307,0,0
424064,5,1307,0,0
424084,5,1307,0,0
424104,5,1306,0,0
424124,5,1306,0,0
424144,5,1306,0,0
424164,5,1306,0,0
424184,5,1306,0,0
424204,5,1306,0,0
424224,5,1306,0,0
424244,5,1306,0,0
424264,5,1305,0,0
424284,5,1305,0,0
424304,5,1305,0,0
424324,5,1305,0,0
424344,5,1305,0,0
424364,5,1305,0,0
424384,5,1305,0,0
424404,5,1305,0,0
424424,5,1305,0,0
424444,5,1305,0,0
424464,5,1305,0,0
424484,5,1304,0,0
424504,5,1304,0,0
424524,5,1304,0,0
424544,5,1304,0,0
424564,5,1304,0,0
424584,5,1304,0,0
424604,5,1304,0,0
424624,5,1304,0,0
424644,5,1304,0,0
424664,5,1304,0,0
424684,5,1303,0,0
424704,5,1303,0,0
424724,5,1303,0,0
424744,5,1303,0,0
424764,5,1303,0,0
424784,5,1303,0,0
424804,5,1303,0,0
424824,5,1303,0,0
424844,5,1303,0,0
424864,5,1303,0,0
424884,5,1303,0,0
424904,5,1302,0,0
424924,5,1302,0,0
424944,5,1302,0,0
424964,5,1302,0,0
424984,5,1302,0,0
425004,5,1302,0,0
425024,5,1302,0,0
425044,5,1302,0,0
425064,5,1302,0,0
425084,5,1302,0,0
425104,5,1301,0,0
425124,5,1301,0,0
425144,5,1301,0,0
425164,5,1301,0,0
425184,5,1301,0,0
425204,5,1301,0,0
425224,5,1301,0,0
425244,5,1301,0,0
425264,5,1301,0,0
425284,5,1301,0,0
425304,5,1301,0,0
425324,5,1301,0,0
425344,5,1301,0,0
425364,5,1300,0,0
425384,5,1300,0,0
425404,5,1300,0,0
425424,5,1300,0,0
425444,5,1300,0,0
425464,5,1300,0,0
425484,5,1300,0,0
425504,5,1300,0,0
425524,5,1299,0,0
425544,5,1299,0,0
425564,5,1299,0,0
425584,5,1299,0,0
425604,5,1299,0,0
425624,5,1299,0,0
425644,5,1299,0,0
425664,5,1299,0,0
425684,5,1299,0,0
425704,5,1299,0,0
425724,5,1298,0,0
425744,5,1298,0,0
425764,5,1298,0,0
425784,5,1298,0,0
425804,5,1298,0,0
425824,5,1298,0,0
425844,5,1298,0,0
425864,5,1298,0,0
425884,5,1298,0,0
425904,5,1298,0,0
425924,5,1297,0,0
425944,5,1297,0,0
425964,5,1297,0,0
425984,5,1297,0,0
426004,5,1297,0,0
426024,5,1297,0,0
426044,5,1296,0,0
426064,5,1296,0,0
426084,5,1296,0,0
426104,5,1296,0,0
426124,5,1296,0,0
426144,5,1296,0,0
426164,5,1296,0,0
426184,5,1296,0,0
426204,5,1295,0,0
426224,5,1295,0,0
426244,5,1295,0,0
426264,5,1295,0,0
426284,5,1295,0,0
426304,5,1295,0,0
426324,5,1294,0,0
426344,5,1294,0,0
426364,5,1294,0,0
426384,5,1294,0,0
426404,5,1294,0,0
426424,5,1294,0,0
426444,5,1293,0,0
426464,5,1293,0,0
426484,5,1293,0,0
426504,5,1293,0,0
426524,5,1293,0,0
426544,5,1293,0,0
426564,5,1293,0,0
426584,5,1293,0,0
426604,5,1292,0,0
426624,5,1292,0,0
426644,5,1292,0,0
426664,5,1292,0,0
426684,5,1292,0,0
426704,5,1292,0,0
426724,5,1292,0,0
426744,5,1291,0,0
426764,5,1291,0,0
426784,5,1291,0,0
426804,5,1291,0,0
426824,5,1291,0,0
426844,5,1291,0,0
426864,5,1291,0,0
426884,5,1290,0,0
426904,5,1290,0,0
426924,5,1290,0,0
426944,5,1290,0,0
426964,5,1290,0,0
426984,5,1290,0,0
427004,5,1290,0,0
427024,5,1290,0,0
427044,5,1290,0,0
427064,5,1290,0,0
427084,5,1290,0,0
427104,5,1289,0,0
427124,5,1289,0,0
427144,5,1289,0,0
427164,5,1289,0,0
427184,5,1289,0,0
427204,5,1289,0,0
427224,5,1289,0,0
427244,5,1289,0,0
427264,5,1289,0,0
427284,5,1288,0,0
427304,5,1288,0,0
427324,5,1288,0,0
427344,5,1288,0,0
427364,5,1288,0,0
427384,5,1288,0,0
427404,5,1288,0,0
427424,5,1288,0,0
427444,5,1288,0,0
427464,5,1288,0,0
427484,5,1288,0,0
427504,5,1287,0,0
427524,5,1287,0,0
427544,5,1287,0,0
427564,5,1287,0,0
427584,5,1287,0,0
427604,5,1287,0,0
427624,5,1287,0,0
427644,5,1287,0,0
427664,5,1287,0,0
427684,5,1287,0,0
427704,5,1287,0,0
427724,5,1287,0,0
427744,5,1286,0,0
427764,5,1286,0,0
427784,5,1286,0,0
427804,5,1286,0,0
427824,5,1286,0,0
427844,5,1286,0,0
427864,5,1286,0,0
427884,5,1286,0,0
427904,5,1286,0,0
427924,5,1286,0,0
427944,5,1285,0,0
427964,5,1285,0,0
427984,5,1285,0,0
428004,5,1285,0,0
428024,5,1285,0,0
428044,5,1285,0,0
428064,5,1285,0,0
428084,5,1284,0,0
428104,5,1284,0,0
428124,5,1284,0,0
428144,5,1284,0,0
428164,5,1284,0,0
428184,5,1284,0,0
428204,5,1284,0,0
428224,5,1284,0,0
428244,5,1284,0,0
428264,5,1284,0,0
428284,5,1283,0,0
428304,5,1283,0,0
428324,5,1283,0,0
428344,5,1283,0,0
428364,5,1283,0,0
428384,5,1283,0,0
428404,5,1283,0,0
428424,5,1283,0,0
428444,5,1283,0,0
428464,5,1282,0,0
428484,5,1282,0,0
428504,5,1282,0,0
428524,5,1282,0,0
428544,5,1282,0,0
428564,5,1282,0,0
428584,5,1282,0,0
428604,5,1282,0,0
428624,5,1281,0,0
428644,5,1282,0,0
428664,5,1281,0,0
428684,5,1281,0,0
428704,5,1281,0,0
428724,5,1281,0,0
428744,5,1281,0,0
428764,5,1281,0,0
428784,5,1281,0,0
428804,5,1280,0,0
428824,5,1280,0,0
428844,5,1280,0,0
428864,5,1280,0,0
428884,5,1280,0,0
428904,5,1280,0,0
428924,5,1280,0,0
428944,5,1280,0,0
428964,5,1279,0,0
428984,5,1279,0,0
429004,5,1279,0,0
429024,5,1279,0,0
429044,5,1279,0,0
429064,5,1279,0,0
429084,5,1279,0,0
429104,5,1278,0,0
429124,5,1278,0,0
429144,5,1278,0,0
429164,5,1278,0,0
429184,5,1278,0,0
429204,5,1278,0,0
429224,5,1278,0,0
429244,5,1278,0,0
429264,5,1278,0,0
429284,5,1277,0,0
429304,5,1277,0,0
429324,5,1277,0,0
429344,5,1277,0,0
429364,5,1277,0,0
429384,5,1277,0,0
429404,5,1277,0,0
429424,5,1277,0,0
429444,5,1277,0,0
429464,5,1277,0,0
429484,5,1277,0,0
429504,5,1276,0,0
429524,5,1276,0,0
429544,5,1276,0,0
429564,5,1276,0,0
429584,5,1276,0,0
429604,5,1276,0,0
429624,5,1276,0,0
429644,5,1276,0,0
429664,5,1276,0,0
429684,5,1276,0,0
429704,5,1276,0,0
429724,5,1275,0,0
429744,5,1275,0,0
429764,5,1275,0,0
429784,5,1274,0,0
429804,5,1274,0,0
429824,5,1274,0,0
429844,5,1274,0,0
429864,5,1274,0,0
429884,5,1274,0,0
429904,5,1274,0,0
429924,5,1274,0,0
429944,5,1274,0,0
429964,5,1274,0,0
429984,5,1273,0,0
430004,5,1273,0,0
430024,5,1273,0,0
430044,5,1273,0,0
430064,5,1273,0,0
430084,5,1273,0,0
430104,5,1273,0,0
430124,5,1273,0,0
430144,5,1272,0,0
430164,5,1272,0,0
430184,5,1272,0,0
430204,5,1272,0,0
430224,5,1272,0,0
430244,5,1272,0,0
430264,5,1272,0,0
430284,5,1272,0,0
430304,5,1272,0,0
430324,5,1272,0,0
430344,5,1272,0,0
430364,5,1271,0,0
430384,5,1271,0,0
430404,5,1271,0,0
430424,5,1271,0,0
430444,5,1271,0,0
430464,5,1271,0,0
430484,5,1271,0,0
430504,5,1271,0,0
430524,5,1271,0,0
430544,5,1271,0,0
430564,5,1271,0,0
430584,5,1271,0,0
430604,5,1271,0,0
430624,5,1271,0,0
430644,5,1270,0,0
430664,5,1270,0,0
430684,5,1270,0,0
430704,5,1270,0,0
430724,5,1270,0,0
430744,5,1270,0,0
430764,5,1270,0,0
430784,5,1270,0,0
430804,5,1270,0,0
430824,5,1270,0,0
430844,5,1269,0,0
430864,5,1269,0,0
430884,5,1269,0,0
430904,5,1269,0,0
430924,5,1269,0,0
430944,5,1269,0,0
430964,5,1270,0,0
430984,5,1269,0,0
431004,5,1269,0,0
431024,5,1269,0,0
431044,5,1269,0,0
431064,5,1269,0,0
431084,5,1269,0,0
431104,5,1269,0,0
431124,5,1269,0,0
431144,5,1268,0,0
431164,5,1268,0,0
431184,5,1268,0,0
431204,5,1268,0,0
431224,5,1268,0,0
431244,5,1268,0,0
431264,5,1268,0,0
431284,5,1268,0,0
431304,5,1268,0,0
431324,5,1268,0,0
431344,5,1268,0,0
431364,5,1267,0,0
431384,5,1267,0,0
431404,5,1267,0,0
431424,5,1267,0,0
431444,5,1267,0,0
431464,5,1267,0,0
431484,5,1267,0,0
431504,5,1266,0,0
431524,5,1266,0,0
431544,5,1266,0,0
431564,5,1266,0,0
431584,5,1266,0,0
431604,5,1266,0,0
431624,5,1266,0,0
431644,5,1266,0,0
431664,5,1266,0,0
431684,5,1265,0,0
431704,5,1265,0,0
431724,5,1265,0,0
431744,5,1265,0,0
431764,5,1264,0,0
431784,5,1264,0,0
431804,5,1264,0,0
431824,5,1264,0,0
431844,5,1264,0,0
431864,5,1263,0,0
431884,5,1263,0,0
431904,5,1263,0,0
431924,5,1263,0,0
431944,5,1263,0,0
431964,5,1263,0,0
431984,5,1263,0,0
432004,5,1263,0,0
432024,5,1263,0,0
432044,5,1262,0,0
432064,5,1262,0,0
432084,5,1262,0,0
432104,5,1262,0,0
432124,5,1262,0,0
432144,5,1262,0,0
432164,5,1262,0,0
432184,5,1262,0,0
432204,5,1262,0,0
432224,5,1262,0,0
432244,5,1262,0,0
432264,5,1262,0,0
432284,5,1262,0,0
432304,5,1262,0,0
432324,5,1261,0,0
432344,5,1262,0,0
432364,5,1262,0,0
432384,5,1262,0,0
432404,5,1262,0,0
432424,5,1262,0,0
432444,5,1261,0,0
432464,5,1261,0,0
432484,5,1261,0,0
432504,5,1261,0,0
432524,5,1261,0,0
432544,5,1261,0,0
432564,5,1261,0,0
432584,5,1261,0,0
432604,5,1260,0,0
432624,5,1260,0,0
432644,5,1260,0,0
432664,5,1260,0,0
432684,5,1260,0,0
432704,5,1260,0,0
432724,5,1260,0,0
432744,5,1259,0,0
432764,5,1259,0,0
432784,5,1259,0,0
432804,5,1259,0,0
432824,5,1259,0,0
432844,5,1259,0,0
432864,5,1259,0,0
432884,5,1259,0,0
432904,5,1258,0,0
432924,5,1258,0,0
432944,5,1258,0,0
432964,5,1258,0,0
432984,5,1258,0,0
433004,5,1258,0,0
433024,5,1258,0,0
433044,5,1258,0,0
433064,5,1258,0,0
433084,5,1257,0,0
433104,5,1257,0,0
433124,5,1257,0,0
433144,5,1257,0,0
433164,5,1257,0,0
433184,5,1257,0,0
433204,5,1257,0,0
433224,5,1257,0,0
433244,5,1257,0,0
433264,5,1257,0,0
433284,5,1256,0,0
433304,5,1256,0,0
433324,5,1256,0,0
433344,5,1256,0,0
433364,5,1256,0,0
433384,5,1256,0,0
433404,5,1256,0,0
433424,5,1256,0,0
433444,5,1256,0,0
433464,5,1256,0,0
433484,5,1256,0,0
433504,5,1256,0,0
433524,5,1255,0,0
433544,5,1255,0,0
433564,5,1255,0,0
433584,5,1255,0,0
433604,5,1255,0,0
433624,5,1255,0,0
433644,5,1255,0,0
433664,5,1254,0,0
433684,5,1254,0,0
433704,5,1254,0,0
433724,5,1254,0,0
433744,5,1254,0,0
433764,5,1254,0,0
433784,5,1254,0,0
433804,5,1254,0,0
433824,5,1254,0,0
433844,5,1253,0,0
433864,5,1253,0,0
433884,5,1253,0,0
433904,5,1253,0,0
433924,5,1253,0,0
433944,5,1253,0,0
433964,5,1253,0,0
433984,5,1253,0,0
434004,5,1253,0,0
434024,5,1252,0,0
434044,5,1253,0,0
434064,5,1253,0,0
434084,5,1252,0,0
434104,5,1252,0,0
434124,5,1252,0,0
434144,5,1252,0,0
434164,5,1252,0,0
434184,5,1252,0,0
434204,5,1252,0,0
434224,5,1252,0,0
434244,5,1252,0,0
434264,5,1251,0,0
434284,5,1251,0,0
434304,5,1251,0,0
434324,5,1251,0,0
434344,5,1251,0,0
434364,5,1251,0,0
434384,5,1251,0,0
434404,5,1251,0,0
434424,5,1251,0,0
434444,5,1251,0,0
434464,5,1250,0,0
434484,5,1250,0,0
434504,5,1250,0,0
434524,5,1250,0,0
434544,5,1250,0,0
434564,5,1250,0,0
434584,5,1250,0,0
434604,5,1250,0,0
434624,5,1250,0,0
434644,5,1250,0,0
434664,5,1250,0,0
434684,5,1250,0,0
434704,5,1250,0,0
434724,5,1249,0,0
434744,5,1250,0,0
434764,5,1250,0,0
434784,5,1250,0,0
434804,5,1249,0,0
434824,5,1249,0,0
434844,5,1249,0,0
434864,5,1249,0,0
434884,5,1249,0,0
434904,5,1249,0,0
434924,5,1249,0,0
434944,5,1249,0,0
434964,5,1249,0,0
434984,5,1249,0,0
435004,5,1249,0,0
435024,5,1248,0,0
435044,5,1248,0,0
435064,5,1248,0,0
435084,5,1248,0,0
435104,5,1248,0,0
435124,5,1247,0,0
435144,5,1247,0,0
435164,5,1247,0,0
435184,5,1247,0,0
435204,5,1247,0,0
435224,5,1247,0,0
435244,5,1246,0,0
435264,5,1246,0,0
435284,5,1246,0,0
435304,5,1246,0,0
435324,5,1245,0,0
435344,5,1245,0,0
435364,5,1245,0,0
435384,5,1245,0,0
435404,5,1245,0,0
435424,5,1245,0,0
435444,5,1245,0,0
435464,5,1245,0,0
435484,5,1244,0,0
435504,5,1244,0,0
435524,5,1244,0,0
435544,5,1244,0,0
435564,5,1244,0,0
435584,5,1244,0,0
435604,5,1244,0,0
435624,5,1244,0,0
435644,5,1244,0,0
435664,5,1244,0,0
435684,5,1244,0,0
435704,5,1244,0,0
435724,5,1244,0,0
435744,5,1244,0,0
435764,5,1244,0,0
435784,5,1244,0,0
435804,5,1244,0,0
435824,5,1244,0,0
435844,5,1243,0,0
435864,5,1243,0,0
435884,5,1243,0,0
435904,5,1243,0,0
435924,5,1243,0,0
435944,5,1243,0,0
435964,5,1243,0,0
435984,5,1243,0,0
436004,5,1243,0,0
436024,5,1243,0,0
436044,5,1243,0,0
436064,5,1243,0,0
436084,5,1242,0,0
436104,5,1242,0,0
436124,5,1242,0,0
436144,5,1242,0,0
436164,5,1242,0,0
436184,5,1242,0,0
436204,5,1242,0,0
436224,5,1242,0,0
436244,5,1242,0,0
436264,5,1242,0,0
436284,5,1242,0,0
436304,5,1242,0,0
436324,5,1242,0,0
436344,5,1242,0,0
436364,5,1241,0,0
436384,5,1241,0,0
436404,5,1241,0,0
436424,5,1241,0,0
436444,5,1241,0,0
436464,5,1241,0,0
436484,5,1241,0,0
436504,5,1240,0,0
436524,5,1240,0,0
436544,5,1240,0,0
436564,5,1240,0,0
436584,5,1240,0,0
436604,5,1240,0,0
436624,5,1240,0,0
436644,5,1240,0,0
436664,5,1240,0,0
436684,5,1240,0,0
436704,5,1240,0,0
436724,5,1240,0,0
436744,5,1239,0,0
436764,5,1239,0,0
436784,5,1239,0,0
436804,5,1239,0,0
436824,5,1239,0,0
436844,5,1239,0,0
436864,5,1239,0,0
436884,5,1239,0,0
436904,5,1238,0,0
436924,5,1238,0,0
436944,5,1238,0,0
436964,5,1238,0,0
436984,5,1238,0,0
437004,5,1238,0,0
437024,5,1238,0,0
437044,5,1238,0,0
437064,5,1238,0,0
437084,5,1238,0,0
437104,5,1237,0,0
437124,5,1237,0,0
437144,5,1237,0,0
437164,5,1237,0,0
437184,5,1237,0,0
437204,5,1237,0,0
437224,5,1236,0,0
437244,5,1236,0,0
437264,5,1236,0,0
437284,5,1236,0,0
437304,5,1236,0,0
437324,5,1236,0,0
437344,5,1236,0,0
437364,5,1236,0,0
437384,5,1236,0,0
437404,5,1236,0,0
437424,5,1236,0,0
437444,5,1235,0,0
437464,5,1236,0,0
437484,5,1235,0,0
437504,5,1235,0,0
437524,5,1235,0,0
437544,5,1235,0,0
437564,5,1235,0,0
437584,5,1235,0,0
437604,5,1235,0,0
437624,5,1235,0,0
437644,5,1235,0,0
437664,5,1235,0,0
437684,5,1234,0,0
437704,5,1234,0,0
437724,5,1234,0,0
437744,5,1234,0,0
437764,5,1234,0,0
437784,5,1234,0,0
437804,5,1234,0,0
437824,5,1234,0,0
437844,5,1234,0,0
437864,5,1233,0,0
437884,5,1233,0,0
437904,5,1233,0,0
437924,5,1233,0,0
437944,5,1233,0,0
437964,5,1233,0,0
437984,5,1233,0,0
438004,5,1233,0,0
438024,5,1232,0,0
438044,5,1232,0,0
438064,5,1232,0,0
438084,5,1232,0,0
438104,5,1232,0,0
438124,5,1232,0,0
438144,5,1231,0,0
438164,5,1231,0,0
438184,5,1231,0,0
438204,5,1231,0,0
438224,5,1231,0,0
438244,5,1231,0,0
438264,5,1231,0,0
438284,5,1231,0,0
438304,5,1230,0,0
438324,5,1230,0,0
438344,5,1230,0,0
438364,5,1230,0,0
438384,5,1230,0,0
438404,5,1230,0,0
438424,5,1230,0,0
438444,5,1230,0,0
438464,5,1230,0,0
438484,5,1230,0,0
438504,5,1230,0,0
438524,5,1229,0,0
438544,5,1229,0,0
438564,5,1229,0,0
438584,5,1229,0,0
438604,5,1229,0,0
438624,5,1229,0,0
438644,5,1229,0,0
438664,5,1229,0,0
438684,5,1229,0,0
438704,5,1229,0,0
438724,5,1229,0,0
438744,5,1228,0,0
438764,5,1228,0,0
438784,5,1228,0,0
438804,5,1228,0,0
438824,5,1228,0,0
438844,5,1227,0,0
438864,5,1227,0,0
438884,5,1227,0,0
438904,5,1227,0,0
438924,5,1227,0,0
438944,5,1227,0,0
438964,5,1227,0,0
438984,5,1226,0,0
439004,5,1226,0,0
439024,5,1226,0,0
439044,5,1226,0,0
439064,5,1226,0,0
439084,5,1226,0,0
439104,5,1226,0,0
439124,5,1226,0,0
439144,5,1225,0,0
439164,5,1226,0,0
439184,5,1225,0,0
439204,5,1225,0,0
439224,5,1225,0,0
439244,5,1225,0,0
439264,5,1225,0,0
439284,5,1225,0,0
439304,5,1225,0,0
439324,5,1225,0,0
439344,5,1225,0,0
439364,5,1225,0,0
439384,5,1225,0,0
439404,5,1225,0,0
439424,5,1224,0,0
439444,5,1224,0,0
439464,5,1224,0,0
439484,5,1224,0,0
439504,5,1224,0,0
439524,5,1224,0,0
439544,5,1224,0,0
439564,5,1224,0,0
439584,5,1224,0,0
439604,5,1224,0,0
439624,5,1224,0,0
439644,5,1224,0,0
439664,5,1224,0,0
439684,5,1224,0,0
439704,5,1223,0,0
439724,5,1223,0,0
439744,5,1223,0,0
439764,5,1223,0,0
439784,5,1223,0,0
439804,5,1223,0,0
439824,5,1223,0,0
439844,5,1223,0,0
439864,5,1223,0,0
439884,5,1223,0,0
439904,5,1223,0,0
439924,5,1223,0,0
439944,5,1223,0,0
439964,5,1223,0,0
439984,5,1223,0,0
440004,5,1222,0,0
440024,5,1222,0,0
440044,5,1222,0,0
440064,5,1222,0,0
440084,5,1222,0,0
440104,5,1222,0,0
440124,5,1222,0,0
440144,5,1222,0,0
440164,5,1222,0,0
440184,5,1222,0,0
440204,5,1222,0,0
440224,5,1222,0,0
440244,5,1222,0,0
440264,5,1222,0,0
440284,5,1222,0,0
440304,5,1221,0,0
440324,5,1221,0,0
440344,5,1221,0,0
440364,5,1221,0,0
440384,5,1221,0,0
440404,5,1221,0,0
440424,5,1221,0,0
440444,5,1220,0,0
440464,5,1220,0,0
440484,5,1220,0,0
440504,5,1220,0,0
440524,5,1220,0,0
440544,5,1219,0,0
440564,5,1219,0,0
440584,5,1219,0,0
440604,5,1219,0,0
440624,5,1219,0,0
440644,5,1219,0,0
440664,5,1218,0,0
440684,5,1218,0,0
440704,5,1218,0,0
440724,5,1218,0,0
440744,5,1218,0,0
440764,5,1218,0,0
440784,5,1218,0,0
440804,5,1218,0,0
440824,5,1217,0,0
440844,5,1217,0,0
440864,5,1217,0,0
440884,5,1217,0,0
440904,5,1217,0,0
440924,5,1217,0,0
440944,5,1217,0,0
440964,5,1217,0,0
440984,5,1217,0,0
441004,5,1217,0,0
441024,5,1216,0,0
441044,5,1216,0,0
441064,5,1216,0,0
441084,5,1216,0,0
441104,5,1216,0,0
441124,5,1216,0,0
441144,5,1216,0,0
441164,5,1216,0,0
441184,5,1216,0,0
441204,5,1215,0,0
441224,5,1215,0,0
441244,5,1215,0,0
441264,5,1215,0,0
441284,5,1215,0,0
441304,5,1215,0,0
441324,5,1215,0,0
441344,5,1215,0,0
441364,5,1215,0,0
441384,5,1215,0,0
441404,5,1215,0,0
441424,5,1215,0,0
441444,5,1215,0,0
441464,5,1214,0,0
441484,5,1214,0,0
441504,5,1214,0,0
441524,5,1214,0,0
441544,5,1214,0,0
441564,5,1214,0,0
441584,5,1214,0,0
441604,5,1214,0,0
441624,5,1214,0,0
441644,5,1214,0,0
441664,5,1214,0,0
441684,5,1213,0,0
441704,5,1213,0,0
441724,5,1213,0,0
441744,5,1213,0,0
441764,5,1213,0,0
441784,5,1212,0,0
441804,5,1212,0,0
441824,5,1212,0,0
441844,5,1212,0,0
441864,5,1212,0,0
441884,5,1212,0,0
441904,5,1212,0,0
441924,5,1211,0,0
441944,5,1211,0,0
441964,5,1211,0,0
441984,5,1211,0,0
442004,5,1211,0,0
442024,5,1211,0,0
442044,5,1210,0,0
442064,5,1210,0,0
442084,5,1210,0,0
442104,5,1210,0,0
442124,5,1210,0,0
442144,5,1210,0,0
442164,5,1210,0,0
442184,5,1210,0,0
442204,5,1210,0,0
442224,5,1210,0,0
442244,5,1210,0,0
442264,5,1209,0,0
442284,5,1210,0,0
442304,5,1209,0,0
442324,5,1209,0,0
442344,5,1209,0,0
442364,5,1209,0,0
442384,5,1209,0,0
442404,5,1209,0,0
442424,5,1209,0,0
442444,5,1209,0,0
442464,5,1209,0,0
442484,5,1208,0,0
442504,5,1208,0,0
442524,5,1208,0,0
442544,5,1208,0,0
442564,5,1208,0,0
442584,5,1208,0,0
442604,5,1208,0,0
442624,5,1208,0,0
442644,5,1208,0,0
442664,5,1208,0,0
442684,5,1207,0,0
442704,5,1207,0,0
442724,5,1207,0,0
442744,5,1207,0,0
442764,5,1207,0,0
442784,5,1207,0,0
442804,5,1207,0,0
442824,5,1207,0,0
442844,5,1207,0,0
442864,5,1207,0,0
442884,5,1207,0,0
442904,5,1207,0,0
442924,5,1207,0,0
442944,5,1207,0,0
442964,5,1206,0,0
442984,5,1206,0,0
443004,5,1206,0,0
443024,5,1206,0,0
443044,5,1206,0,0
443064,5,1206,0,0
443084,5,1206,0,0
443104,5,1206,0,0
443124,5,1206,0,0
443144,5,1206,0,0
443164,5,1205,0,0
443184,5,1205,0,0
443204,5,1205,0,0
443224,5,1205,0,0
443244,5,1205,0,0
443264,5,1205,0,0
443284,5,1205,0,0
443304,5,1205,0,0
443324,5,1205,0,0
443344,5,1205,0,0
443364,5,1204,0,0
443384,5,1204,0,0
443404,5,1204,0,0
443424,5,1204,0,0
443444,5,1204,0,0
443464,5,1204,0,0
443484,5,1204,0,0
443504,5,1204,0,0
443524,5,1204,0,0
443544,5,1204,0,0
443564,5,1204,0,0
443584,5,1203,0,0
443604,5,1203,0,0
443624,5,1203,0,0
443644,5,1203,0,0
443664,5,1203,0,0
443684,5,1203,0,0
443704,5,1203,0,0
443724,5,1203,0,0
443744,5,1203,0,0
443764,5,1202,0,0
443784,5,1202,0,0
443804,5,1202,0,0
443824,5,1202,0,0
443844,5,1202,0,0
443864,5,1202,0,0
443884,5,1202,0,0
443904,5,1202,0,0
443924,5,1202,0,0
443944,5,1202,0,0
443964,5,1202,0,0
443984,5,1202,0,0
444004,5,1202,0,0
444024,5,1201,0,0
444044,5,1201,0,0
444064,5,1201,0,0
444084,5,1201,0,0
444104,5,1201,0,0
444124,5,1201,0,0
444144,5,1201,0,0
444164,5,1201,0,0
444184,5,1200,0,0
444204,5,1200,0,0
444224,5,1200,0,0
444244,5,1200,0,0
444264,5,1200,0,0
444284,5,1199,0,0
444304,5,1199,0,0
444324,5,1199,0,0
444344,5,1199,0,0
444364,5,1199,0,0
444384,5,1199,0,0
444404,5,1198,0,0
444424,5,1198,0,0
444444,5,1198,0,0
444464,5,1198,0,0
444484,5,1198,0,0
444504,5,1198,0,0
444524,5,1198,0,0
444544,5,1198,0,0
444564,5,1198,0,0
444584,5,1198,0,0
444604,5,1198,0,0
444624,5,1197,0,0
444644,5,1197,0,0
444664,5,1198,0,0
444684,5,1197,0,0
444704,5,1197,0,0
444724,5,1197,0,0
444744,5,1197,0,0
444764,5,1197,0,0
444784,5,1197,0,0
444804,5,1196,0,0
444824,5,1196,0,0
444844,5,1196,0,0
444864,5,1196,0,0
444884,5,1196,0,0
444904,5,1196,0,0
444924,5,1196,0,0
444944,5,1195,0,0
444964,5,1195,0,0
444984,5,1195,0,0
445004,5,1195,0,0
445024,5,1195,0,0
445044,5,1195,0,0
445064,5,1195,0,0
445084,5,1195,0,0
445104,5,1195,0,0
445124,5,1195,0,0
445144,5,1195,0,0
445164,5,1195,0,0
445184,5,1195,0,0
445204,5,1195,0,0
445224,5,1195,0,0
445244,5,1195,0,0
445264,5,1194,0,0
445284,5,1194,0,0
445304,5,1194,0,0
445324,5,1194,0,0
445344,5,1194,0,0
445364,5,1194,0,0
445384,5,1194,0,0
445404,5,1193,0,0
445424,5,1193,0,0
445444,5,1193,0,0
445464,5,1193,0,0
445484,5,1193,0,0
445504,5,1193,0,0
445524,5,1193,0,0
445544,5,1193,0,0
445564,5,1193,0,0
445584,5,1193,0,0
445604,5,1192,0,0
445624,5,1192,0,0
445644,5,1192,0,0
445664,5,1192,0,0
445684,5,1192,0,0
445704,5,1192,0,0
445724,5,1192,0,0
445744,5,1192,0,0
445764,5,1191,0,0
445784,5,1191,0,0
445804,5,1191,0,0
445824,5,1191,0,0
445844,5,1191,0,0
445864,5,1191,0,0
445884,5,1191,0,0
445904,5,1191,0,0
445924,5,1191,0,0
445944,5,1191,0,0
445964,5,1190,0,0
445984,5,1190,0,0
446004,5,1190,0,0
446024,5,1190,0,0
446044,5,1190,0,0
446064,5,1190,0,0
446084,5,1190,0,0
446104,5,1190,0,0
446124,5,1190,0,0
446144,5,1190,0,0
446164,5,1189,0,0
446184,5,1189,0,0
446204,5,1189,0,0
446224,5,1189,0,0
446244,5,1189,0,0
446264,5,1189,0,0
446284,5,1189,0,0
446304,5,1189,0,0
446324,5,1189,0,0
446344,5,1189,0,0
446364,5,1189,0,0
446384,5,1189,0,0
446404,5,1189,0,0
446424,5,1189,0,0
446444,5,1189,0,0
446464,5,1189,0,0
446484,5,1189,0,0
446504,5,1189,0,0
446524,5,1189,0,0
446544,5,1189,0,0
446564,5,1189,0,0
446584,5,1189,0,0
446604,5,1189,0,0
446624,5,1189,0,0
446644,5,1189,0,0
446664,5,1189,0,0
446684,5,1188,0,0
446704,5,1188,0,0
446724,5,1188,0,0
446744,5,1188,0,0
446764,5,1188,0,0
446784,5,1188,0,0
446804,5,1187,0,0
446824,5,1187,0,0
446844,5,1187,0,0
446864,5,1187,0,0
446884,5,1187,0,0
446904,5,1187,0,0
446924,5,1186,0,0
446944,5,1186,0,0
446964,5,1186,0,0
446984,5,1186,0,0
447004,5,1186,0,0
447024,5,1185,0,0
447044,5,1185,0,0
447064,5,1185,0,0
447084,5,1185,0,0
447104,5,1185,0,0
447124,5,1185,0,0
447144,5,1184,0,0
447164,5,1184,0,0
447184,5,1184,0,0
447204,5,1184,0,0
447224,5,1183,0,0
447244,5,1183,0,0
447264,5,1183,0,0
447284,5,1183,0,0
447304,5,1183,0,0
447324,5,1183,0,0
447344,5,1183,0,0
447364,5,1182,0,0
447384,5,1182,0,0
447404,5,1182,0,0
447424,5,1182,0,0
447444,5,1182,0,0
447464,5,1182,0,0
447484,5,1182,0,0
447504,5,1182,0,0
447524,5,1182,0,0
447544,5,1182,0,0
447564,5,1182,0,0
447584,5,1181,0,0
447604,5,1181,0,0
447624,5,1181,0,0
447644,5,1181,0,0
447664,5,1181,0,0
447684,5,1181,0,0
447704,5,1181,0,0
447724,5,1180,0,0
447744,5,1180,0,0
447764,5,1180,0,0
447784,5,1180,0,0
447804,5,1181,0,0
447824,5,1181,0,0
447844,5,1181,0,0
447864,5,1180,0,0
447884,5,1180,0,0
447904,5,1180,0,0
447924,5,1180,0,0
447944,5,1180,0,0
447964,5,1180,0,0
447984,5,1180,0,0
448004,5,1180,0,0
448024,5,1180,0,0
448044,5,1179,0,0
448064,5,1179,0,0
448084,5,1179,0,0
448104,5,1179,0,0
448124,5,1179,0,0
448144,5,1179,0,0
448164,5,1179,0,0
448184,5,1179,0,0
448204,5,1179,0,0
448224,5,1179,0,0
448244,5,1178,0,0
448264,5,1178,0,0
448284,5,1178,0,0
448304,5,1178,0,0
448324,5,1178,0,0
448344,5,1178,0,0
448364,5,1178,0,0
448384,5,1178,0,0
448404,5,1178,0,0
448424,5,1178,0,0
448444,5,1178,0,0
448464,5,1178,0,0
448484,5,1178,0,0
448504,5,1178,0,0
448524,5,1178,0,0
448544,5,1178,0,0
448564,5,1177,0,0
448584,5,1177,0,0
448604,5,1177,0,0
448624,5,1177,0,0
448644,5,1177,0,0
448664,5,1177,0,0
448684,5,1177,0,0
448704,5,1177,0,0
448724,5,1176,0,0
448744,5,1176,0,0
448764,5,1176,0,0
448784,5,1176,0,0
448804,5,1176,0,0
448824,5,1176,0,0
448844,5,1176,0,0
448864,5,1176,0,0
448884,5,1176,0,0
448904,5,1176,0,0
448924,5,1176,0,0
448944,5,1176,0,0
448964,5,1176,0,0
448984,5,1176,0,0
449004,5,1176,0,0
449024,5,1176,0,0
449044,5,1176,0,0
449064,5,1175,0,0
449084,5,1175,0,0
449104,5,1175,0,0
449124,5,1175,0,0
449144,5,1175,0,0
449164,5,1174,0,0
449184,5,1174,0,0
449204,5,1174,0,0
449224,5,1174,0,0
449244,5,1174,0,0
449264,5,1174,0,0
449284,5,1174,0,0
449304,5,1174,0,0
449324,5,1173,0,0
449344,5,1173,0,0
449364,5,1173,0,0
449384,5,1173,0,0
449404,5,1173,0,0
449424,5,1173,0,0
449444,5,1173,0,0
449464,5,1173,0,0
449484,5,1172,0,0
449504,5,1172,0,0
449524,5,1172,0,0
449544,5,1172,0,0
449564,5,1172,0,0
449584,5,1172,0,0
449604,5,1172,0,0
449624,5,1172,0,0
449644,5,1172,0,0
449664,5,1172,0,0
449684,5,1172,0,0
449704,5,1172,0,0
449724,5,1172,0,0
449744,5,1171,0,0
449764,5,1171,0,0
449784,5,1171,0,0
449804,5,1171,0,0
449824,5,1171,0,0
449844,5,1171,0,0
449864,5,1171,0,0
449884,5,1171,0,0
449904,5,1171,0,0
449924,5,1171,0,0
449944,5,1171,0,0
449964,5,1171,0,0
449984,5,1171,0,0
450004,5,1171,0,0
450024,5,1171,0,0
450044,5,1171,0,0
450064,5,1170,0,0
450084,5,1170,0,0
450104,5,1170,0,0
450124,5,1170,0,0
450144,5,1170,0,0
450164,5,1170,0,0
450184,5,1170,0,0
450204,5,1170,0,0
450224,5,1170,0,0
450244,5,1170,0,0
450264,5,1170,0,0
450284,5,1169,0,0
450304,5,1169,0,0
450324,5,1169,0,0
450344,5,1169,0,0
450364,5,1169,0,0
450384,5,1169,0,0
450404,5,1168,0,0
450424,5,1168,0,0
450444,5,1168,0,0
450464,5,1168,0,0
450484,5,1168,0,0
450504,5,1167,0,0
450524,5,1167,0,0
450544,5,1167,0,0
450564,5,1167,0,0
450584,5,1167,0,0
450604,5,1167,0,0
450624,5,1167,0,0
450644,5,1167,0,0
450664,5,1166,0,0
450684,5,1166,0,0
450704,5,1166,0,0
450724,5,1166,0,0
450744,5,1166,0,0
450764,5,1166,0,0
450784,5,1166,0,0
450804,5,1166,0,0
450824,5,1165,0,0
450844,5,1165,0,0
450864,5,1165,0,0
450884,5,1165,0,0
450904,5,1165,0,0
450924,5,1165,0,0
450944,5,1165,0,0
450964,5,1165,0,0
450984,5,1164,0,0
451004,5,1164,0,0
451024,5,1164,0,0
451044,5,1164,0,0
451064,5,1164,0,0
451084,5,1164,0,0
451104,5,1163,0,0
451124,5,1163,0,0
451144,5,1163,0,0
451164,5,1163,0,0
451184,5,1163,0,0
451204,5,1163,0,0
451224,5,1163,0,0
451244,5,1163,0,0
451264,5,1163,0,0
451284,5,1163,0,0
451304,5,1162,0,0
451324,5,1162,0,0
451344,5,1162,0,0
451364,5,1162,0,0
451384,5,1162,0,0
451404,5,1162,0,0
451424,5,1162,0,0
451444,5,1162,0,0
451464,5,1162,0,0
451484,5,1162,0,0
451504,5,1162,0,0
451524,5,1161,0,0
451544,5,1161,0,0
451564,5,1161,0,0
451584,5,1161,0,0
451604,5,1161,0,0
451624,5,1161,0,0
451644,5,1161,0,0
451664,5,1160,0,0
451684,5,1160,0,0
451704,5,1160,0,0
451724,5,1160,0,0
451744,5,1160,0,0
451764,5,1160,0,0
451784,5,1160,0,0
451804,5,1160,0,0
451824,5,1159,0,0
451844,5,1159,0,0
451864,5,1159,0,0
451884,5,1159,0,0
451904,5,1159,0,0
451924,5,1159,0,0
451944,5,1159,0,0
451964,5,1159,0,0
451984,5,1159,0,0
452004,5,1159,0,0
452024,5,1159,0,0
452044,5,1159,0,0
452064,5,1159,0,0
452084,5,1159,0,0
452104,5,1159,0,0
452124,5,1159,0,0
452144,5,1159,0,0
452164,5,1159,0,0
452184,5,1158,0,0
452204,5,1158,0,0
452224,5,1158,0,0
452244,5,1158,0,0
452264,5,1158,0,0
452284,5,1158,0,0
452304,5,1158,0,0
452324,5,1158,0,0
452344,5,1158,0,0
452364,5,1158,0,0
452384,5,1157,0,0
452404,5,1157,0,0
452424,5,1157,0,0
452444,5,1157,0,0
452464,5,1157,0,0
452484,5,1157,0,0
452504,5,1157,0,0
452524,5,1157,0,0
452544,5,1157,0,0
452564,5,1157,0,0
452584,5,1157,0,0
452604,5,1157,0,0
452624,5,1157,0,0
452644,5,1157,0,0
452664,5,1156,0,0
452684,5,1156,0,0
452704,5,1156,0,0
452724,5,1156,0,0
452744,5,1156,0,0
452764,5,1156,0,0
452784,5,1156,0,0
452804,5,1155,0,0
452824,5,1155,0,0
452844,5,1155,0,0
452864,5,1155,0,0
452884,5,1155,0,0
452904,5,1155,0,0
452924,5,1155,0,0
452944,5,1155,0,0
452964,5,1154,0,0
452984,5,1154,0,0
453004,5,1154,0,0
453024,5,1154,0,0
453044,5,1154,0,0
453064,5,1154,0,0
453084,5,1153,0,0
453104,5,1153,0,0
453124,5,1153,0,0
453144,5,1153,0,0
453164,5,1153,0,0
453184,5,1153,0,0
453204,5,1153,0,0
453224,5,1153,0,0
453244,5,1152,0,0
453264,5,1152,0,0
453284,5,1152,0,0
453304,5,1152,0,0
453324,5,1152,0,0
453344,5,1152,0,0
453364,5,1152,0,0
453384,5,1152,0,0
453404,5,1151,0,0
453424,5,1151,0,0
453444,5,1151,0,0
453464,5,1151,0,0
453484,5,1151,0,0
453504,5,1151,0,0
453524,5,1151,0,0
453544,5,1151,0,0
453564,5,1150,0,0
453584,5,1150,0,0
453604,5,1150,0,0
453624,5,1150,0,0
453644,5,1150,0,0
453664,5,1150,0,0
453684,5,1150,0,0
453704,5,1150,0,0
453724,5,1150,0,0
453744,5,1150,0,0
453764,5,1150,0,0
453784,5,1149,0,0
453804,5,1149,0,0
453824,5,1149,0,0
453844,5,1149,0,0
453864,5,1149,0,0
453884,5,1149,0,0
453904,5,1149,0,0
453924,5,1149,0,0
453944,5,1149,0,0
453964,5,1149,0,0
453984,5,1149,0,0
454004,5,1148,0,0
454024,5,1148,0,0
454044,5,1148,0,0
454064,5,1148,0,0
454084,5,1148,0,0
454104,5,1148,0,0
454124,5,1148,0,0
454144,5,1148,0,0
454164,5,1148,0,0
454184,5,1148,0,0
454204,5,1148,0,0
454224,5,1148,0,0
454244,5,1147,0,0
454264,5,1147,0,0
454284,5,1147,0,0
454304,5,1147,0,0
454324,5,1147,0,0
454344,5,1147,0,0
454364,5,1147,0,0
454384,5,1147,0,0
454404,5,1146,0,0
454424,5,1146,0,0
454444,5,1146,0,0
454464,5,1146,0,0
454484,5,1146,0,0
454504,5,1146,0,0
454524,5,1146,0,0
454544,5,1146,0,0
454564,5,1146,0,0
454584,5,1145,0,0
454604,5,1145,0,0
454624,5,1145,0,0
454644,5,1145,0,0
454664,5,1145,0,0
454684,5,1145,0,0
454704,5,1145,0,0
454724,5,1145,0,0
454744,5,1145,0,0
454764,5,1144,0,0
454784,5,1144,0,0
454804,5,1144,0,0
454824,5,1144,0,0
454844,5,1144,0,0
454864,5,1144,0,0
454884,5,1144,0,0
454904,5,1144,0,0
454924,5,1144,0,0
454944,5,1144,0,0
454964,5,1144,0,0
454984,5,1144,0,0
455004,5,1143,0,0
455024,5,1143,0,0
455044,5,1143,0,0
455064,5,1143,0,0
455084,5,1143,0,0
455104,5,1143,0,0
455124,5,1143,0,0
455144,5,1143,0,0
455164,5,1143,0,0
455184,5,1143,0,0
455204,5,1143,0,0
455224,5,1143,0,0
455244,5,1143,0,0
455264,5,1142,0,0
455284,5,1142,0,0
455304,5,1142,0,0
455324,5,1142,0,0
455344,5,1142,0,0
455364,5,1142,0,0
455384,5,1142,0,0
455404,5,1142,0,0
455424,5,1142,0,0
455444,5,1141,0,0
455464,5,1141,0,0
455484,5,1141,0,0
455504,5,1141,0,0
455524,5,1141,0,0
455544,5,1141,0,0
455564,5,1141,0,0
455584,5,1140,0,0
455604,5,1140,0,0
455624,5,1140,0,0
455644,5,1140,0,0
455664,5,1140,0,0
455684,5,1140,0,0
455704,5,1140,0,0
455724,5,1140,0,0
455744,5,1140,0,0
455764,5,1140,0,0
455784,5,1140,0,0
455804,5,1140,0,0
455824,5,1140,0,0
455844,5,1140,0,0
455864,5,1140,0,0
455884,5,1139,0,0
455904,5,1139,0,0
455924,5,1139,0,0
455944,5,1139,0,0
455964,5,1139,0,0
455984,5,1139,0,0
456004,5,1139,0,0
456024,5,1139,0,0
456044,5,1139,0,0
456064,5,1138,0,0
456084,5,1138,0,0
456104,5,1138,0,0
456124,5,1138,0,0
456144,5,1138,0,0
456164,5,1138,0,0
456184,5,1138,0,0
456204,5,1138,0,0
456224,5,1138,0,0
456244,5,1137,0,0
456264,5,1137,0,0
456284,5,1137,0,0
456304,5,1137,0,0
456324,5,1137,0,0
456344,5,1137,0,0
456364,5,1137,0,0
456384,5,1137,0,0
456404,5,1136,0,0
456424,5,1136,0,0
456444,5,1136,0,0
456464,5,1136,0,0
456484,5,1136,0,0
456504,5,1136,0,0
456524,5,1136,0,0
456544,5,1136,0,0
456564,5,1136,0,0
456584,5,1136,0,0
456604,5,1135,0,0
456624,5,1135,0,0
456644,5,1135,0,0
456664,5,1135,0,0
456684,5,1135,0,0
456704,5,1135,0,0
456724,5,1135,0,0
456744,5,1135,0,0
456764,5,1134,0,0
456784,5,1134,0,0
456804,5,1134,0,0
456824,5,1134,0,0
456844,5,1134,0,0
456864,5,1134,0,0
456884,5,1134,0,0
456904,5,1134,0,0
456924,5,1134,0,0
456944,5,1134,0,0
456964,5,1133,0,0
456984,5,1133,0,0
457004,5,1133,0,0
457024,5,1133,0,0
457044,5,1133,0,0
457064,5,1133,0,0
457084,5,1133,0,0
457104,5,1133,0,0
457124,5,1133,0,0
457144,5,1133,0,0
457164,5,1132,0,0
457184,5,1132,0,0
457204,5,1132,0,0
457224,5,1132,0,0
457244,5,1132,0,0
457264,5,1132,0,0
457284,5,1132,0,0
457304,5,1132,0,0
457324,5,1132,0,0
457344,5,1131,0,0
457364,5,1131,0,0
457384,5,1131,0,0
457404,5,1131,0,0
457424,5,1131,0,0
457444,5,1131,0,0
457464,5,1131,0,0
457484,5,1131,0,0
457504,5,1131,0,0
457524,5,1131,0,0
457544,5,1131,0,0
457564,5,1131,0,0
457584,5,1131,0,0
457604,5,1131,0,0
457624,5,1130,0,0
457644,5,1130,0,0
457664,5,1130,0,0
457684,5,1130,0,0
457704,5,1130,0,0
457724,5,1130,0,0
457744,5,1130,0,0
457764,5,1130,0,0
457784,5,1130,0,0
457804,5,1130,0,0
457824,5,1130,0,0
457844,5,1129,0,0
457864,5,1129,0,0
457884,5,1129,0,0
457904,5,1129,0,0
457924,5,1129,0,0
457944,5,1129,0,0
457964,5,1129,0,0
457984,5,1128,0,0
458004,5,1128,0,0
458024,5,1128,0,0
458044,5,1128,0,0
458064,5,1128,0,0
458084,5,1128,0,0
458104,5,1128,0,0
458124,5,1127,0,0
458144,5,1127,0,0
458164,5,1127,0,0
458184,5,1127,0,0
458204,5,1127,0,0
458224,5,1127,0,0
458244,5,1127,0,0
458264,5,1127,0,0
458284,5,1127,0,0
458304,5,1127,0,0
458324,5,1126,0,0
458344,5,1126,0,0
458364,5,1126,0,0
458384,5,1126,0,0
458404,5,1126,0,0
458424,5,1126,0,0
458444,5,1126,0,0
458464,5,1126,0,0
458484,5,1126,0,0
458504,5,1126,0,0
458524,5,1125,0,0
458544,5,1125,0,0
458564,5,1125,0,0
458584,5,1125,0,0
458604,5,1125,0,0
458624,5,1125,0,0
458644,5,1125,0,0
458664,5,1125,0,0
458684,5,1125,0,0
458704,5,1125,0,0
458724,5,1125,0,0
458744,5,1125,0,0
458764,5,1124,0,0
458784,5,1124,0,0
458804,5,1124,0,0
458824,5,1124,0,0
458844,5,1124,0,0
458864,5,1124,0,0
458884,5,1124,0,0
458904,5,1124,0,0
458924,5,1124,0,0
458944,5,1124,0,0
458964,5,1124,0,0
458984,5,1124,0,0
459004,5,1124,0,0
459024,5,1124,0,0
459044,5,1123,0,0
459064,5,1123,0,0
459084,5,1123,0,0
459104,5,1123,0,0
459124,5,1123,0,0
459144,5,1123,0,0
459164,5,1123,0,0
459184,5,1123,0,0
459204,5,1123,0,0
459224,5,1122,0,0
459244,5,1122,0,0
459264,5,1122,0,0
459284,5,1122,0,0
459304,5,1122,0,0
459324,5,1122,0,0
459344,5,1122,0,0
459364,5,1121,0,0
459384,5,1121,0,0
459404,5,1121,0,0
459424,5,1121,0,0
459444,5,1121,0,0
459464,5,1121,0,0
459484,5,1121,0,0
459504,5,1121,0,0
459524,5,1121,0,0
459544,5,1121,0,0
459564,5,1120,0,0
459584,5,1120,0,0
459604,5,1120,0,0
459624,5,1120,0,0
459644,5,1120,0,0
459664,5,1120,0,0
459684,5,1120,0,0
459704,5,1119,0,0
459724,5,1119,0,0
459744,5,1119,0,0
459764,5,1119,0,0
459784,5,1119,0,0
459804,5,1119,0,0
459824,5,1119,0,0
459844,5,1118,0,0
459864,5,1118,0,0
459884,5,1118,0,0
459904,5,1118,0,0
459924,5,1118,0,0
459944,5,1118,0,0
459964,5,1118,0,0
459984,5,1118,0,0
460004,5,1118,0,0
460024,5,1117,0,0
460044,5,1117,0,0
460064,5,1117,0,0
460084,5,1117,0,0
460104,5,1117,0,0
460124,5,1117,0,0
460144,5,1117,0,0
460164,5,1117,0,0
460184,5,1117,0,0
460204,5,1117,0,0
460224,5,1117,0,0
460244,5,1117,0,0
460264,5,1116,0,0
460284,5,1116,0,0
460304,5,1116,0,0
460324,5,1116,0,0
460344,5,1116,0,0
460364,5,1116,0,0
460384,5,1116,0,0
460404,5,1116,0,0
460424,5,1116,0,0
460444,5,1116,0,0
460464,5,1116,0,0
460484,5,1116,0,0
460504,5,1116,0,0
460524,5,1115,0,0
460544,5,1115,0,0
460564,5,1115,0,0
460584,5,1115,0,0
460604,5,1115,0,0
460624,5,1115,0,0
460644,5,1115,0,0
460664,5,1115,0,0
460684,5,1114,0,0
460704,5,1114,0,0
460724,5,1114,0,0
460744,5,1114,0,0
460764,5,1114,0,0
460784,5,1114,0,0
460804,5,1114,0,0
460824,5,1114,0,0
460844,5,1114,0,0
460864,5,1113,0,0
460884,5,1113,0,0
460904,5,1113,0,0
460924,5,1113,0,0
460944,5,1113,0,0
460964,5,1113,0,0
460984,5,1113,0,0
461004,5,1113,0,0
461024,5,1113,0,0
461044,5,1113,0,0
461064,5,1113,0,0
461084,5,1112,0,0
461104,5,1112,0,0
461124,5,1112,0,0
461144,5,1112,0,0
461164,5,1112,0,0
461184,5,1112,0,0
461204,5,1112,0,0
461224,5,1112,0,0
461244,5,1111,0,0
461264,5,1111,0,0
461284,5,1111,0,0
461304,5,1111,0,0
461324,5,1111,0,0
461344,5,1111,0,0
461364,5,1111,0,0
461384,5,1111,0,0
461404,5,1111,0,0
461424,5,1111,0,0
461444,5,1111,0,0
461464,5,1110,0,0
461484,5,1110,0,0
461504,5,1110,0,0
461524,5,1110,0,0
461544,5,1110,0,0
461564,5,1110,0,0
461584,5,1110,0,0
461604,5,1110,0,0
461624,5,1110,0,0
461644,5,1109,0,0
461664,5,1109,0,0
461684,5,1109,0,0
461704,5,1109,0,0
461724,5,1109,0,0
461744,5,1109,0,0
461764,5,1109,0,0
461784,5,1108,0,0
461804,5,1108,0,0
461824,5,1108,0,0
461844,5,1108,0,0
461864,5,1108,0,0
461884,5,1108,0,0
461904,5,1107,0,0
461924,5,1107,0,0
461944,5,1107,0,0
461964,5,1107,0,0
461984,5,1107,0,0
462004,5,1107,0,0
462024,5,1107,0,0
462044,5,1106,0,0
462064,5,1106,0,0
462084,5,1106,0,0
462104,5,1106,0,0
462124,5,1106,0,0
462144,5,1105,0,0
462164,5,1105,0,0
462184,5,1105,0,0
462204,5,1105,0,0
462224,5,1105,0,0
462244,5,1105,0,0
462264,5,1105,0,0
462284,5,1105,0,0
462304,5,1105,0,0
462324,5,1104,0,0
462344,5,1104,0,0
462364,5,1104,0,0
462384,5,1104,0,0
462404,5,1104,0,0
462424,5,1104,0,0
462444,5,1104,0,0
462464,5,1104,0,0
462484,5,1104,0,0
462504,5,1104,0,0
462524,5,1104,0,0
462544,5,1104,0,0
462564,5,1104,0,0
462584,5,1104,0,0
462604,5,1104,0,0
462624,5,1104,0,0
462644,5,1104,0,0
462664,5,1104,0,0
462684,5,1103,0,0
462704,5,1103,0,0
462724,5,1103,0,0
462744,5,1103,0,0
462764,5,1103,0,0
462784,5,1103,0,0
462804,5,1103,0,0
462824,5,1103,0,0
462844,5,1103,0,0
462864,5,1103,0,0
462884,5,1102,0,0
462904,5,1102,0,0
462924,5,1102,0,0
462944,5,1102,0,0
462964,5,1102,0,0
462984,5,1102,0,0
463004,5,1102,0,0
463024,5,1102,0,0
463044,5,1101,0,0
463064,5,1101,0,0
463084,5,1101,0,0
463104,5,1101,0,0
463124,5,1101,0,0
463144,5,1101,0,0
463164,5,1101,0,0
463184,5,1101,0,0
463204,5,1100,0,0
463224,5,1100,0,0
463244,5,1100,0,0
463264,5,1100,0,0
463284,5,1100,0,0
463304,5,1100,0,0
463324,5,1100,0,0
463344,5,1100,0,0
463364,5,1099,0,0
463384,5,1099,0,0
463404,5,1099,0,0
463424,5,1099,0,0
463444,5,1099,0,0
463464,5,1099,0,0
463484,5,1099,0,0
463504,5,1099,0,0
463524,5,1099,0,0
463544,5,1099,0,0
463564,5,1098,0,0
463584,5,1098,0,0
463604,5,1098,0,0
463624,5,1098,0,0
463644,5,1098,0,0
463664,5,1098,0,0
463684,5,1098,0,0
463704,5,1098,0,0
463724,5,1098,0,0
463744,5,1098,0,0
463764,5,1097,0,0
463784,5,1097,0,0
463804,5,1097,0,0
463824,5,1097,0,0
463844,5,1097,0,0
463864,5,1097,0,0
463884,5,1097,0,0
463904,5,1097,0,0
463924,5,1096,0,0
463944,5,1096,0,0
463964,5,1096,0,0
463984,5,1096,0,0
464004,5,1096,0,0
464024,5,1096,0,0
464044,5,1096,0,0
464064,5,1096,0,0
464084,5,1096,0,0
464104,5,1096,0,0
464124,5,1095,0,0
464144,5,1095,0,0
464164,5,1095,0,0
464184,5,1095,0,0
464204,5,1095,0,0
464224,5,1095,0,0
464244,5,1095,0,0
464264,5,1095,0,0
464284,5,1095,0,0
464304,5,1094,0,0
464324,5,1094,0,0
464344,5,1094,0,0
464364,5,1094,0,0
464384,5,1094,0,0
464404,5,1094,0,0
464424,5,1094,0,0
464444,5,1094,0,0
464464,5,1093,0,0
464484,5,1093,0,0
464504,5,1093,0,0
464524,5,1093,0,0
464544,5,1093,0,0
464564,5,1093,0,0
464584,5,1093,0,0
464604,5,1093,0,0
464624,5,1093,0,0
464644,5,1092,0,0
464664,5,1092,0,0
464684,5,1092,0,0
464704,5,1092,0,0
464724,5,1092,0,0
464744,5,1092,0,0
464764,5,1092,0,0
464784,5,1092,0,0
464804,5,1092,0,0
464824,5,1091,0,0
464844,5,1091,0,0
464864,5,1091,0,0
464884,5,1091,0,0
464904,5,1091,0,0
464924,5,1091,0,0
464944,5,1091,0,0
464964,5,1091,0,0
464984,5,1091,0,0
465004,5,1091,0,0
465024,5,1090,0,0
465044,5,1090,0,0
465064,5,1090,0,0
465084,5,1090,0,0
465104,5,1090,0,0
465124,5,1090,0,0
465144,5,1090,0,0
465164,5,1090,0,0
465184,5,1090,0,0
465204,5,1089,0,0
465224,5,1089,0,0
465244,5,1089,0,0
465264,5,1089,0,0
465284,5,1089,0,0
465304,5,1089,0,0
465324,5,1089,0,0
465344,5,1089,0,0
465364,5,1089,0,0
465384,5,1088,0,0
465404,5,1088,0,0
465424,5,1088,0,0
465444,5,1088,0,0
465464,5,1088,0,0
465484,5,1088,0,0
465504,5,1088,0,0
465524,5,1087,0,0
465544,5,1087,0,0
465564,5,1087,0,0
465584,5,1087,0,0
465604,5,1087,0,0
465624,5,1087,0,0
465644,5,1087,0,0
465664,5,1087,0,0
465684,5,1086,0,0
465704,5,1086,0,0
465724,5,1086,0,0
465744,5,1086,0,0
465764,5,1086,0,0
465784,5,1086,0,0
465804,5,1086,0,0
465824,5,1086,0,0
465844,5,1086,0,0
465864,5,1085,0,0
465884,5,1085,0,0
465904,5,1085,0,0
465924,5,1085,0,0
465944,5,1085,0,0
465964,5,1085,0,0
465984,5,1085,0,0
466004,5,1085,0,0
466024,5,1085,0,0
466044,5,1085,0,0
466064,5,1085,0,0
466084,5,1084,0,0
466104,5,1084,0,0
466124,5,1084,0,0
466144,5,1084,0,0
466164,5,1084,0,0
466184,5,1084,0,0
466204,5,1084,0,0
466224,5,1083,0,0
466244,5,1083,0,0
466264,5,1083,0,0
466284,5,1083,0,0
466304,5,1083,0,0
466324,5,1083,0,0
466344,5,1083,0,0
466364,5,1083,0,0
466384,5,1083,0,0
466404,5,1083,0,0
466424,5,1083,0,0
466444,5,1083,0,0
466464,5,1083,0,0
466484,5,1082,0,0
466504,5,1082,0,0
466524,5,1082,0,0
466544,5,1082,0,0
466564,5,1082,0,0
466584,5,1082,0,0
466604,5,1082,0,0
466624,5,1082,0,0
466644,5,1082,0,0
466664,5,1082,0,0
466684,5,1082,0,0
466704,5,1081,0,0
466724,5,1081,0,0
466744,5,1081,0,0
466764,5,1081,0,0
466784,5,1081,0,0
466804,5,1081,0,0
466824,5,1080,0,0
466844,5,1080,0,0
466864,5,1080,0,0
466884,5,1080,0,0
466904,5,1080,0,0
466924,5,1080,0,0
466944,5,1080,0,0
466964,5,1080,0,0
466984,5,1080,0,0
467004,5,1080,0,0
467024,5,1080,0,0
467044,5,1079,0,0
467064,5,1079,0,0
467084,5,1079,0,0
467104,5,1079,0,0
467124,5,1079,0,0
467144,5,1079,0,0
467164,5,1079,0,0
467184,5,1079,0,0
467204,5,1079,0,0
467224,5,1079,0,0
467244,5,1078,0,0
467264,5,1078,0,0
467284,5,1078,0,0
467304,5,1078,0,0
467324,5,1078,0,0
467344,5,1078,0,0
467364,5,1078,0,0
467384,5,1078,0,0
467404,5,1078,0,0
467424,5,1078,0,0
467444,5,1078,0,0
467464,5,1078,0,0
467484,5,1078,0,0
467504,5,1078,0,0
467524,5,1078,0,0
467544,5,1078,0,0
467564,5,1078,0,0
467584,5,1078,0,0
467604,5,1078,0,0
467624,5,1078,0,0
467644,5,1078,0,0
467664,5,1078,0,0
467684,5,1078,0,0
467704,5,1078,0,0
467724,5,1078,0,0
467744,5,1078,0,0
467764,5,1078,0,0
467784,5,1077,0,0
467804,5,1077,0,0
467824,5,1077,0,0
467844,5,1077,0,0
467864,5,1077,0,0
467884,5,1076,0,0
467904,5,1076,0,0
467924,5,1076,0,0
467944,5,1075,0,0
467964,5,1075,0,0
467984,5,1075,0,0
468004,5,1075,0,0
468024,5,1075,0,0
468044,5,1075,0,0
468064,5,1074,0,0
468084,5,1074,0,0
468104,5,1074,0,0
468124,5,1074,0,0
468144,5,1074,0,0
468164,5,1074,0,0
468184,5,1074,0,0
468204,5,1074,0,0
468224,5,1073,0,0
468244,5,1073,0,0
468264,5,1073,0,0
468284,5,1073,0,0
468304,5,1073,0,0
468324,5,1073,0,0
468344,5,1073,0,0
468364,5,1073,0,0
468384,5,1073,0,0
468404,5,1073,0,0
468424,5,1072,0,0
468444,5,1072,0,0
468464,5,1072,0,0
468484,5,1072,0,0
468504,5,1072,0,0
468524,5,1072,0,0
468544,5,1072,0,0
468564,5,1071,0,0
468584,5,1071,0,0
468604,5,1071,0,0
468624,5,1071,0,0
468644,5,1071,0,0
468664,5,1071,0,0
468684,5,1071,0,0
468704,5,1070,0,0
468724,5,1070,0,0
468744,5,1070,0,0
468764,5,1070,0,0
468784,5,1070,0,0
468804,5,1070,0,0
468824,5,1070,0,0
468844,5,1070,0,0
468864,5,1070,0,0
468884,5,1070,0,0
468904,5,1070,0,0
468924,5,1070,0,0
468944,5,1070,0,0
468964,5,1069,0,0
468984,5,1069,0,0
469004,5,1069,0,0
469024,5,1069,0,0
469044,5,1069,0,0
469064,5,1069,0,0
469084,5,1069,0,0
469104,5,1069,0,0
469124,5,1069,0,0
469144,5,1069,0,0
469164,5,1069,0,0
469184,5,1068,0,0
469204,5,1068,0,0
469224,5,1068,0,0
469244,5,1068,0,0
469264,5,1068,0,0
469284,5,1068,0,0
469304,5,1068,0,0
469324,5,1068,0,0
469344,5,1068,0,0
469364,5,1068,0,0
469384,5,1067,0,0
469404,5,1067,0,0
469424,5,1067,0,0
469444,5,1067,0,0
469464,5,1067,0,0
469484,5,1067,0,0
469504,5,1067,0,0
469524,5,1067,0,0
469544,5,1067,0,0
469564,5,1066,0,0
469584,5,1066,0,0
469604,5,1066,0,0
469624,5,1066,0,0
469644,5,1066,0,0
469664,5,1066,0,0
469684,5,1066,0,0
469704,5,1066,0,0
469724,5,1065,0,0
469744,5,1065,0,0
469764,5,1065,0,0
469784,5,1065,0,0
469804,5,1065,0,0
469824,5,1065,0,0
469844,5,1065,0,0
469864,5,1065,0,0
469884,5,1065,0,0
469904,5,1065,0,0
469924,5,1065,0,0
469944,5,1065,0,0
469964,5,1065,0,0
469984,5,1064,0,0
470004,5,1064,0,0
470024,5,1064,0,0
470044,5,1064,0,0
470064,5,1064,0,0
470084,5,1064,0,0
470104,5,1064,0,0
470124,5,1064,0,0
470144,5,1064,0,0
470164,5,1064,0,0
470184,5,1064,0,0
470204,5,1064,0,0
470224,5,1064,0,0
470244,5,1063,0,0
470264,5,1063,0,0
470284,5,1063,0,0
470304,5,1063,0,0
470324,5,1063,0,0
470344,5,1063,0,0
470364,5,1063,0,0
470384,5,1063,0,0
470404,5,1063,0,0
470424,5,1063,0,0
470444,5,1063,0,0
470464,5,1063,0,0
470484,5,1063,0,0
470504,5,1063,0,0
470524,5,1062,0,0
470544,5,1062,0,0
470564,5,1062,0,0
470584,5,1062,0,0
470604,5,1062,0,0
470624,5,1062,0,0
470644,5,1062,0,0
470664,5,1062,0,0
470684,5,1062,0,0
470704,5,1062,0,0
470724,5,1062,0,0
470744,5,1061,0,0
470764,5,1061,0,0
470784,5,1061,0,0
470804,5,1061,0,0
470824,5,1061,0,0
470844,5,1061,0,0
470864,5,1061,0,0
470884,5,1060,0,0
470904,5,1060,0,0
470924,5,1060,0,0
470944,5,1060,0,0
470964,5,1059,0,0
470984,5,1059,0,0
471004,5,1059,0,0
471024,5,1059,0,0
471044,5,1059,0,0
471064,5,1059,0,0
471084,5,1059,0,0
471104,5,1059,0,0
471124,5,1059,0,0
471144,5,1059,0,0
471164,5,1058,0,0
471184,5,1058,0,0
471204,5,1058,0,0
471224,5,1058,0,0
471244,5,1058,0,0
471264,5,1058,0,0
471284,5,1058,0,0
471304,5,1058,0,0
471324,5,1058,0,0
471344,5,1058,0,0
471364,5,1058,0,0
471384,5,1058,0,0
471404,5,1058,0,0
471424,5,1057,0,0
471444,5,1057,0,0
471464,5,1057,0,0
471484,5,1057,0,0
471504,5,1057,0,0
471524,5,1057,0,0
471544,5,1057,0,0
471564,5,1057,0,0
471584,5,1057,0,0
471604,5,1057,0,0
471624,5,1056,0,0
471644,5,1056,0,0
471664,5,1056,0,0
471684,5,1056,0,0
471704,5,1056,0,0
471724,5,1056,0,0
471744,5,1056,0,0
471764,5,1055,0,0
471784,5,1055,0,0
471804,5,1055,0,0
471824,5,1055,0,0
471844,5,1055,0,0
471864,5,1055,0,0
471884,5,1055,0,0
471904,5,1054,0,0
471924,5,1054,0,0
471944,5,1054,0,0
471964,5,1054,0,0
471984,5,1054,0,0
472004,5,1054,0,0
472024,5,1054,0,0
472044,5,1054,0,0
472064,5,1054,0,0
472084,5,1054,0,0
472104,5,1054,0,0
472124,5,1053,0,0
472144,5,1053,0,0
472164,5,1053,0,0
472184,5,1053,0,0
472204,5,1053,0,0
472224,5,1053,0,0
472244,5,1053,0,0
472264,5,1052,0,0
472284,5,1052,0,0
472304,5,1052,0,0
472324,5,1052,0,0
472344,5,1052,0,0
472364,5,1052,0,0
472384,5,1052,0,0
472404,5,1051,0,0
472424,5,1051,0,0
472444,5,1051,0,0
472464,5,1051,0,0
472484,5,1051,0,0
472504,5,1051,0,0
472524,5,1051,0,0
472544,5,1051,0,0
472564,5,1051,0,0
472584,5,1051,0,0
472604,5,1051,0,0
472624,5,1051,0,0
472644,5,1050,0,0
472664,5,1050,0,0
472684,5,1050,0,0
472704,5,1050,0,0
472724,5,1050,0,0
472744,5,1050,0,0
472764,5,1050,0,0
472784,5,1050,0,0
472804,5,1050,0,0
472824,5,1050,0,0
472844,5,1050,0,0
472864,5,1050,0,0
472884,5,1050,0,0
472904,5,1050,0,0
472924,5,1050,0,0
472944,5,1050,0,0
472964,5,1050,0,0
472984,5,1050,0,0
473004,5,1049,0,0
473024,5,1049,0,0
473044,5,1049,0,0
473064,5,1049,0,0
473084,5,1049,0,0
473104,5,1049,0,0
473124,5,1049,0,0
473144,5,1049,0,0
473164,5,1048,0,0
473184,5,1048,0,0
473204,5,1048,0,0
473224,5,1048,0,0
473244,5,1048,0,0
473264,5,1048,0,0
473284,5,1048,0,0
473304,5,1048,0,0
473324,5,1047,0,0
473344,5,1047,0,0
473364,5,1047,0,0
473384,5,1047,0,0
473404,5,1047,0,0
473424,5,1047,0,0
473444,5,1047,0,0
473464,5,1047,0,0
473484,5,1047,0,0
473504,5,1047,0,0
473524,5,1046,0,0
473544,5,1046,0,0
473564,5,1046,0,0
473584,5,1046,0,0
473604,5,1046,0,0
473624,5,1046,0,0
473644,5,1046,0,0
473664,5,1046,0,0
473684,5,1046,0,0
473704,5,1046,0,0
473724,5,1046,0,0
473744,5,1045,0,0
473764,5,1045,0,0
473784,5,1045,0,0
473804,5,1045,0,0
473824,5,1045,0,0
473844,5,1045,0,0
473864,5,1045,0,0
473884,5,1044,0,0
473904,5,1044,0,0
473924,5,1044,0,0
473944,5,1044,0,0
473964,5,1044,0,0
473984,5,1044,0,0
474004,5,1044,0,0
474024,5,1044,0,0
474044,5,1044,0,0
474064,5,1043,0,0
474084,5,1043,0,0
474104,5,1043,0,0
474124,5,1043,0,0
474144,5,1043,0,0
474164,5,1043,0,0
474184,5,1043,0,0
474204,5,1043,0,0
474224,5,1043,0,0
474244,5,1043,0,0
474264,5,1043,0,0
474284,5,1043,0,0
474304,5,1043,0,0
474324,5,1043,0,0
474344,5,1043,0,0
474364,5,1042,0,0
474384,5,1042,0,0
474404,5,1042,0,0
474424,5,1042,0,0
474444,5,1042,0,0
474464,5,1042,0,0
474484,5,1042,0,0
474504,5,1042,0,0
474524,5,1042,0,0
474544,5,1042,0,0
474564,5,1042,0,0
474584,5,1041,0,0
474604,5,1041,0,0
474624,5,1041,0,0
474644,5,1041,0,0
474664,5,1041,0,0
474684,5,1041,0,0
474704,5,1040,0,0
474724,5,1040,0,0
474744,5,1040,0,0
474764,5,1040,0,0
474784,5,1040,0,0
474804,5,1040,0,0
474824,5,1040,0,0
474844,5,1040,0,0
474864,5,1039,0,0
474884,5,1039,0,0
474904,5,1039,0,0
474924,5,1039,0,0
474944,5,1039,0,0
474964,5,1039,0,0
474984,5,1039,0,0
475004,5,1039,0,0
475024,5,1038,0,0
475044,5,1038,0,0
475064,5,1038,0,0
475084,5,1038,0,0
475104,5,1038,0,0
475124,5,1038,0,0
475144,5,1038,0,0
475164,5,1038,0,0
475184,5,1037,0,0
475204,5,1037,0,0
475224,5,1037,0,0
475244,5,1037,0,0
475264,5,1037,0,0
475284,5,1037,0,0
475304,5,1037,0,0
475324,5,1037,0,0
475344,5,1037,0,0
475364,5,1036,0,0
475384,5,1036,0,0
475404,5,1036,0,0
475424,5,1036,0,0
475444,5,1036,0,0
475464,5,1036,0,0
475484,5,1036,0,0
475504,5,1036,0,0
475524,5,1036,0,0
475544,5,1036,0,0
475564,5,1036,0,0
475584,5,1035,0,0
475604,5,1035,0,0
475624,5,1035,0,0
475644,5,1035,0,0
475664,5,1035,0,0
475684,5,1035,0,0
475704,5,1035,0,0
475724,5,1035,0,0
475744,5,1035,0,0
475764,5,1035,0,0
475784,5,1034,0,0
475804,5,1034,0,0
475824,5,1034,0,0
475844,5,1034,0,0
475864,5,1034,0,0
475884,5,1034,0,0
475904,5,1034,0,0
475924,5,1034,0,0
475944,5,1033,0,0
475964,5,1033,0,0
475984,5,1033,0,0
476004,5,1033,0,0
476024,5,1033,0,0
476044,5,1033,0,0
476064,5,1033,0,0
476084,5,1033,0,0
476104,5,1033,0,0
476124,5,1032,0,0
476144,5,1032,0,0
476164,5,1032,0,0
476184,5,1032,0,0
476204,5,1032,0,0
476224,5,1032,0,0
476244,5,1032,0,0
476264,5,1032,0,0
476284,5,1032,0,0
476304,5,1031,0,0
476324,5,1031,0,0
476344,5,1031,0,0
476364,5,1031,0,0
476384,5,1031,0,0
476404,5,1031,0,0
476424,5,1031,0,0
476444,5,1031,0,0
476464,5,1031,0,0
476484,5,1031,0,0
476504,5,1031,0,0
476524,5,1030,0,0
476544,5,1030,0,0
476564,5,1030,0,0
476584,5,1030,0,0
476604,5,1030,0,0
476624,5,1030,0,0
476644,5,1030,0,0
476664,5,1030,0,0
476684,5,1029,0,0
476704,5,1029,0,0
476724,5,1029,0,0
476744,5,1029,0,0
476764,5,1029,0,0
476784,5,1029,0,0
476804,5,1029,0,0
476824,5,1029,0,0
476844,5,1029,0,0
476864,5,1029,0,0
476884,5,1029,0,0
476904,5,1028,0,0
476924,5,1028,0,0
476944,5,1028,0,0
476964,5,1028,0,0
476984,5,1028,0,0
477004,5,1028,0,0
477024,5,1028,0,0
477044,5,1028,0,0
477064,5,1029,0,0
477084,5,1029,0,0
477104,5,1029,0,0
477124,5,1028,0,0
477144,5,1028,0,0
477164,5,1028,0,0
477184,5,1028,0,0
477204,5,1028,0,0
477224,5,1028,0,0
477244,5,1028,0,0
477264,5,1028,0,0
477284,5,1028,0,0
477304,5,1028,0,0
477324,5,1027,0,0
477344,5,1027,0,0
477364,5,1027,0,0
477384,5,1027,0,0
477404,5,1027,0,0
477424,5,1027,0,0
477444,5,1027,0,0
477464,5,1027,0,0
477484,5,1026,0,0
477504,5,1026,0,0
477524,5,1026,0,0
477544,5,1026,0,0
477564,5,1026,0,0
477584,5,1026,0,0
477604,5,1026,0,0
477624,5,1025,0,0
477644,5,1025,0,0
477664,5,1025,0,0
477684,5,1025,0,0
477704,5,1025,0,0
477724,5,1025,0,0
477744,5,1025,0,0
477764,5,1025,0,0
477784,5,1025,0,0
477804,5,1024,0,0
477824,5,1024,0,0
477844,5,1024,0,0
477864,5,1024,0,0
477884,5,1024,0,0
477904,5,1024,0,0
477924,5,1024,0,0
477944,5,1024,0,0
477964,5,1024,0,0
477984,5,1024,0,0
478004,5,1024,0,0
478024,5,1024,0,0
478044,5,1024,0,0
478064,5,1023,0,0
478084,5,1023,0,0
478104,5,1023,0,0
478124,5,1023,0,0
478144,5,1023,0,0
478164,5,1023,0,0
478184,5,1023,0,0
478204,5,1023,0,0
478224,5,1023,0,0
478244,5,1023,0,0
478264,5,1023,0,0
478284,5,1023,0,0
478304,5,1023,0,0
478324,5,1023,0,0
478344,5,1023,0,0
478364,5,1023,0,0
478384,5,1023,0,0
478404,5,1023,0,0
478424,5,1023,0,0
478444,5,1022,0,0
478464,5,1022,0,0
478484,5,1022,0,0
478504,5,1022,0,0
478524,5,1021,0,0
478544,5,1021,0,0
478564,5,1021,0,0
478584,5,1021,0,0
478604,5,1021,0,0
478624,5,1021,0,0
478644,5,1020,0,0
478664,5,1020,0,0
478684,5,1020,0,0
478704,5,1020,0,0
478724,5,1020,0,0
478744,5,1019,0,0
478764,5,1019,0,0
478784,5,1019,0,0
478804,5,1019,0,0
478824,5,1019,0,0
478844,5,1019,0,0
478864,5,1019,0,0
478884,5,1018,0,0
478904,5,1018,0,0
478924,5,1018,0,0
478944,5,1018,0,0
478964,5,1018,0,0
478984,5,1018,0,0
479004,5,1018,0,0
479024,5,1018,0,0
479044,5,1018,0,0
479064,5,1017,0,0
479084,5,1017,0,0
479104,5,1017,0,0
479124,5,1017,0,0
479144,5,1017,0,0
479164,5,1017,0,0
479184,5,1017,0,0
479204,5,1017,0,0
479224,5,1017,0,0
479244,5,1017,0,0
479264,5,1017,0,0
479284,5,1017,0,0
479304,5,1016,0,0
479324,5,1016,0,0
479344,5,1016,0,0
479364,5,1016,0,0
479384,5,1016,0,0
479404,5,1016,0,0
479424,5,1016,0,0
479444,5,1016,0,0
479464,5,1016,0,0
479484,5,1016,0,0
479504,5,1016,0,0
479524,5,1015,0,0
479544,5,1015,0,0
479564,5,1015,0,0
479584,5,1015,0,0
479604,5,1015,0,0
479624,5,1015,0,0
479644,5,1015,0,0
479664,5,1015,0,0
479684,5,1015,0,0
479704,5,1015,0,0
479724,5,1015,0,0
479744,5,1015,0,0
479764,5,1015,0,0
479784,5,1014,0,0
479804,5,1014,0,0
479824,5,1014,0,0
479844,5,1014,0,0
479864,5,1014,0,0
479884,5,1014,0,0
479904,5,1014,0,0
479924,5,1014,0,0
479944,5,1014,0,0
479964,5,1013,0,0
479984,5,1013,0,0
480004,5,1013,0,0
480024,5,1013,0,0
480044,5,1013,0,0
480064,5,1013,0,0
480084,5,1013,0,0
480104,5,1013,0,0
480124,5,1012,0,0
480144,5,1012,0,0
480164,5,1012,0,0
480184,5,1012,0,0
480204,5,1012,0,0
480224,5,1012,0,0
480244,5,1012,0,0
480264,5,1012,0,0
480284,5,1012,0,0
480304,5,1012,0,0
480324,5,1012,0,0
480344,5,1011,0,0
480364,5,1011,0,0
480384,5,1011,0,0
480404,5,1011,0,0
480424,5,1011,0,0
480444,5,1011,0,0
480464,5,1011,0,0
480484,5,1011,0,0
480504,5,1010,0,0
480524,5,1010,0,0
480544,5,1010,0,0
480564,5,1010,0,0
480584,5,1010,0,0
480604,5,1010,0,0
480624,5,1010,0,0
480644,5,1010,0,0
480664,5,1010,0,0
480684,5,1009,0,0
480704,5,1009,0,0
480724,5,1009,0,0
480744,5,1009,0,0
480764,5,1009,0,0
480784,5,1009,0,0
480804,5,1009,0,0
480824,5,1009,0,0
480844,5,1009,0,0
480864,5,1009,0,0
480884,5,1009,0,0
480904,5,1008,0,0
480924,5,1008,0,0
480944,5,1008,0,0
480964,5,1008,0,0
480984,5,1008,0,0
481004,5,1008,0,0
481024,5,1008,0,0
481044,5,1008,0,0
481064,5,1007,0,0
481084,5,1007,0,0
481104,5,1007,0,0
481124,5,1007,0,0
481144,5,1007,0,0
481164,5,1007,0,0
481184,5,1007,0,0
481204,5,1007,0,0
481224,5,1007,0,0
481244,5,1007,0,0
481264,5,1006,0,0
481284,5,1006,0,0
481304,5,1006,0,0
481324,5,1006,0,0
481344,5,1006,0,0
481364,5,1006,0,0
481384,5,1005,0,0
481404,5,1005,0,0
481424,5,1005,0,0
481444,5,1005,0,0
481464,5,1005,0,0
481484,5,1005,0,0
481504,5,1005,0,0
481524,5,1005,0,0
481544,5,1004,0,0
481564,5,1004,0,0
481584,5,1004,0,0
481604,5,1004,0,0
481624,5,1004,0,0
481644,5,1004,0,0
481664,5,1004,0,0
481684,5,1004,0,0
481704,5,1004,0,0
481724,5,1004,0,0
481744,5,1004,0,0
481764,5,1004,0,0
481784,5,1004,0,0
481804,5,1004,0,0
481824,5,1003,0,0
481844,5,1003,0,0
481864,5,1003,0,0
481884,5,1003,0,0
481904,5,1003,0,0
481924,5,1003,0,0
481944,5,1003,0,0
481964,5,1003,0,0
481984,5,1003,0,0
482004,5,1003,0,0
482024,5,1003,0,0
482044,5,1003,0,0
482064,5,1003,0,0
482084,5,1002,0,0
482104,5,1002,0,0
482124,5,1002,0,0
482144,5,1002,0,0
482164,5,1002,0,0
482184,5,1002,0,0
482204,5,1002,0,0
482224,5,1002,0,0
482244,5,1002,0,0
482264,5,1001,0,0
482284,5,1001,0,0
482304,5,1001,0,0
482324,5,1001,0,0
482344,5,1001,0,0
482364,5,1001,0,0
482384,5,1001,0,0
482404,5,1001,0,0
482424,5,1001,0,0
482444,5,1000,0,0
482464,5,1000,0,0
482484,5,1000,0,0
482504,5,1000,0,0
482524,5,1000,0,0
482544,5,1000,0,0
482564,5,1000,0,0
482584,5,1000,0,0
482604,5,1000,0,0
482624,5,999,0,0
482644,5,999,0,0
482664,5,999,0,0
482684,5,999,0,0
482704,5,999,0,0
482724,5,999,0,0
482744,5,999,0,0
482764,5,999,0,0
482784,5,999,0,0
482804,5,999,0,0
482824,5,998,0,0
482844,5,998,0,0
482864,5,998,0,0
482884,5,998,0,0
482904,5,998,0,0
482924,5,998,0,0
482944,5,997,0,0
482964,5,997,0,0
482984,5,997,0,0
483004,5,997,0,0
483024,5,997,0,0
483044,5,997,0,0
483064,5,997,0,0
483084,5,997,0,0
483104,5,997,0,0
483124,5,997,0,0
483144,5,997,0,0
483164,5,996,0,0
483184,5,996,0,0
483204,5,996,0,0
483224,5,996,0,0
483244,5,996,0,0
483264,5,996,0,0
483284,5,996,0,0
483304,5,996,0,0
483324,5,995,0,0
483344,5,995,0,0
483364,5,995,0,0
483384,5,995,0,0
483404,5,995,0,0
483424,5,995,0,0
483444,5,995,0,0
483464,5,995,0,0
483484,5,995,0,0
483504,5,995,0,0
483524,5,995,0,0
483544,5,995,0,0
483564,5,995,0,0
483584,5,995,0,0
483604,5,995,0,0
483624,5,995,0,0
483644,5,995,0,0
483664,5,995,0,0
483684,5,995,0,0
483704,5,995,0,0
483724,5,994,0,0
483744,5,994,0,0
483764,5,994,0,0
483784,5,994,0,0
483804,5,994,0,0
483824,5,994,0,0
483844,5,994,0,0
483864,5,994,0,0
483884,5,994,0,0
483904,5,994,0,0
483924,5,994,0,0
483944,5,993,0,0
483964,5,993,0,0
483984,5,993,0,0
484004,5,993,0,0
484024,5,993,0,0
484044,5,993,0,0
484064,5,993,0,0
484084,5,993,0,0
484104,5,993,0,0
484124,5,992,0,0
484144,5,992,0,0
484164,5,992,0,0
484184,5,992,0,0
484204,5,992,0,0
484224,5,992,0,0
484244,5,992,0,0
484264,5,992,0,0
484284,5,992,0,0
484304,5,991,0,0
484324,5,991,0,0
484344,5,991,0,0
484364,5,991,0,0
484384,5,991,0,0
484404,5,991,0,0
484424,5,991,0,0
484444,5,991,0,0
484464,5,991,0,0
484484,5,990,0,0
484504,5,990,0,0
484524,5,990,0,0
484544,5,990,0,0
484564,5,990,0,0
484584,5,990,0,0
484604,5,990,0,0
484624,5,990,0,0
484644,5,989,0,0
484664,5,989,0,0
484684,5,989,0,0
484704,5,989,0,0
484724,5,989,0,0
484744,5,989,0,0
484764,5,989,0,0
484784,5,989,0,0
484804,5,989,0,0
484824,5,988,0,0
484844,5,988,0,0
484864,5,988,0,0
484884,5,988,0,0
484904,5,988,0,0
484924,5,988,0,0
484944,5,988,0,0
484964,5,988,0,0
484984,5,987,0,0
485004,5,987,0,0
485024,5,987,0,0
485044,5,987,0,0
485064,5,987,0,0
485084,5,987,0,0
485104,5,987,0,0
485124,5,987,0,0
485144,5,987,0,0
485164,5,986,0,0
485184,5,986,0,0
485204,5,986,0,0
485224,5,986,0,0
485244,5,986,0,0
485264,5,986,0,0
485284,5,986,0,0
485304,5,986,0,0
485324,5,986,0,0
485344,5,986,0,0
485364,5,985,0,0
485384,5,985,0,0
485404,5,985,0,0
485424,5,985,0,0
485444,5,985,0,0
485464,5,985,0,0
485484,5,985,0,0
485504,5,985,0,0
485524,5,985,0,0
485544,5,985,0,0
485564,5,984,0,0
485584,5,984,0,0
485604,5,984,0,0
485624,5,984,0,0
485644,5,984,0,0
485664,5,984,0,0
485684,5,984,0,0
485704,5,984,0,0
485724,5,984,0,0
485744,5,984,0,0
485764,5,984,0,0
485784,5,983,0,0
485804,5,983,0,0
485824,5,983,0,0
485844,5,983,0,0
485864,5,983,0,0
485884,5,983,0,0
485904,5,983,0,0
485924,5,983,0,0
485944,5,983,0,0
485964,5,983,0,0
485984,5,982,0,0
486004,5,982,0,0
486024,5,982,0,0
486044,5,982,0,0
486064,5,982,0,0
486084,5,982,0,0
486104,5,982,0,0
486124,5,982,0,0
486144,5,982,0,0
486164,5,982,0,0
486184,5,982,0,0
486204,5,982,0,0
486224,5,982,0,0
486244,5,982,0,0
486264,5,981,0,0
486284,5,981,0,0
486304,5,981,0,0
486324,5,981,0,0
486344,5,981,0,0
486364,5,981,0,0
486384,5,981,0,0
486404,5,981,0,0
486424,5,981,0,0
486444,5,980,0,0
486464,5,980,0,0
486484,5,980,0,0
486504,5,980,0,0
486524,5,980,0,0
486544,5,980,0,0
486564,5,980,0,0
486584,5,979,0,0
486604,5,979,0,0
486624,5,979,0,0
486644,5,979,0,0
486664,5,979,0,0
486684,5,979,0,0
486704,5,978,0,0
486724,5,978,0,0
486744,5,978,0,0
486764,5,978,0,0
486784,5,978,0,0
486804,5,978,0,0
486824,5,978,0,0
486844,5,978,0,0
486864,5,978,0,0
486884,5,978,0,0
486904,5,977,0,0
486924,5,977,0,0
486944,5,977,0,0
486964,5,977,0,0
486984,5,977,0,0
487004,5,977,0,0
487024,5,977,0,0
487044,5,977,0,0
487064,5,977,0,0
487084,5,977,0,0
487104,5,976,0,0
487124,5,977,0,0
487144,5,976,0,0
487164,5,976,0,0
487184,5,976,0,0
487204,5,976,0,0
487224,5,976,0,0
487244,5,976,0,0
487264,5,976,0,0
487284,5,976,0,0
487304,5,976,0,0
487324,5,976,0,0
487344,5,976,0,0
487364,5,976,0,0
487384,5,976,0,0
487404,5,976,0,0
487424,5,976,0,0
487444,5,975,0,0
487464,5,975,0,0
487484,5,975,0,0
487504,5,975,0,0
487524,5,975,0,0
487544,5,975,0,0
487564,5,975,0,0
487584,5,975,0,0
487604,5,975,0,0
487624,5,975,0,0
487644,5,975,0,0
487664,5,975,0,0
487684,5,975,0,0
487704,5,974,0,0
487724,5,974,0,0
487744,5,974,0,0
487764,5,974,0,0
487784,5,974,0,0
487804,5,974,0,0
487824,5,974,0,0
487844,5,973,0,0
487864,5,973,0,0
487884,5,973,0,0
487904,5,973,0,0
487924,5,973,0,0
487944,5,973,0,0
487964,5,973,0,0
487984,5,973,0,0
488004,5,972,0,0
488024,5,972,0,0
488044,5,972,0,0
488064,5,972,0,0
488084,5,972,0,0
488104,5,972,0,0
488124,5,972,0,0
488144,5,972,0,0
488164,5,972,0,0
488184,5,971,0,0
488204,5,971,0,0
488224,5,971,0,0
488244,5,971,0,0
488264,5,971,0,0
488284,5,971,0,0
488304,5,971,0,0
488324,5,970,0,0
488344,5,970,0,0
488364,5,970,0,0
488384,5,970,0,0
488404,5,970,0,0
488424,5,970,0,0
488444,5,970,0,0
488464,5,970,0,0
488484,5,970,0,0
488504,5,969,0,0
488524,5,969,0,0
488544,5,969,0,0
488564,5,969,0,0
488584,5,969,0,0
488604,5,969,0,0
488624,5,969,0,0
488644,5,969,0,0
488664,5,969,0,0
488684,5,968,0,0
488704,5,968,0,0
488724,5,968,0,0
488744,5,968,0,0
488764,5,968,0,0
488784,5,968,0,0
488804,5,968,0,0
488824,5,968,0,0
488844,5,968,0,0
488864,5,967,0,0
488884,5,967,0,0
488904,5,967,0,0
488924,5,967,0,0
488944,5,967,0,0
488964,5,967,0,0
488984,5,967,0,0
489004,5,967,0,0
489024,5,967,0,0
489044,5,967,0,0
489064,5,967,0,0
489084,5,966,0,0
489104,5,966,0,0
489124,5,966,0,0
489144,5,966,0,0
489164,5,966,0,0
489184,5,966,0,0
489204,5,966,0,0
489224,5,966,0,0
489244,5,965,0,0
489264,5,965,0,0
489284,5,965,0,0
489304,5,965,0,0
489324,5,965,0,0
489344,5,965,0,0
489364,5,965,0,0
489384,5,965,0,0
489404,5,965,0,0
489424,5,964,0,0
489444,5,964,0,0
489464,5,964,0,0
489484,5,964,0,0
489504,5,964,0,0
489524,5,964,0,0
489544,5,964,0,0
489564,5,964,0,0
489584,5,964,0,0
489604,5,964,0,0
489624,5,963,0,0
489644,5,963,0,0
489664,5,963,0,0
489684,5,963,0,0
489704,5,963,0,0
489724,5,963,0,0
489744,5,963,0,0
489764,5,963,0,0
489784,5,963,0,0
489804,5,963,0,0
489824,5,962,0,0
489844,5,962,0,0
489864,5,962,0,0
489884,5,962,0,0
489904,5,962,0,0
489924,5,962,0,0
489944,5,962,0,0
489964,5,962,0,0
489984,5,962,0,0
490004,5,962,0,0
490024,5,962,0,0
490044,5,962,0,0
490064,5,961,0,0
490084,5,961,0,0
490104,5,961,0,0
490124,5,961,0,0
490144,5,961,0,0
490164,5,961,0,0
490184,5,961,0,0
490204,5,961,0,0
490224,5,961,0,0
490244,5,960,0,0
490264,5,960,0,0
490284,5,960,0,0
490304,5,960,0,0
490324,5,960,0,0
490344,5,960,0,0
490364,5,960,0,0
490384,5,960,0,0
490404,5,960,0,0
490424,5,959,0,0
490444,5,959,0,0
490464,5,959,0,0
490484,5,959,0,0
490504,5,959,0,0
490524,5,959,0,0
490544,5,959,0,0
490564,5,959,0,0
490584,5,959,0,0
490604,5,958,0,0
490624,5,958,0,0
490644,5,958,0,0
490664,5,958,0,0
490684,5,958,0,0
490704,5,958,0,0
490724,5,958,0,0
490744,5,958,0,0
490764,5,958,0,0
490784,5,957,0,0
490804,5,957,0,0
490824,5,957,0,0
490844,5,957,0,0
490864,5,957,0,0
490884,5,957,0,0
490904,5,957,0,0
490924,5,957,0,0
490944,5,957,0,0
490964,5,957,0,0
490984,5,957,0,0
491004,5,956,0,0
491024,5,956,0,0
491044,5,956,0,0
491064,5,956,0,0
491084,5,956,0,0
491104,5,956,0,0
491124,5,956,0,0
491144,5,956,0,0
491164,5,955,0,0
491184,5,955,0,0
491204,5,955,0,0
491224,5,955,0,0
491244,5,955,0,0
491264,5,955,0,0
491284,5,955,0,0
491304,5,955,0,0
491324,5,955,0,0
491344,5,955,0,0
491364,5,955,0,0
491384,5,954,0,0
491404,5,954,0,0
491424,5,954,0,0
491444,5,954,0,0
491464,5,954,0,0
491484,5,954,0,0
491504,5,954,0,0
491524,5,954,0,0
491544,5,954,0,0
491564,5,954,0,0
491584,5,953,0,0
491604,5,953,0,0
491624,5,953,0,0
491644,5,953,0,0
491664,5,953,0,0
491684,5,953,0,0
491704,5,953,0,0
491724,5,953,0,0
491744,5,953,0,0
491764,5,952,0,0
491784,5,952,0,0
491804,5,952,0,0
491824,5,952,0,0
491844,5,952,0,0
491864,5,952,0,0
491884,5,952,0,0
491904,5,952,0,0
491924,5,951,0,0
491944,5,951,0,0
491964,5,951,0,0
491984,5,951,0,0
492004,5,951,0,0
492024,5,951,0,0
492044,5,951,0,0
492064,5,951,0,0
492084,5,950,0,0
492104,5,950,0,0
492124,5,950,0,0
492144,5,950,0,0
492164,5,950,0,0
492184,5,950,0,0
492204,5,950,0,0
492224,5,950,0,0
492244,5,949,0,0
492264,5,949,0,0
492284,5,949,0,0
492304,5,949,0,0
492324,5,949,0,0
492344,5,949,0,0
492364,5,949,0,0
492384,5,949,0,0
492404,5,948,0,0
492424,5,948,0,0
492444,5,948,0,0
492464,5,948,0,0
492484,5,948,0,0
492504,5,948,0,0
492524,5,948,0,0
492544,5,948,0,0
492564,5,947,0,0
492584,5,947,0,0
492604,5,947,0,0
492624,5,947,0,0
492644,5,947,0,0
492664,5,947,0,0
492684,5,947,0,0
492704,5,947,0,0
492724,5,946,0,0
492744,5,946,0,0
492764,5,946,0,0
492784,5,946,0,0
492804,5,946,0,0
492824,5,946,0,0
492844,5,946,0,0
492864,5,946,0,0
492884,5,946,0,0
492904,5,946,0,0
492924,5,946,0,0
492944,5,946,0,0
492964,5,946,0,0
492984,5,946,0,0
493004,5,946,0,0
493024,5,946,0,0
493044,5,946,0,0
493064,5,945,0,0
493084,5,945,0,0
493104,5,945,0,0
493124,5,945,0,0
493144,5,945,0,0
493164,5,945,0,0
493184,5,945,0,0
493204,5,945,0,0
493224,5,945,0,0
493244,5,945,0,0
493264,5,944,0,0
493284,5,944,0,0
493304,5,944,0,0
493324,5,944,0,0
493344,5,944,0,0
493364,5,944,0,0
493384,5,944,0,0
493404,5,944,0,0
493424,5,944,0,0
493444,5,944,0,0
493464,5,943,0,0
493484,5,943,0,0
493504,5,943,0,0
493524,5,943,0,0
493544,5,943,0,0
493564,5,943,0,0
493584,5,943,0,0
493604,5,943,0,0
493624,5,943,0,0
493644,5,943,0,0
493664,5,942,0,0
493684,5,942,0,0
493704,5,942,0,0
493724,5,942,0,0
493744,5,942,0,0
493764,5,942,0,0
493784,5,942,0,0
493804,5,942,0,0
493824,5,942,0,0
493844,5,942,0,0
493864,5,941,0,0
493884,5,941,0,0
493904,5,941,0,0
493924,5,941,0,0
493944,5,941,0,0
493964,5,941,0,0
493984,5,941,0,0
494004,5,941,0,0
494024,5,941,0,0
494044,5,941,0,0
494064,5,941,0,0
494084,5,941,0,0
494104,5,940,0,0
494124,5,940,0,0
494144,5,940,0,0
494164,5,940,0,0
494184,5,940,0,0
494204,5,940,0,0
494224,5,940,0,0
494244,5,940,0,0
494264,5,939,0,0
494284,5,939,0,0
494304,5,939,0,0
494324,5,939,0,0
494344,5,939,0,0
494364,5,939,0,0
494384,5,939,0,0
494404,5,939,0,0
494424,5,938,0,0
494444,5,938,0,0
494464,5,938,0,0
494484,5,938,0,0
494504,5,938,0,0
494524,5,938,0,0
494544,5,938,0,0
494564,5,937,0,0
494584,5,937,0,0
494604,5,937,0,0
494624,5,937,0,0
494644,5,937,0,0
494664,5,937,0,0
494684,5,937,0,0
494704,5,936,0,0
494724,5,936,0,0
494744,5,936,0,0
494764,5,936,0,0
494784,5,936,0,0
494804,5,936,0,0
494824,5,936,0,0
494844,5,936,0,0
494864,5,935,0,0
494884,5,935,0,0
494904,5,935,0,0
494924,5,935,0,0
494944,5,935,0,0
494964,5,935,0,0
494984,5,935,0,0
495004,5,935,0,0
495024,5,935,0,0
495044,5,935,0,0
495064,5,934,0,0
495084,5,934,0,0
495104,5,934,0,0
495124,5,934,0,0
495144,5,934,0,0
495164,5,934,0,0
495184,5,934,0,0
495204,5,934,0,0
495224,5,934,0,0
495244,5,934,0,0
495264,5,934,0,0
495284,5,934,0,0
495304,5,934,0,0
495324,5,933,0,0
495344,5,933,0,0
495364,5,933,0,0
495384,5,933,0,0
495404,5,933,0,0
495424,5,933,0,0
495444,5,933,0,0
495464,5,933,0,0
495484,5,933,0,0
495504,5,933,0,0
495524,5,933,0,0
495544,5,933,0,0
495564,5,933,0,0
495584,5,932,0,0
495604,5,932,0,0
495624,5,932,0,0
495644,5,932,0,0
495664,5,932,0,0
495684,5,932,0,0
495704,5,932,0,0
495724,5,932,0,0
495744,5,931,0,0
495764,5,931,0,0
495784,5,931,0,0
495804,5,931,0,0
495824,5,931,0,0
495844,5,931,0,0
495864,5,931,0,0
495884,5,931,0,0
495904,5,931,0,0
495924,5,931,0,0
495944,5,931,0,0
495964,5,930,0,0
495984,5,930,0,0
496004,5,930,0,0
496024,5,930,0,0
496044,5,930,0,0
496064,5,930,0,0
496084,5,930,0,0
496104,5,930,0,0
496124,5,930,0,0
496144,5,930,0,0
496164,5,929,0,0
496184,5,929,0,0
496204,5,929,0,0
496224,5,929,0,0
496244,5,929,0,0
496264,5,929,0,0
496284,5,929,0,0
496304,5,929,0,0
496324,5,929,0,0
496344,5,929,0,0
496364,5,929,0,0
496384,5,929,0,0
496404,5,928,0,0
496424,5,929,0,0
496444,5,928,0,0
496464,5,928,0,0
496484,5,928,0,0
496504,5,928,0,0
496524,5,928,0,0
496544,5,928,0,0
496564,5,928,0,0
496584,5,928,0,0
496604,5,928,0,0
496624,5,928,0,0
496644,5,928,0,0
496664,5,928,0,0
496684,5,928,0,0
496704,5,928,0,0
496724,5,927,0,0
496744,5,927,0,0
496764,5,927,0,0
496784,5,927,0,0
496804,5,927,0,0
496824,5,927,0,0
496844,5,927,0,0
496864,5,927,0,0
496884,5,927,0,0
496904,5,927,0,0
496924,5,927,0,0
496944,5,927,0,0
496964,5,926,0,0
496984,5,926,0,0
497004,5,926,0,0
497024,5,926,0,0
497044,5,926,0,0
497064,5,926,0,0
497084,5,926,0,0
497104,5,926,0,0
497124,5,925,0,0
497144,5,925,0,0
497164,5,925,0,0
497184,5,925,0,0
497204,5,925,0,0
497224,5,925,0,0
497244,5,925,0,0
497264,5,925,0,0
497284,5,925,0,0
497304,5,924,0,0
497324,5,924,0,0
497344,5,924,0,0
497364,5,924,0,0
497384,5,924,0,0
497404,5,924,0,0
497424,5,923,0,0
497444,5,923,0,0
497464,5,923,0,0
497484,5,923,0,0
497504,5,923,0,0
497524,5,923,0,0
497544,5,923,0,0
497564,5,923,0,0
497584,5,923,0,0
497604,5,922,0,0
497624,5,922,0,0
497644,5,922,0,0
497664,5,922,0,0
497684,5,922,0,0
497704,5,922,0,0
497724,5,921,0,0
497744,5,921,0,0
497764,5,921,0,0
497784,5,921,0,0
497804,5,921,0,0
497824,5,921,0,0
497844,5,921,0,0
497864,5,921,0,0
497884,5,921,0,0
497904,5,920,0,0
497924,5,920,0,0
497944,5,920,0,0
497964,5,920,0,0
497984,5,920,0,0
498004,5,920,0,0
498024,5,920,0,0
498044,5,920,0,0
498064,5,920,0,0
498084,5,919,0,0
498104,5,919,0,0
498124,5,919,0,0
498144,5,919,0,0
498164,5,919,0,0
498184,5,919,0,0
498204,5,919,0,0
498224,5,918,0,0
498244,5,918,0,0
498264,5,918,0,0
498284,5,918,0,0
498304,5,918,0,0
498324,5,917,0,0
498344,5,917,0,0
498364,5,917,0,0
498384,5,917,0,0
498404,5,917,0,0
498424,5,917,0,0
498444,5,916,0,0
498464,5,916,0,0
498484,5,916,0,0
498504,5,916,0,0
498524,5,916,0,0
498544,5,916,0,0
498564,5,916,0,0
498584,5,916,0,0
498604,5,916,0,0
498624,5,916,0,0
498644,5,915,0,0
498664,5,915,0,0
498684,5,915,0,0
498704,5,915,0,0
498724,5,915,0,0
498744,5,915,0,0
498764,5,915,0,0
498784,5,915,0,0
498804,5,915,0,0
498824,5,914,0,0
498844,5,914,0,0
498864,5,914,0,0
498884,5,914,0,0
498904,5,914,0,0
498924,5,914,0,0
498944,5,914,0,0
498964,5,914,0,0
498984,5,914,0,0
499004,5,914,0,0
499024,5,914,0,0
499044,5,914,0,0
499064,5,913,0,0
499084,5,913,0,0
499104,5,913,0,0
499124,5,913,0,0
499144,5,913,0,0
499164,5,913,0,0
499184,5,913,0,0
499204,5,913,0,0
499224,5,913,0,0
499244,5,913,0,0
499264,5,913,0,0
499284,5,913,0,0
499304,5,912,0,0
499324,5,912,0,0
499344,5,912,0,0
499364,5,912,0,0
499384,5,912,0,0
499404,5,912,0,0
499424,5,912,0,0
499444,5,912,0,0
499464,5,911,0,0
499484,5,911,0,0
499504,5,911,0,0
499524,5,911,0,0
499544,5,911,0,0
499564,5,911,0,0
499584,5,911,0,0
499604,5,910,0,0
499624,5,910,0,0
499644,5,910,0,0
499664,5,910,0,0
499684,5,910,0,0
499704,5,910,0,0
499724,5,910,0,0
499744,5,910,0,0
499764,5,910,0,0
499784,5,910,0,0
499804,5,910,0,0
499824,5,910,0,0
499844,5,910,0,0
499864,5,910,0,0
499884,5,910,0,0
499904,5,910,0,0
499924,5,910,0,0
499944,5,910,0,0
499964,5,910,0,0
499984,5,910,0,0
500004,5,910,0,0
500024,5,910,0,0
500044,5,910,0,0
500064,5,910,0,0
500084,5,910,0,0
500104,5,910,0,0
500124,5,909,0,0
500144,5,909,0,0
500164,5,909,0,0
500184,5,909,0,0
500204,5,909,0,0
500224,5,909,0,0
500244,5,909,0,0
500264,5,909,0,0
500284,5,909,0,0
500304,5,909,0,0
500324,5,909,0,0
500344,5,909,0,0
500364,5,908,0,0
500384,5,908,0,0
500404,5,908,0,0
500424,5,908,0,0
500444,5,908,0,0
500464,5,908,0,0
500484,5,908,0,0
500504,5,908,0,0
500524,5,908,0,0
500544,5,908,0,0
500564,5,907,0,0
500584,5,907,0,0
500604,5,907,0,0
500624,5,907,0,0
500644,5,907,0,0
500664,5,907,0,0
500684,5,907,0,0
500704,5,907,0,0
500724,5,907,0,0
500744,5,906,0,0
500764,5,906,0,0
500784,5,906,0,0
500804,5,906,0,0
500824,5,906,0,0
500844,5,905,0,0
500864,5,905,0,0
500884,5,905,0,0
500904,5,904,0,0
500924,5,904,0,0
500944,5,904,0,0
500964,5,904,0,0
500984,5,904,0,0
501004,5,904,0,0
501024,5,903,0,0
501044,5,903,0,0
501064,5,903,0,0
501084,5,903,0,0
501104,5,903,0,0
501124,5,903,0,0
501144,5,903,0,0
501164,5,903,0,0
501184,5,903,0,0
501204,5,902,0,0
501224,5,902,0,0
501244,5,902,0,0
501264,5,902,0,0
501284,5,902,0,0
501304,5,902,0,0
501324,5,902,0,0
501344,5,902,0,0
501364,5,901,0,0
501384,5,901,0,0
501404,5,901,0,0
501424,5,901,0,0
501444,5,901,0,0
501464,5,901,0,0
501484,5,901,0,0
501504,5,901,0,0
501524,5,901,0,0
501544,5,901,0,0
501564,5,901,0,0
501584,5,901,0,0
501604,5,901,0,0
501624,5,901,0,0
501644,5,901,0,0
501664,5,900,0,0
501684,5,900,0,0
501704,5,900,0,0
501724,5,900,0,0
501744,5,900,0,0
501764,5,900,0,0
501784,5,900,0,0
501804,5,900,0,0
501824,5,899,0,0
501844,5,899,0,0
501864,5,899,0,0
501884,5,899,0,0
501904,5,899,0,0
501924,5,899,0,0
501944,5,899,0,0
501964,5,899,0,0
501984,5,898,0,0
502004,5,898,0,0
502024,5,898,0,0
502044,5,898,0,0
502064,5,898,0,0
502084,5,898,0,0
502104,5,898,0,0
502124,5,898,0,0
502144,5,898,0,0
502164,5,898,0,0
502184,5,898,0,0
502204,5,897,0,0
502224,5,897,0,0
502244,5,897,0,0
502264,5,897,0,0
502284,5,897,0,0
502304,5,897,0,0
502324,5,897,0,0
502344,5,896,0,0
502364,5,896,0,0
502384,5,896,0,0
502404,5,896,0,0
502424,5,896,0,0
502444,5,896,0,0
502464,5,896,0,0
502484,5,896,0,0
502504,5,896,0,0
502524,5,895,0,0
502544,5,895,0,0
502564,5,895,0,0
502584,5,895,0,0
502604,5,895,0,0
502624,5,895,0,0
502644,5,895,0,0
502664,5,895,0,0
502684,5,895,0,0
502704,5,895,0,0
502724,5,895,0,0
502744,5,894,0,0
502764,5,894,0,0
502784,5,894,0,0
502804,5,894,0,0
502824,5,894,0,0
502844,5,894,0,0
502864,5,894,0,0
502884,5,894,0,0
502904,5,894,0,0
502924,5,894,0,0
502944,5,894,0,0
502964,5,893,0,0
502984,5,893,0,0
503004,5,893,0,0
503024,5,893,0,0
503044,5,893,0,0
503064,5,893,0,0
503084,5,893,0,0
503104,5,893,0,0
503124,5,893,0,0
503144,5,893,0,0
503164,5,893,0,0
503184,5,893,0,0
503204,5,893,0,0
503224,5,893,0,0
503244,5,893,0,0
503264,5,893,0,0
503284,5,892,0,0
503304,5,892,0,0
503324,5,892,0,0
503344,5,892,0,0
503364,5,892,0,0
503384,5,892,0,0
503404,5,892,0,0
503424,5,892,0,0
503444,5,892,0,0
503464,5,892,0,0
503484,5,891,0,0
503504,5,891,0,0
503524,5,891,0,0
503544,5,891,0,0
503564,5,891,0,0
503584,5,891,0,0
503604,5,891,0,0
503624,5,891,0,0
503644,5,890,0,0
503664,5,890,0,0
503684,5,890,0,0
503704,5,890,0,0
503724,5,890,0,0
503744,5,890,0,0
503764,5,890,0,0
503784,5,890,0,0
503804,5,889,0,0
503824,5,889,0,0
503844,5,889,0,0
503864,5,889,0,0
503884,5,889,0,0
503904,5,889,0,0
503924,5,889,0,0
503944,5,889,0,0
503964,5,889,0,0
503984,5,889,0,0
504004,5,889,0,0
504024,5,889,0,0
504044,5,888,0,0
504064,5,888,0,0
504084,5,888,0,0
504104,5,888,0,0
504124,5,888,0,0
504144,5,888,0,0
504164,5,888,0,0
504184,5,888,0,0
504204,5,888,0,0
504224,5,888,0,0
504244,5,887,0,0
504264,5,887,0,0
504284,5,887,0,0
504304,5,887,0,0
504324,5,887,0,0
504344,5,887,0,0
504364,5,887,0,0
504384,5,887,0,0
504404,5,887,0,0
504424,5,886,0,0
504444,5,886,0,0
504464,5,886,0,0
504484,5,886,0,0
504504,5,886,0,0
504524,5,886,0,0
504544,5,886,0,0
504564,5,886,0,0
504584,5,885,0,0
504604,5,885,0,0
504624,5,885,0,0
504644,5,885,0,0
504664,5,885,0,0
504684,5,885,0,0
504704,5,885,0,0
504724,5,885,0,0
504744,5,885,0,0
504764,5,885,0,0
504784,5,885,0,0
504804,5,884,0,0
504824,5,884,0,0
504844,5,884,0,0
504864,5,884,0,0
504884,5,884,0,0
504904,5,884,0,0
504924,5,884,0,0
504944,5,883,0,0
504964,5,883,0,0
504984,5,883,0,0
505004,5,883,0,0
505024,5,883,0,0
505044,5,883,0,0
505064,5,882,0,0
505084,5,882,0,0
505104,5,882,0,0
505124,5,882,0,0
505144,5,882,0,0
505164,5,882,0,0
505184,5,882,0,0
505204,5,881,0,0
505224,5,881,0,0
505244,5,881,0,0
505264,5,881,0,0
505284,5,881,0,0
505304,5,881,0,0
505324,5,881,0,0
505344,5,881,0,0
505364,5,881,0,0
505384,5,881,0,0
505404,5,881,0,0
505424,5,880,0,0
505444,5,880,0,0
505464,5,880,0,0
505484,5,880,0,0
505504,5,880,0,0
505524,5,880,0,0
505544,5,880,0,0
505564,5,880,0,0
505584,5,880,0,0
505604,5,880,0,0
505624,5,880,0,0
505644,5,880,0,0
505664,5,879,0,0
505684,5,879,0,0
505704,5,879,0,0
505724,5,879,0,0
505744,5,879,0,0
505764,5,879,0,0
505784,5,879,0,0
505804,5,879,0,0
505824,5,879,0,0
505844,5,879,0,0
505864,5,879,0,0
505884,5,879,0,0
505904,5,879,0,0
505924,5,879,0,0
505944,5,878,0,0
505964,5,878,0,0
505984,5,878,0,0
506004,5,878,0,0
506024,5,878,0,0
506044,5,878,0,0
506064,5,878,0,0
506084,5,878,0,0
506104,5,878,0,0
506124,5,877,0,0
506144,5,877,0,0
506164,5,877,0,0
506184,5,877,0,0
506204,5,877,0,0
506224,5,877,0,0
506244,5,876,0,0
506264,5,876,0,0
506284,5,876,0,0
506304,5,876,0,0
506324,5,876,0,0
506344,5,875,0,0
506364,5,875,0,0
506384,5,875,0,0
506404,5,875,0,0
506424,5,875,0,0
506444,5,875,0,0
506464,5,875,0,0
506484,5,875,0,0
506504,5,875,0,0
506524,5,875,0,0
506544,5,875,0,0
506564,5,874,0,0
506584,5,874,0,0
506604,5,874,0,0
506624,5,874,0,0
506644,5,874,0,0
506664,5,874,0,0
506684,5,874,0,0
506704,5,874,0,0
506724,5,874,0,0
506744,5,874,0,0
506764,5,874,0,0
506784,5,873,0,0
506804,5,873,0,0
506824,5,873,0,0
506844,5,873,0,0
506864,5,873,0,0
506884,5,873,0,0
506904,5,873,0,0
506924,5,873,0,0
506944,5,873,0,0
506964,5,873,0,0
506984,5,873,0,0
507004,5,873,0,0
507024,5,873,0,0
507044,5,873,0,0
507064,5,872,0,0
507084,5,872,0,0
507104,5,872,0,0
507124,5,872,0,0
507144,5,872,0,0
507164,5,872,0,0
507184,5,872,0,0
507204,5,872,0,0
507224,5,872,0,0
507244,5,872,0,0
507264,5,872,0,0
507284,5,872,0,0
507304,5,872,0,0
507324,5,871,0,0
507344,5,871,0,0
507364,5,871,0,0
507384,5,871,0,0
507404,5,871,0,0
507424,5,871,0,0
507444,5,871,0,0
507464,5,871,0,0
507484,5,871,0,0
507504,5,871,0,0
507524,5,871,0,0
507544,5,870,0,0
507564,5,870,0,0
507584,5,870,0,0
507604,5,870,0,0
507624,5,870,0,0
507644,5,870,0,0
507664,5,870,0,0
507684,5,870,0,0
507704,5,870,0,0
507724,5,869,0,0
507744,5,869,0,0
507764,5,869,0,0
507784,5,869,0,0
507804,5,869,0,0
507824,5,869,0,0
507844,5,869,0,0
507864,5,869,0,0
507884,5,869,0,0
507904,5,869,0,0
507924,5,868,0,0
507944,5,868,0,0
507964,5,868,0,0
507984,5,868,0,0
508004,5,868,0,0
508024,5,868,0,0
508044,5,868,0,0
508064,5,868,0,0
508084,5,868,0,0
508104,5,868,0,0
508124,5,867,0,0
508144,5,867,0,0
508164,5,867,0,0
508184,5,867,0,0
508204,5,867,0,0
508224,5,867,0,0
508244,5,867,0,0
508264,5,867,0,0
508284,5,867,0,0
508304,5,867,0,0
508324,5,867,0,0
508344,5,867,0,0
508364,5,867,0,0
508384,5,866,0,0
508404,5,866,0,0
508424,5,866,0,0
508444,5,866,0,0
508464,5,866,0,0
508484,5,866,0,0
508504,5,866,0,0
508524,5,866,0,0
508544,5,866,0,0
508564,5,866,0,0
508584,5,866,0,0
508604,5,866,0,0
508624,5,866,0,0
508644,5,866,0,0
508664,5,865,0,0
508684,5,865,0,0
508704,5,865,0,0
508724,5,865,0,0
508744,5,865,0,0
508764,5,865,0,0
508784,5,865,0,0
508804,5,865,0,0
508824,5,864,0,0
508844,5,864,0,0
508864,5,864,0,0
508884,5,864,0,0
508904,5,864,0,0
508924,5,864,0,0
508944,5,864,0,0
508964,5,864,0,0
508984,5,864,0,0
509004,5,864,0,0
509024,5,864,0,0
509044,5,864,0,0
509064,5,864,0,0
509084,5,863,0,0
509104,5,863,0,0
509124,5,863,0,0
509144,5,863,0,0
509164,5,863,0,0
509184,5,863,0,0
509204,5,863,0,0
509224,5,862,0,0
509244,5,862,0,0
509264,5,862,0,0
509284,5,862,0,0
509304,5,862,0,0
509324,5,862,0,0
509344,5,862,0,0
509364,5,861,0,0
509384,5,861,0,0
509404,5,861,0,0
509424,5,861,0,0
509444,5,861,0,0
509464,5,861,0,0
509484,5,861,0,0
509504,5,861,0,0
509524,5,861,0,0
509544,5,861,0,0
509564,5,861,0,0
509584,5,860,0,0
509604,5,860,0,0
509624,5,860,0,0
509644,5,860,0,0
509664,5,860,0,0
509684,5,860,0,0
509704,5,860,0,0
509724,5,860,0,0
509744,5,859,0,0
509764,5,859,0,0
509784,5,859,0,0
509804,5,859,0,0
509824,5,859,0,0
509844,5,859,0,0
509864,5,859,0,0
509884,5,859,0,0
509904,5,858,0,0
509924,5,858,0,0
509944,5,858,0,0
509964,5,858,0,0
509984,5,858,0,0
510004,5,858,0,0
510024,5,857,0,0
510044,5,857,0,0
510064,5,857,0,0
510084,5,857,0,0
510104,5,857,0,0
510124,5,857,0,0
510144,5,857,0,0
510164,5,856,0,0
510184,5,856,0,0
510204,5,856,0,0
510224,5,856,0,0
510244,5,856,0,0
510264,5,855,0,0
510284,5,855,0,0
510304,5,855,0,0
510324,5,855,0,0
510344,5,855,0,0
510364,5,855,0,0
510384,5,855,0,0
510404,5,855,0,0
510424,5,855,0,0
510444,5,854,0,0
510464,5,854,0,0
510484,5,854,0,0
510504,5,854,0,0
510524,5,854,0,0
510544,5,854,0,0
510564,5,854,0,0
510584,5,854,0,0
510604,5,854,0,0
510624,5,854,0,0
510644,5,854,0,0
510664,5,854,0,0
510684,5,854,0,0
510704,5,854,0,0
510724,5,854,0,0
510744,5,853,0,0
510764,5,853,0,0
510784,5,853,0,0
510804,5,853,0,0
510824,5,853,0,0
510844,5,853,0,0
510864,5,853,0,0
510884,5,853,0,0
510904,5,853,0,0
510924,5,852,0,0
510944,5,852,0,0
510964,5,852,0,0
510984,5,852,0,0
511004,5,852,0,0
511024,5,852,0,0
511044,5,852,0,0
511064,5,852,0,0
511084,5,852,0,0
511104,5,852,0,0
511124,5,852,0,0
511144,5,852,0,0
511164,5,851,0,0
511184,5,851,0,0
511204,5,851,0,0
511224,5,851,0,0
511244,5,851,0,0
511264,5,851,0,0
511284,5,851,0,0
511304,5,851,0,0
511324,5,851,0,0
511344,5,851,0,0
511364,5,850,0,0
511384,5,850,0,0
511404,5,850,0,0
511424,5,850,0,0
511444,5,850,0,0
511464,5,850,0,0
511484,5,850,0,0
511504,5,850,0,0
511524,5,849,0,0
511544,5,849,0,0
511564,5,849,0,0
511584,5,849,0,0
511604,5,849,0,0
511624,5,849,0,0
511644,5,849,0,0
511664,5,849,0,0
511684,5,849,0,0
511704,5,849,0,0
511724,5,848,0,0
511744,5,848,0,0
511764,5,848,0,0
511784,5,848,0,0
511804,5,848,0,0
511824,5,848,0,0
511844,5,848,0,0
511864,5,848,0,0
511884,5,848,0,0
511904,5,848,0,0
511924,5,847,0,0
511944,5,847,0,0
511964,5,847,0,0
511984,5,847,0,0
512004,5,847,0,0
512024,5,847,0,0
512044,5,847,0,0
512064,5,846,0,0
512084,5,846,0,0
512104,5,846,0,0
512124,5,846,0,0
512144,5,846,0,0
512164,5,846,0,0
512184,5,846,0,0
512204,5,846,0,0
512224,5,846,0,0
512244,5,846,0,0
512264,5,846,0,0
512284,5,845,0,0
512304,5,845,0,0
512324,5,845,0,0
512344,5,845,0,0
512364,5,845,0,0
512384,5,845,0,0
512404,5,845,0,0
512424,5,845,0,0
512444,5,845,0,0
512464,5,845,0,0
512484,5,845,0,0
512504,5,845,0,0
512524,5,845,0,0
512544,5,845,0,0
512564,5,844,0,0
512584,5,844,0,0
512604,5,844,0,0
512624,5,844,0,0
512644,5,844,0,0
512664,5,844,0,0
512684,5,844,0,0
512704,5,844,0,0
512724,5,844,0,0
512744,5,843,0,0
512764,5,843,0,0
512784,5,843,0,0
512804,5,843,0,0
512824,5,843,0,0
512844,5,843,0,0
512864,5,843,0,0
512884,5,843,0,0
512904,5,843,0,0
512924,5,843,0,0
512944,5,843,0,0
512964,5,843,0,0
512984,5,842,0,0
513004,5,842,0,0
513024,5,842,0,0
513044,5,842,0,0
513064,5,842,0,0
513084,5,842,0,0
513104,5,842,0,0
513124,5,842,0,0
513144,5,841,0,0
513164,5,841,0,0
513184,5,841,0,0
513204,5,841,0,0
513224,5,841,0,0
513244,5,841,0,0
513264,5,841,0,0
513284,5,841,0,0
513304,5,840,0,0
513324,5,840,0,0
513344,5,840,0,0
513364,5,840,0,0
513384,5,840,0,0
513404,5,840,0,0
513424,5,840,0,0
513444,5,840,0,0
513464,5,840,0,0
513484,5,840,0,0
513504,5,840,0,0
513524,5,840,0,0
513544,5,840,0,0
513564,5,839,0,0
513584,5,839,0,0
513604,5,839,0,0
513624,5,839,0,0
513644,5,839,0,0
513664,5,839,0,0
513684,5,839,0,0
513704,5,839,0,0
513724,5,839,0,0
513744,5,839,0,0
513764,5,839,0,0
513784,5,838,0,0
513804,5,838,0,0
513824,5,838,0,0
513844,5,838,0,0
513864,5,838,0,0
513884,5,838,0,0
513904,5,838,0,0
513924,5,838,0,0
513944,5,838,0,0
513964,5,838,0,0
513984,5,838,0,0
514004,5,838,0,0
514024,5,838,0,0
514044,5,837,0,0
514064,5,837,0,0
514084,5,837,0,0
514104,5,837,0,0
514124,5,837,0,0
514144,5,837,0,0
514164,5,836,0,0
514184,5,836,0,0
514204,5,836,0,0
514224,5,836,0,0
514244,5,836,0,0
514264,5,835,0,0
514284,5,835,0,0
514304,5,835,0,0
514324,5,835,0,0
514344,5,835,0,0
514364,5,835,0,0
514384,5,834,0,0
514404,5,834,0,0
514424,5,834,0,0
514444,5,834,0,0
514464,5,834,0,0
514484,5,834,0,0
514504,5,834,0,0
514524,5,834,0,0
514544,5,833,0,0
514564,5,833,0,0
514584,5,833,0,0
514604,5,833,0,0
514624,5,833,0,0
514644,5,833,0,0
514664,5,833,0,0
514684,5,833,0,0
514704,5,832,0,0
514724,5,832,0,0
514744,5,832,0,0
514764,5,832,0,0
514784,5,832,0,0
514804,5,832,0,0
514824,5,832,0,0
514844,5,832,0,0
514864,5,832,0,0
514884,5,832,0,0
514904,5,832,0,0
514924,5,832,0,0
514944,5,832,0,0
514964,5,831,0,0
514984,5,831,0,0
515004,5,831,0,0
515024,5,831,0,0
515044,5,831,0,0
515064,5,831,0,0
515084,5,831,0,0
515104,5,831,0,0
515124,5,831,0,0
515144,5,831,0,0
515164,5,831,0,0
515184,5,830,0,0
515204,5,830,0,0
515224,5,830,0,0
515244,5,830,0,0
515264,5,830,0,0
515284,5,830,0,0
515304,5,829,0,0
515324,5,829,0,0
515344,5,829,0,0
515364,5,829,0,0
515384,5,829,0,0
515404,5,829,0,0
515424,5,829,0,0
515444,5,829,0,0
515464,5,829,0,0
515484,5,829,0,0
515504,5,829,0,0
515524,5,828,0,0
515544,5,828,0,0
515564,5,828,0,0
515584,5,828,0,0
515604,5,828,0,0
515624,5,828,0,0
515644,5,828,0,0
515664,5,828,0,0
515684,5,828,0,0
515704,5,827,0,0
515724,5,827,0,0
515744,5,827,0,0
515764,5,827,0,0
515784,5,827,0,0
515804,5,827,0,0
515824,5,827,0,0
515844,5,827,0,0
515864,5,827,0,0
515884,5,827,0,0
515904,5,826,0,0
515924,5,826,0,0
515944,5,826,0,0
515964,5,826,0,0
515984,5,826,0,0
516004,5,826,0,0
516024,5,826,0,0
516044,5,826,0,0
516064,5,826,0,0
516084,5,826,0,0
516104,5,825,0,0
516124,5,825,0,0
516144,5,825,0,0
516164,5,825,0,0
516184,5,825,0,0
516204,5,825,0,0
516224,5,825,0,0
516244,5,825,0,0
516264,5,825,0,0
516284,5,825,0,0
516304,5,825,0,0
516324,5,824,0,0
516344,5,824,0,0
516364,5,824,0,0
516384,5,824,0,0
516404,5,824,0,0
516424,5,824,0,0
516444,5,824,0,0
516464,5,824,0,0
516484,5,824,0,0
516504,5,824,0,0
516524,5,824,0,0
516544,5,824,0,0
516564,5,823,0,0
516584,5,823,0,0
516604,5,823,0,0
516624,5,823,0,0
516644,5,823,0,0
516664,5,823,0,0
516684,5,823,0,0
516704,5,823,0,0
516724,5,822,0,0
516744,5,822,0,0
516764,5,822,0,0
516784,5,822,0,0
516804,5,822,0,0
516824,5,822,0,0
516844,5,822,0,0
516864,5,821,0,0
516884,5,821,0,0
516904,5,821,0,0
516924,5,821,0,0
516944,5,821,0,0
516964,5,821,0,0
516984,5,821,0,0
517004,5,821,0,0
517024,5,821,0,0
517044,5,821,0,0
517064,5,820,0,0
517084,5,820,0,0
517104,5,820,0,0
517124,5,820,0,0
517144,5,820,0,0
517164,5,820,0,0
517184,5,820,0,0
517204,5,820,0,0
517224,5,820,0,0
517244,5,819,0,0
517264,5,819,0,0
517284,5,819,0,0
517304,5,819,0,0
517324,5,819,0,0
517344,5,819,0,0
517364,5,819,0,0
517384,5,819,0,0
517404,5,818,0,0
517424,5,818,0,0
517444,5,818,0,0
517464,5,818,0,0
517484,5,818,0,0
517504,5,818,0,0
517524,5,818,0,0
517544,5,818,0,0
517564,5,818,0,0
517584,5,818,0,0
517604,5,818,0,0
517624,5,817,0,0
517644,5,818,0,0
517664,5,818,0,0
517684,5,818,0,0
517704,5,818,0,0
517724,5,818,0,0
517744,5,817,0,0
517764,5,817,0,0
517784,5,817,0,0
517804,5,817,0,0
517824,5,817,0,0
517844,5,817,0,0
517864,5,817,0,0
517884,5,817,0,0
517904,5,817,0,0
517924,5,817,0,0
517944,5,817,0,0
517964,5,816,0,0
517984,5,816,0,0
518004,5,816,0,0
518024,5,816,0,0
518044,5,816,0,0
518064,5,816,0,0
518084,5,816,0,0
518104,5,815,0,0
518124,5,815,0,0
518144,5,815,0,0
518164,5,815,0,0
518184,5,815,0,0
518204,5,815,0,0
518224,5,814,0,0
518244,5,814,0,0
518264,5,814,0,0
518284,5,814,0,0
518304,5,814,0,0
518324,5,814,0,0
518344,5,814,0,0
518364,5,813,0,0
518384,5,813,0,0
518404,5,813,0,0
518424,5,813,0,0
518444,5,813,0,0
518464,5,813,0,0
518484,5,813,0,0
518504,5,813,0,0
518524,5,813,0,0
518544,5,812,0,0
518564,5,812,0,0
518584,5,812,0,0
518604,5,812,0,0
518624,5,812,0,0
518644,5,812,0,0
518664,5,812,0,0
518684,5,812,0,0
518704,5,811,0,0
518724,5,811,0,0
518744,5,811,0,0
518764,5,811,0,0
518784,5,811,0,0
518804,5,811,0,0
518824,5,811,0,0
518844,5,811,0,0
518864,5,811,0,0
518884,5,811,0,0
518904,5,811,0,0
518924,5,810,0,0
518944,5,810,0,0
518964,5,810,0,0
518984,5,810,0,0
519004,5,810,0,0
519024,5,810,0,0
519044,5,810,0,0
519064,5,810,0,0
519084,5,810,0,0
519104,5,810,0,0
519124,5,810,0,0
519144,5,810,0,0
519164,5,809,0,0
519184,5,809,0,0
519204,5,809,0,0
519224,5,809,0,0
519244,5,809,0,0
519264,5,809,0,0
519284,5,809,0,0
519304,5,809,0,0
519324,5,809,0,0
519344,5,809,0,0
519364,5,809,0,0
519384,5,808,0,0
519404,5,808,0,0
519424,5,808,0,0
519444,5,808,0,0
519464,5,808,0,0
519484,5,808,0,0
519504,5,808,0,0
519524,5,808,0,0
519544,5,807,0,0
519564,5,807,0,0
519584,5,807,0,0
519604,5,807,0,0
519624,5,807,0,0
519644,5,807,0,0
519664,5,807,0,0
519684,5,807,0,0
519704,5,806,0,0
519724,5,806,0,0
519744,5,806,0,0
519764,5,806,0,0
519784,5,806,0,0
519804,5,806,0,0
519824,5,806,0,0
519844,5,806,0,0
519864,5,806,0,0
519884,5,806,0,0
519904,5,805,0,0
519924,5,805,0,0
519944,5,805,0,0
519964,5,805,0,0
519984,5,805,0,0
520004,5,805,0,0
520024,5,805,0,0
520044,5,805,0,0
520064,5,805,0,0
520084,5,805,0,0
520104,5,805,0,0
520124,5,805,0,0
520144,5,805,0,0
520164,5,805,0,0
520184,5,805,0,0
520204,5,804,0,0
520224,5,804,0,0
520244,5,804,0,0
520264,5,804,0,0
520284,5,804,0,0
520304,5,804,0,0
520324,5,804,0,0
520344,5,804,0,0
520364,5,804,0,0
520384,5,804,0,0
520404,5,804,0,0
520424,5,804,0,0
520444,5,804,0,0
520464,5,804,0,0
520484,5,803,0,0
520504,5,803,0,0
520524,5,803,0,0
520544,5,803,0,0
520564,5,803,0,0
520584,5,803,0,0
520604,5,803,0,0
520624,5,802,0,0
520644,5,802,0,0
520664,5,802,0,0
520684,5,802,0,0
520704,5,802,0,0
520724,5,802,0,0
520744,5,801,0,0
520764,5,801,0,0
520784,5,801,0,0
520804,5,801,0,0
520824,5,801,0,0
520844,5,801,0,0
520864,5,801,0,0
520884,5,801,0,0
520904,5,801,0,0
520924,5,801,0,0
520944,5,800,0,0
520964,5,800,0,0
520984,5,800,0,0
521004,5,800,0,0
521024,5,800,0,0
521044,5,800,0,0
521064,5,800,0,0
521084,5,800,0,0
521104,5,800,0,0
521124,5,799,0,0
521144,5,799,0,0
521164,5,799,0,0
521184,5,799,0,0
521204,5,799,0,0
521224,5,799,0,0
521244,5,799,0,0
521264,5,799,0,0
521284,5,799,0,0
521304,5,799,0,0
521324,5,798,0,0
521344,5,798,0,0
521364,5,798,0,0
521384,5,798,0,0
521404,5,798,0,0
521424,5,798,0,0
521444,5,798,0,0
521464,5,798,0,0
521484,5,798,0,0
521504,5,797,0,0
521524,5,797,0,0
521544,5,797,0,0
521564,5,797,0,0
521584,5,797,0,0
521604,5,797,0,0
521624,5,797,0,0
521644,5,797,0,0
521664,5,797,0,0
521684,5,797,0,0
521704,5,797,0,0
521724,5,796,0,0
521744,5,796,0,0
521764,5,796,0,0
521784,5,796,0,0
521804,5,796,0,0
521824,5,796,0,0
521844,5,796,0,0
521864,5,796,0,0
521884,5,796,0,0
521904,5,795,0,0
521924,5,795,0,0
521944,5,795,0,0
521964,5,795,0,0
521984,5,795,0,0
522004,5,795,0,0
522024,5,795,0,0
522044,5,795,0,0
522064,5,795,0,0
522084,5,794,0,0
522104,5,794,0,0
522124,5,794,0,0
522144,5,794,0,0
522164,5,794,0,0
522184,5,794,0,0
522204,5,794,0,0
522224,5,794,0,0
522244,5,794,0,0
522264,5,793,0,0
522284,5,793,0,0
522304,5,793,0,0
522324,5,793,0,0
522344,5,793,0,0
522364,5,793,0,0
522384,5,793,0,0
522404,5,792,0,0
522424,5,792,0,0
522444,5,792,0,0
522464,5,792,0,0
522484,5,792,0,0
522504,5,792,0,0
522524,5,792,0,0
522544,5,792,0,0
522564,5,791,0,0
522584,5,791,0,0
522604,5,791,0,0
522624,5,791,0,0
522644,5,791,0,0
522664,5,791,0,0
522684,5,791,0,0
522704,5,791,0,0
522724,5,791,0,0
522744,5,791,0,0
522764,5,791,0,0
522784,5,790,0,0
522804,5,790,0,0
522824,5,790,0,0
522844,5,790,0,0
522864,5,790,0,0
522884,5,790,0,0
522904,5,790,0,0
522924,5,790,0,0
522944,5,790,0,0
522964,5,789,0,0
522984,5,789,0,0
523004,5,789,0,0
523024,5,789,0,0
523044,5,789,0,0
523064,5,789,0,0
523084,5,789,0,0
523104,5,788,0,0
523124,5,788,0,0
523144,5,788,0,0
523164,5,788,0,0
523184,5,788,0,0
523204,5,788,0,0
523224,5,788,0,0
523244,5,787,0,0
523264,5,787,0,0
523284,5,787,0,0
523304,5,787,0,0
523324,5,787,0,0
523344,5,787,0,0
523364,5,787,0,0
523384,5,787,0,0
523404,5,787,0,0
523424,5,787,0,0
523444,5,787,0,0
523464,5,787,0,0
523484,5,786,0,0
523504,5,786,0,0
523524,5,786,0,0
523544,5,786,0,0
523564,5,786,0,0
523584,5,786,0,0
523604,5,786,0,0
523624,5,786,0,0
523644,5,786,0,0
523664,5,785,0,0
523684,5,785,0,0
523704,5,785,0,0
523724,5,785,0,0
523744,5,785,0,0
523764,5,785,0,0
523784,5,785,0,0
523804,5,785,0,0
523824,5,785,0,0
523844,5,784,0,0
523864,5,784,0,0
523884,5,784,0,0
523904,5,784,0,0
523924,5,784,0,0
523944,5,784,0,0
523964,5,784,0,0
523984,5,783,0,0
524004,5,783,0,0
524024,5,783,0,0
524044,5,783,0,0
524064,5,783,0,0
524084,5,783,0,0
524104,5,783,0,0
524124,5,783,0,0
524144,5,782,0,0
524164,5,782,0,0
524184,5,782,0,0
524204,5,782,0,0
524224,5,782,0,0
524244,5,782,0,0
524264,5,782,0,0
524284,5,782,0,0
524304,5,782,0,0
524324,5,782,0,0
524344,5,782,0,0
524364,5,781,0,0
524384,5,781,0,0
524404,5,781,0,0
524424,5,781,0,0
524444,5,781,0,0
524464,5,781,0,0
524484,5,781,0,0
524504,5,781,0,0
524524,5,781,0,0
524544,5,781,0,0
524564,5,780,0,0
524584,5,780,0,0
524604,5,780,0,0
524624,5,780,0,0
524644,5,780,0,0
524664,5,780,0,0
524684,5,779,0,0
524704,5,779,0,0
524724,5,779,0,0
524744,5,779,0,0
524764,5,779,0,0
524784,5,779,0,0
524804,5,779,0,0
524824,5,779,0,0
524844,5,779,0,0
524864,5,778,0,0
524884,5,778,0,0
524904,5,778,0,0
524924,5,778,0,0
524944,5,778,0,0
524964,5,778,0,0
524984,5,778,0,0
525004,5,778,0,0
525024,5,778,0,0
525044,5,778,0,0
525064,5,778,0,0
525084,5,778,0,0
525104,5,778,0,0
525124,5,778,0,0
525144,5,778,0,0
525164,5,778,0,0
525184,5,778,0,0
525204,5,778,0,0
525224,5,778,0,0
525244,5,778,0,0
525264,5,778,0,0
525284,5,777,0,0
525304,5,777,0,0
525324,5,777,0,0
525344,5,777,0,0
525364,5,777,0,0
525384,5,777,0,0
525404,5,777,0,0
525424,5,777,0,0
525444,5,777,0,0
525464,5,777,0,0
525484,5,776,0,0
525504,5,776,0,0
525524,5,776,0,0
525544,5,776,0,0
525564,5,776,0,0
525584,5,776,0,0
525604,5,776,0,0
525624,5,776,0,0
525644,5,776,0,0
525664,5,775,0,0
525684,5,775,0,0
525704,5,775,0,0
525724,5,775,0,0
525744,5,775,0,0
525764,5,775,0,0
525784,5,775,0,0
525804,5,775,0,0
525824,5,775,0,0
525844,5,775,0,0
525864,5,774,0,0
525884,5,774,0,0
525904,5,774,0,0
525924,5,774,0,0
525944,5,774,0,0
525964,5,774,0,0
525984,5,774,0,0
526004,5,774,0,0
526024,5,773,0,0
526044,5,773,0,0
526064,5,773,0,0
526084,5,773,0,0
526104,5,773,0,0
526124,5,773,0,0
526144,5,773,0,0
526164,5,773,0,0
526184,5,773,0,0
526204,5,773,0,0
526224,5,772,0,0
526244,5,772,0,0
526264,5,772,0,0
526284,5,772,0,0
526304,5,772,0,0
526324,5,772,0,0
526344,5,772,0,0
526364,5,772,0,0
526384,5,771,0,0
526404,5,771,0,0
526424,5,771,0,0
526444,5,771,0,0
526464,5,771,0,0
526484,5,771,0,0
526504,5,771,0,0
526524,5,771,0,0
526544,5,771,0,0
526564,5,770,0,0
526584,5,770,0,0
526604,5,770,0,0
526624,5,770,0,0
526644,5,770,0,0
526664,5,770,0,0
526684,5,770,0,0
526704,5,770,0,0
526724,5,770,0,0
526744,5,770,0,0
526764,5,770,0,0
526784,5,770,0,0
526804,5,769,0,0
526824,5,769,0,0
526844,5,769,0,0
526864,5,769,0,0
526884,5,769,0,0
526904,5,769,0,0
526924,5,769,0,0
526944,5,769,0,0
526964,5,769,0,0
526984,5,768,0,0
527004,5,768,0,0
527024,5,768,0,0
527044,5,768,0,0
527064,5,768,0,0
527084,5,768,0,0
527104,5,768,0,0
527124,5,768,0,0
527144,5,768,0,0
527164,5,768,0,0
527184,5,767,0,0
527204,5,767,0,0
527224,5,767,0,0
527244,5,767,0,0
527264,5,767,0,0
527284,5,767,0,0
527304,5,767,0,0
527324,5,767,0,0
527344,5,767,0,0
527364,5,766,0,0
527384,5,766,0,0
527404,5,766,0,0
527424,5,766,0,0
527444,5,766,0,0
527464,5,766,0,0
527484,5,766,0,0
527504,5,766,0,0
527524,5,766,0,0
527544,5,766,0,0
527564,5,766,0,0
527584,5,766,0,0
527604,5,765,0,0
527624,5,765,0,0
527644,5,765,0,0
527664,5,765,0,0
527684,5,765,0,0
527704,5,765,0,0
527724,5,765,0,0
527744,5,764,0,0
527764,5,764,0,0
527784,5,764,0,0
527804,5,764,0,0
527824,5,764,0,0
527844,5,764,0,0
527864,5,763,0,0
527884,5,763,0,0
527904,5,763,0,0
527924,5,763,0,0
527944,5,763,0,0
527964,5,763,0,0
527984,5,762,0,0
528004,5,762,0,0
528024,5,762,0,0
528044,5,762,0,0
528064,5,762,0,0
528084,5,762,0,0
528104,5,762,0,0
528124,5,762,0,0
528144,5,762,0,0
528164,5,762,0,0
528184,5,761,0,0
528204,5,761,0,0
528224,5,761,0,0
528244,5,761,0,0
528264,5,761,0,0
528284,5,761,0,0
528304,5,761,0,0
528324,5,761,0,0
528344,5,761,0,0
528364,5,761,0,0
528384,5,761,0,0
528404,5,761,0,0
528424,5,760,0,0
528444,5,760,0,0
528464,5,760,0,0
528484,5,760,0,0
528504,5,760,0,0
528524,5,760,0,0
528544,5,760,0,0
528564,5,760,0,0
528584,5,760,0,0
528604,5,760,0,0
528624,5,760,0,0
528644,5,760,0,0
528664,5,760,0,0
528684,5,759,0,0
528704,5,759,0,0
528724,5,759,0,0
528744,5,759,0,0
528764,5,759,0,0
528784,5,759,0,0
528804,5,759,0,0
528824,5,759,0,0
528844,5,758,0,0
528864,5,758,0,0
528884,5,758,0,0
528904,5,758,0,0
528924,5,758,0,0
528944,5,758,0,0
528964,5,758,0,0
528984,5,758,0,0
529004,5,758,0,0
529024,5,758,0,0
529044,5,758,0,0
529064,5,757,0,0
529084,5,757,0,0
529104,5,757,0,0
529124,5,757,0,0
529144,5,757,0,0
529164,5,757,0,0
529184,5,757,0,0
529204,5,757,0,0
529224,5,756,0,0
529244,5,756,0,0
529264,5,756,0,0
529284,5,756,0,0
529304,5,756,0,0
529324,5,756,0,0
529344,5,756,0,0
529364,5,756,0,0
529384,5,756,0,0
529404,5,756,0,0
529424,5,756,0,0
529444,5,756,0,0
529464,5,756,0,0
529484,5,755,0,0
529504,5,755,0,0
529524,5,755,0,0
529544,5,755,0,0
529564,5,755,0,0
529584,5,755,0,0
529604,5,755,0,0
529624,5,755,0,0
529644,5,755,0,0
529664,5,755,0,0
529684,5,755,0,0
529704,5,755,0,0
529724,5,755,0,0
529744,5,754,0,0
529764,5,754,0,0
529784,5,754,0,0
529804,5,754,0,0
529824,5,754,0,0
529844,5,754,0,0
529864,5,754,0,0
529884,5,753,0,0
529904,5,753,0,0
529924,5,753,0,0
529944,5,753,0,0
529964,5,753,0,0
529984,5,752,0,0
530004,5,752,0,0
530024,5,752,0,0
530044,5,752,0,0
530064,5,752,0,0
530084,5,752,0,0
530104,5,752,0,0
530124,5,752,0,0
530144,5,752,0,0
530164,5,751,0,0
530184,5,751,0,0
530204,5,751,0,0
530224,5,751,0,0
530244,5,751,0,0
530264,5,751,0,0
530284,5,751,0,0
530304,5,751,0,0
530324,5,751,0,0
530344,5,751,0,0
530364,5,751,0,0
530384,5,751,0,0
530404,5,750,0,0
530424,5,750,0,0
530444,5,750,0,0
530464,5,750,0,0
530484,5,750,0,0
530504,5,750,0,0
530524,5,750,0,0
530544,5,750,0,0
530564,5,750,0,0
530584,5,750,0,0
530604,5,750,0,0
530624,5,750,0,0
530644,5,750,0,0
530664,5,749,0,0
530684,5,749,0,0
530704,5,749,0,0
530724,5,749,0,0
530744,5,749,0,0
530764,5,749,0,0
530784,5,749,0,0
530804,5,749,0,0
530824,5,749,0,0
530844,5,749,0,0
530864,5,749,0,0
530884,5,749,0,0
530904,5,749,0,0
530924,5,749,0,0
530944,5,749,0,0
530964,5,749,0,0
530984,5,748,0,0
531004,5,748,0,0
531024,5,748,0,0
531044,5,748,0,0
531064,5,748,0,0
531084,5,748,0,0
531104,5,748,0,0
531124,5,748,0,0
531144,5,747,0,0
531164,5,747,0,0
531184,5,747,0,0
531204,5,747,0,0
531224,5,747,0,0
531244,5,747,0,0
531264,5,746,0,0
531284,5,746,0,0
531304,5,746,0,0
531324,5,746,0,0
531344,5,746,0,0
531364,5,745,0,0
531384,5,745,0,0
531404,5,745,0,0
531424,5,745,0,0
531444,5,745,0,0
531464,5,745,0,0
531484,5,745,0,0
531504,5,745,0,0
531524,5,744,0,0
531544,5,744,0,0
531564,5,744,0,0
531584,5,744,0,0
531604,5,744,0,0
531624,5,744,0,0
531644,5,744,0,0
531664,5,744,0,0
531684,5,744,0,0
531704,5,744,0,0
531724,5,744,0,0
531744,5,743,0,0
531764,5,743,0,0
531784,5,743,0,0
531804,5,743,0,0
531824,5,743,0,0
531844,5,743,0,0
531864,5,743,0,0
531884,5,743,0,0
531904,5,742,0,0
531924,5,742,0,0
531944,5,742,0,0
531964,5,742,0,0
531984,5,742,0,0
532004,5,742,0,0
532024,5,742,0,0
532044,5,742,0,0
532064,5,742,0,0
532084,5,742,0,0
532104,5,741,0,0
532124,5,741,0,0
532144,5,741,0,0
532164,5,741,0,0
532184,5,741,0,0
532204,5,741,0,0
532224,5,741,0,0
532244,5,741,0,0
532264,5,741,0,0
532284,5,741,0,0
532304,5,740,0,0
532324,5,740,0,0
532344,5,740,0,0
532364,5,740,0,0
532384,5,740,0,0
532404,5,740,0,0
532424,5,740,0,0
532444,5,740,0,0
532464,5,740,0,0
532484,5,740,0,0
532504,5,740,0,0
532524,5,740,0,0
532544,5,739,0,0
532564,5,739,0,0
532584,5,739,0,0
532604,5,739,0,0
532624,5,739,0,0
532644,5,739,0,0
532664,5,739,0,0
532684,5,739,0,0
532704,5,739,0,0
532724,5,738,0,0
532744,5,738,0,0
532764,5,738,0,0
532784,5,738,0,0
532804,5,738,0,0
532824,5,738,0,0
532844,5,737,0,0
532864,5,737,0,0
532884,5,737,0,0
532904,5,737,0,0
532924,5,737,0,0
532944,5,737,0,0
532964,5,737,0,0
532984,5,737,0,0
533004,5,737,0,0
533024,5,737,0,0
533044,5,736,0,0
533064,5,736,0,0
533084,5,736,0,0
533104,5,736,0,0
533124,5,736,0,0
533144,5,736,0,0
533164,5,736,0,0
533184,5,736,0,0
533204,5,736,0,0
533224,5,736,0,0
533244,5,736,0,0
533264,5,735,0,0
533284,5,735,0,0
533304,5,735,0,0
533324,5,735,0,0
533344,5,735,0,0
533364,5,735,0,0
533384,5,735,0,0
533404,5,735,0,0
533424,5,734,0,0
533444,5,734,0,0
533464,5,734,0,0
533484,5,734,0,0
533504,5,734,0,0
533524,5,734,0,0
533544,5,734,0,0
533564,5,734,0,0
533584,5,734,0,0
533604,5,734,0,0
533624,5,734,0,0
533644,5,734,0,0
533664,5,734,0,0
533684,5,734,0,0
533704,5,734,0,0
533724,5,733,0,0
533744,5,733,0,0
533764,5,733,0,0
533784,5,733,0,0
533804,5,733,0,0
533824,5,732,0,0
533844,5,732,0,0
533864,5,732,0,0
533884,5,732,0,0
533904,5,732,0,0
533924,5,732,0,0
533944,5,732,0,0
533964,5,732,0,0
533984,5,731,0,0
534004,5,731,0,0
534024,5,731,0,0
534044,5,731,0,0
534064,5,731,0,0
534084,5,731,0,0
534104,5,731,0,0
534124,5,731,0,0
534144,5,730,0,0
534164,5,730,0,0
534184,5,730,0,0
534204,5,730,0,0
534224,5,730,0,0
534244,5,730,0,0
534264,5,730,0,0
534284,5,730,0,0
534304,5,730,0,0
534324,5,730,0,0
534344,5,729,0,0
534364,5,729,0,0
534384,5,729,0,0
534404,5,729,0,0
534424,5,729,0,0
534444,5,729,0,0
534464,5,729,0,0
534484,5,729,0,0
534504,5,728,0,0
534524,5,728,0,0
534544,5,728,0,0
534564,5,728,0,0
534584,5,728,0,0
534604,5,728,0,0
534624,5,728,0,0
534644,5,728,0,0
534664,5,728,0,0
534684,5,727,0,0
534704,5,727,0,0
534724,5,727,0,0
534744,5,727,0,0
534764,5,727,0,0
534784,5,727,0,0
534804,5,727,0,0
534824,5,727,0,0
534844,5,727,0,0
534864,5,727,0,0
534884,5,727,0,0
534904,5,727,0,0
534924,5,727,0,0
534944,5,726,0,0
534964,5,726,0,0
534984,5,726,0,0
535004,5,726,0,0
535024,5,726,0,0
535044,5,726,0,0
535064,5,726,0,0
535084,5,726,0,0
535104,5,726,0,0
535124,5,726,0,0
535144,5,726,0,0
535164,5,726,0,0
535184,5,726,0,0
535204,5,725,0,0
535224,5,725,0,0
535244,5,725,0,0
535264,5,725,0,0
535284,5,725,0,0
535304,5,725,0,0
535324,5,724,0,0
535344,5,724,0,0
535364,5,724,0,0
535384,5,724,0,0
535404,5,724,0,0
535424,5,723,0,0
535444,5,723,0,0
535464,5,723,0,0
535484,5,723,0,0
535504,5,723,0,0
535524,5,723,0,0
535544,5,723,0,0
535564,5,722,0,0
535584,5,722,0,0
535604,5,722,0,0
535624,5,722,0,0
535644,5,722,0,0
535664,5,722,0,0
535684,5,722,0,0
535704,5,722,0,0
535724,5,722,0,0
535744,5,722,0,0
535764,5,721,0,0
535784,5,721,0,0
535804,5,721,0,0
535824,5,721,0,0
535844,5,721,0,0
535864,5,721,0,0
535884,5,721,0,0
535904,5,721,0,0
535924,5,721,0,0
535944,5,721,0,0
535964,5,721,0,0
535984,5,721,0,0
536004,5,721,0,0
536024,5,721,0,0
536044,5,721,0,0
536064,5,720,0,0
536084,5,720,0,0
536104,5,720,0,0
536124,5,720,0,0
536144,5,720,0,0
536164,5,720,0,0
536184,5,720,0,0
536204,5,720,0,0
536224,5,720,0,0
536244,5,720,0,0
536264,5,720,0,0
536284,5,720,0,0
536304,5,720,0,0
536324,5,720,0,0
536344,5,720,0,0
536364,5,720,0,0
536384,5,719,0,0
536404,5,719,0,0
536424,5,719,0,0
536444,5,719,0,0
536464,5,719,0,0
536484,5,719,0,0
536504,5,719,0,0
536524,5,719,0,0
536544,5,719,0,0
536564,5,718,0,0
536584,5,718,0,0
536604,5,718,0,0
536624,5,718,0,0
536644,5,718,0,0
536664,5,718,0,0
536684,5,718,0,0
536704,5,718,0,0
536724,5,718,0,0
536744,5,717,0,0
536764,5,717,0,0
536784,5,717,0,0
536804,5,717,0,0
536824,5,717,0,0
536844,5,717,0,0
536864,5,717,0,0
536884,5,717,0,0
536904,5,716,0,0
536924,5,716,0,0
536944,5,716,0,0
536964,5,716,0,0
536984,5,716,0,0
537004,5,716,0,0
537024,5,716,0,0
537044,5,715,0,0
537064,5,715,0,0
537084,5,715,0,0
537104,5,715,0,0
537124,5,715,0,0
537144,5,715,0,0
537164,5,715,0,0
537184,5,715,0,0
537204,5,715,0,0
537224,5,715,0,0
537244,5,714,0,0
537264,5,714,0,0
537284,5,714,0,0
537304,5,714,0,0
537324,5,714,0,0
537344,5,714,0,0
537364,5,714,0,0
537384,5,714,0,0
537404,5,714,0,0
537424,5,714,0,0
537444,5,714,0,0
537464,5,714,0,0
537484,5,714,0,0
537504,5,714,0,0
537524,5,713,0,0
537544,5,713,0,0
537564,5,713,0,0
537584,5,713,0,0
537604,5,713,0,0
537624,5,713,0,0
537644,5,712,0,0
537664,5,712,0,0
537684,5,712,0,0
537704,5,712,0,0
537724,5,712,0,0
537744,5,712,0,0
537764,5,712,0,0
537784,5,712,0,0
537804,5,712,0,0
537824,5,712,0,0
537844,5,712,0,0
537864,5,712,0,0
537884,5,712,0,0
537904,5,712,0,0
537924,5,712,0,0
537944,5,712,0,0
537964,5,712,0,0
537984,5,712,0,0
538004,5,712,0,0
538024,5,712,0,0
538044,5,712,0,0
538064,5,712,0,0
538084,5,712,0,0
538104,5,712,0,0
538124,5,711,0,0
538144,5,711,0,0
538164,5,711,0,0
538184,5,711,0,0
538204,5,711,0,0
538224,5,710,0,0
538244,5,710,0,0
538264,5,710,0,0
538284,5,710,0,0
538304,5,709,0,0
538324,5,709,0,0
538344,5,709,0,0
538364,5,709,0,0
538384,5,709,0,0
538404,5,708,0,0
538424,5,708,0,0
538444,5,708,0,0
538464,5,708,0,0
538484,5,708,0,0
538504,5,708,0,0
538524,5,708,0,0
538544,5,708,0,0
538564,5,708,0,0
538584,5,708,0,0
538604,5,707,0,0
538624,5,707,0,0
538644,5,707,0,0
538664,5,707,0,0
538684,5,707,0,0
538704,5,707,0,0
538724,5,707,0,0
538744,5,707,0,0
538764,5,707,0,0
538784,5,707,0,0
538804,5,706,0,0
538824,5,706,0,0
538844,5,706,0,0
538864,5,706,0,0
538884,5,706,0,0
538904,5,706,0,0
538924,5,706,0,0
538944,5,706,0,0
538964,5,706,0,0
538984,5,706,0,0
539004,5,706,0,0
539024,5,706,0,0
539044,5,705,0,0
539064,5,705,0,0
539084,5,705,0,0
539104,5,705,0,0
539124,5,705,0,0
539144,5,705,0,0
539164,5,705,0,0
539184,5,705,0,0
539204,5,705,0,0
539224,5,704,0,0
539244,5,704,0,0
539264,5,704,0,0
539284,5,704,0,0
539304,5,704,0,0
539324,5,704,0,0
539344,5,704,0,0
539364,5,704,0,0
539384,5,703,0,0
539404,5,703,0,0
539424,5,703,0,0
539444,5,703,0,0
539464,5,703,0,0
539484,5,703,0,0
539504,5,703,0,0
539524,5,703,0,0
539544,5,703,0,0
539564,5,703,0,0
539584,5,702,0,0
539604,5,702,0,0
539624,5,702,0,0
539644,5,702,0,0
539664,5,702,0,0
539684,5,702,0,0
539704,5,702,0,0
539724,5,701,0,0
539744,5,701,0,0
539764,5,701,0,0
539784,5,701,0,0
539804,5,701,0,0
539824,5,701,0,0
539844,5,701,0,0
539864,5,701,0,0
539884,5,701,0,0
539904,5,700,0,0
539924,5,700,0,0
539944,5,700,0,0
539964,5,700,0,0
539984,5,700,0,0
540004,5,700,0,0
540024,5,700,0,0
540044,5,700,0,0
540064,5,700,0,0
540084,5,700,0,0
540104,5,700,0,0
540124,5,700,0,0
540144,5,699,0,0
540164,5,699,0,0
540184,5,699,0,0
540204,5,699,0,0
540224,5,699,0,0
540244,5,699,0,0
540264,5,699,0,0
540284,5,699,0,0
540304,5,699,0,0
540324,5,699,0,0
540344,5,699,0,0
540364,5,698,0,0
540384,5,698,0,0
540404,5,698,0,0
540424,5,698,0,0
540444,5,698,0,0
540464,5,698,0,0
540484,5,698,0,0
540504,5,698,0,0
540524,5,697,0,0
540544,5,697,0,0
540564,5,697,0,0
540584,5,697,0,0
540604,5,697,0,0
540624,5,697,0,0
540644,5,697,0,0
540664,5,697,0,0
540684,5,696,0,0
540704,5,696,0,0
540724,5,696,0,0
540744,5,696,0,0
540764,5,696,0,0
540784,5,696,0,0
540804,5,696,0,0
540824,5,696,0,0
540844,5,696,0,0
540864,5,696,0,0
540884,5,696,0,0
540904,5,696,0,0
540924,5,696,0,0
540944,5,696,0,0
540964,5,696,0,0
540984,5,696,0,0
541004,5,696,0,0
541024,5,696,0,0
541044,5,695,0,0
541064,5,695,0,0
541084,5,695,0,0
541104,5,695,0,0
541124,5,695,0,0
541144,5,695,0,0
541164,5,695,0,0
541184,5,695,0,0
541204,5,694,0,0
541224,5,694,0,0
541244,5,694,0,0
541264,5,694,0,0
541284,5,694,0,0
541304,5,694,0,0
541324,5,694,0,0
541344,5,694,0,0
541364,5,694,0,0
541384,5,693,0,0
541404,5,693,0,0
541424,5,693,0,0
541444,5,693,0,0
541464,5,693,0,0
541484,5,693,0,0
541504,5,693,0,0
541524,5,693,0,0
541544,5,693,0,0
541564,5,692,0,0
541584,5,692,0,0
541604,5,692,0,0
541624,5,692,0,0
541644,5,692,0,0
541664,5,692,0,0
541684,5,692,0,0
541704,5,692,0,0
541724,5,692,0,0
541744,5,692,0,0
541764,5,691,0,0
541784,5,691,0,0
541804,5,691,0,0
541824,5,691,0,0
541844,5,691,0,0
541864,5,691,0,0
541884,5,691,0,0
541904,5,691,0,0
541924,5,690,0,0
541944,5,690,0,0
541964,5,690,0,0
541984,5,690,0,0
542004,5,690,0,0
542024,5,690,0,0
542044,5,690,0,0
542064,5,689,0,0
542084,5,689,0,0
542104,5,689,0,0
542124,5,689,0,0
542144,5,689,0,0
542164,5,689,0,0
542184,5,688,0,0
542204,5,688,0,0
542224,5,688,0,0
542244,5,688,0,0
542264,5,688,0,0
542284,5,688,0,0
542304,5,688,0,0
542324,5,688,0,0
542344,5,687,0,0
542364,5,687,0,0
542384,5,687,0,0
542404,5,687,0,0
542424,5,687,0,0
542444,5,687,0,0
542464,5,687,0,0
542484,5,687,0,0
542504,5,686,0,0
542524,5,686,0,0
542544,5,686,0,0
542564,5,686,0,0
542584,5,686,0,0
542604,5,686,0,0
542624,5,686,0,0
542644,5,686,0,0
542664,5,686,0,0
542684,5,686,0,0
542704,5,686,0,0
542724,5,686,0,0
542744,5,686,0,0
542764,5,685,0,0
542784,5,685,0,0
542804,5,685,0,0
542824,5,685,0,0
542844,5,685,0,0
542864,5,685,0,0
542884,5,685,0,0
542904,5,685,0,0
542924,5,685,0,0
542944,5,685,0,0
542964,5,685,0,0
542984,5,685,0,0
543004,5,685,0,0
543024,5,685,0,0
543044,5,685,0,0
543064,5,685,0,0
543084,5,685,0,0
543104,5,685,0,0
543124,5,684,0,0
543144,5,684,0,0
543164,5,684,0,0
543184,5,685,0,0
543204,5,685,0,0
543224,5,684,0,0
543244,5,684,0,0
543264,5,684,0,0
543284,5,684,0,0
543304,5,684,0,0
543324,5,684,0,0
543344,5,684,0,0
543364,5,684,0,0
543384,5,683,0,0
543404,5,683,0,0
543424,5,683,0,0
543444,5,683,0,0
543464,5,683,0,0
543484,5,683,0,0
543504,5,682,0,0
543524,5,682,0,0
543544,5,682,0,0
543564,5,682,0,0
543584,5,682,0,0
543604,5,682,0,0
543624,5,682,0,0
543644,5,682,0,0
543664,5,682,0,0
543684,5,681,0,0
543704,5,681,0,0
543724,5,681,0,0
543744,5,681,0,0
543764,5,681,0,0
543784,5,681,0,0
543804,5,681,0,0
543824,5,681,0,0
543844,5,681,0,0
543864,5,681,0,0
543884,5,681,0,0
543904,5,681,0,0
543924,5,680,0,0
543944,5,680,0,0
543964,5,680,0,0
543984,5,680,0,0
544004,5,680,0,0
544024,5,680,0,0
544044,5,680,0,0
544064,5,680,0,0
544084,5,680,0,0
544104,5,680,0,0
544124,5,680,0,0
544144,5,679,0,0
544164,5,679,0,0
544184,5,679,0,0
544204,5,679,0,0
544224,5,679,0,0
544244,5,679,0,0
544264,5,679,0,0
544284,5,679,0,0
544304,5,679,0,0
544324,5,679,0,0
544344,5,679,0,0
544364,5,679,0,0
544384,5,678,0,0
544404,5,678,0,0
544424,5,678,0,0
544444,5,678,0,0
544464,5,678,0,0
544484,5,678,0,0
544504,5,678,0,0
544524,5,678,0,0
544544,5,678,0,0
544564,5,678,0,0
544584,5,678,0,0
544604,5,678,0,0
544624,5,677,0,0
544644,5,677,0,0
544664,5,677,0,0
544684,5,677,0,0
544704,5,677,0,0
544724,5,676,0,0
544744,5,676,0,0
544764,5,676,0,0
544784,5,676,0,0
544804,5,675,0,0
544824,5,675,0,0
544844,5,675,0,0
544864,5,675,0,0
544884,5,675,0,0
544904,5,674,0,0
544924,5,674,0,0
544944,5,674,0,0
544964,5,674,0,0
544984,5,674,0,0
545004,5,674,0,0
545024,5,674,0,0
545044,5,673,0,0
545064,5,673,0,0
545084,5,673,0,0
545104,5,673,0,0
545124,5,673,0,0
545144,5,673,0,0
545164,5,673,0,0
545184,5,673,0,0
545204,5,673,0,0
545224,5,673,0,0
545244,5,673,0,0
545264,5,672,0,0
545284,5,672,0,0
545304,5,672,0,0
545324,5,672,0,0
545344,5,672,0,0
545364,5,672,0,0
545384,5,672,0,0
545404,5,672,0,0
545424,5,672,0,0
545444,5,672,0,0
545464,5,671,0,0
545484,5,671,0,0
545504,5,671,0,0
545524,5,671,0,0
545544,5,671,0,0
545564,5,671,0,0
545584,5,671,0,0
545604,5,671,0,0
545624,5,671,0,0
545644,5,670,0,0
545664,5,670,0,0
545684,5,670,0,0
545704,5,670,0,0
545724,5,670,0,0
545744,5,670,0,0
545764,5,670,0,0
545784,5,670,0,0
545804,5,670,0,0
545824,5,670,0,0
545844,5,670,0,0
545864,5,670,0,0
545884,5,670,0,0
545904,5,670,0,0
545924,5,670,0,0
545944,5,669,0,0
545964,5,669,0,0
545984,5,669,0,0
546004,5,669,0,0
546024,5,669,0,0
546044,5,669,0,0
546064,5,669,0,0
546084,5,669,0,0
546104,5,669,0,0
546124,5,668,0,0
546144,5,668,0,0
546164,5,668,0,0
546184,5,668,0,0
546204,5,668,0,0
546224,5,668,0,0
546244,5,668,0,0
546264,5,668,0,0
546284,5,668,0,0
546304,5,668,0,0
546324,5,668,0,0
546344,5,667,0,0
546364,5,667,0,0
546384,5,667,0,0
546404,5,667,0,0
546424,5,667,0,0
546444,5,667,0,0
546464,5,667,0,0
546484,5,667,0,0
546504,5,667,0,0
546524,5,666,0,0
546544,5,666,0,0
546564,5,666,0,0
546584,5,666,0,0
546604,5,666,0,0
546624,5,666,0,0
546644,5,666,0,0
546664,5,665,0,0
546684,5,665,0,0
546704,5,665,0,0
546724,5,665,0,0
546744,5,665,0,0
546764,5,665,0,0
546784,5,665,0,0
546804,5,665,0,0
546824,5,665,0,0
546844,5,665,0,0
546864,5,665,0,0
546884,5,664,0,0
546904,5,664,0,0
546924,5,664,0,0
546944,5,664,0,0
546964,5,664,0,0
546984,5,664,0,0
547004,5,664,0,0
547024,5,664,0,0
547044,5,664,0,0
547064,5,664,0,0
547084,5,664,0,0
547104,5,663,0,0
547124,5,663,0,0
547144,5,663,0,0
547164,5,663,0,0
547184,5,663,0,0
547204,5,663,0,0
547224,5,663,0,0
547244,5,663,0,0
547264,5,663,0,0
547284,5,663,0,0
547304,5,663,0,0
547324,5,662,0,0
547344,5,662,0,0
547364,5,662,0,0
547384,5,662,0,0
547404,5,662,0,0
547424,5,662,0,0
547444,5,662,0,0
547464,5,661,0,0
547484,5,661,0,0
547504,5,661,0,0
547524,5,661,0,0
547544,5,661,0,0
547564,5,661,0,0
547584,5,661,0,0
547604,5,661,0,0
547624,5,660,0,0
547644,5,660,0,0
547664,5,660,0,0
547684,5,660,0,0
547704,5,660,0,0
547724,5,660,0,0
547744,5,660,0,0
547764,5,660,0,0
547784,5,659,0,0
547804,5,659,0,0
547824,5,659,0,0
547844,5,659,0,0
547864,5,659,0,0
547884,5,659,0,0
547904,5,659,0,0
547924,5,659,0,0
547944,5,659,0,0
547964,5,659,0,0
547984,5,659,0,0
548004,5,659,0,0
548024,5,659,0,0
548044,5,659,0,0
548064,5,659,0,0
548084,5,658,0,0
548104,5,658,0,0
548124,5,658,0,0
548144,5,658,0,0
548164,5,658,0,0
548184,5,658,0,0
548204,5,658,0,0
548224,5,658,0,0
548244,5,658,0,0
548264,5,658,0,0
548284,5,658,0,0
548304,5,658,0,0
548324,5,658,0,0
548344,5,658,0,0
548364,5,658,0,0
548384,5,657,0,0
548404,5,657,0,0
548424,5,657,0,0
548444,5,657,0,0
548464,5,657,0,0
548484,5,657,0,0
548504,5,657,0,0
548524,5,657,0,0
548544,5,657,0,0
548564,5,657,0,0
548584,5,657,0,0
548604,5,656,0,0
548624,5,656,0,0
548644,5,656,0,0
548664,5,656,0,0
548684,5,656,0,0
548704,5,656,0,0
548724,5,656,0,0
548744,5,656,0,0
548764,5,655,0,0
548784,5,655,0,0
548804,5,655,0,0
548824,5,655,0,0
548844,5,655,0,0
548864,5,655,0,0
548884,5,655,0,0
548904,5,655,0,0
548924,5,654,0,0
548944,5,654,0,0
548964,5,654,0,0
548984,5,654,0,0
549004,5,654,0,0
549024,5,654,0,0
549044,5,654,0,0
549064,5,654,0,0
549084,5,654,0,0
549104,5,654,0,0
549124,5,653,0,0
549144,5,653,0,0
549164,5,653,0,0
549184,5,653,0,0
549204,5,653,0,0
549224,5,653,0,0
549244,5,653,0,0
549264,5,652,0,0
549284,5,652,0,0
549304,5,652,0,0
549324,5,652,0,0
549344,5,652,0,0
549364,5,652,0,0
549384,5,652,0,0
549404,5,652,0,0
549424,5,652,0,0
549444,5,652,0,0
549464,5,652,0,0
549484,5,651,0,0
549504,5,651,0,0
549524,5,651,0,0
549544,5,651,0,0
549564,5,651,0,0
549584,5,651,0,0
549604,5,651,0,0
549624,5,650,0,0
549644,5,650,0,0
549664,5,650,0,0
549684,5,650,0,0
549704,5,650,0,0
549724,5,650,0,0
549744,5,650,0,0
549764,5,650,0,0
549784,5,649,0,0
549804,5,649,0,0
549824,5,649,0,0
549844,5,649,0,0
549864,5,649,0,0
549884,5,649,0,0
549904,5,649,0,0
549924,5,648,0,0
549944,5,648,0,0
549964,5,648,0,0
549984,5,648,0,0
550004,5,648,0,0
550024,5,648,0,0
550044,5,648,0,0
550064,5,648,0,0
550084,5,648,0,0
550104,5,648,0,0
550124,5,648,0,0
550144,5,648,0,0
550164,5,648,0,0
550184,5,647,0,0
550204,5,647,0,0
550224,5,647,0,0
550244,5,647,0,0
550264,5,647,0,0
550284,5,647,0,0
550304,5,647,0,0
550324,5,647,0,0
550344,5,647,0,0
550364,5,647,0,0
550384,5,646,0,0
550404,5,646,0,0
550424,5,646,0,0
550444,5,646,0,0
550464,5,646,0,0
550484,5,646,0,0
550504,5,646,0,0
550524,5,646,0,0
550544,5,645,0,0
550564,5,645,0,0
550584,5,645,0,0
550604,5,645,0,0
550624,5,645,0,0
550644,5,645,0,0
550664,5,645,0,0
550684,5,644,0,0
550704,5,644,0,0
550724,5,644,0,0
550744,5,644,0,0
550764,5,644,0,0
550784,5,644,0,0
550804,5,644,0,0
550824,5,643,0,0
550844,5,643,0,0
550864,5,643,0,0
550884,5,643,0,0
550904,5,643,0,0
550924,5,643,0,0
550944,5,643,0,0
550964,5,643,0,0
550984,5,643,0,0
551004,5,642,0,0
551024,5,643,0,0
551044,5,642,0,0
551064,5,642,0,0
551084,5,642,0,0
551104,5,642,0,0
551124,5,642,0,0
551144,5,642,0,0
551164,5,642,0,0
551184,5,642,0,0
551204,5,642,0,0
551224,5,642,0,0
551244,5,642,0,0
551264,5,642,0,0
551284,5,642,0,0
551304,5,641,0,0
551324,5,641,0,0
551344,5,641,0,0
551364,5,641,0,0
551384,5,641,0,0
551404,5,641,0,0
551424,5,641,0,0
551444,5,641,0,0
551464,5,641,0,0
551484,5,641,0,0
551504,5,641,0,0
551524,5,641,0,0
551544,5,640,0,0
551564,5,640,0,0
551584,5,640,0,0
551604,5,640,0,0
551624,5,640,0,0
551644,5,640,0,0
551664,5,640,0,0
551684,5,640,0,0
551704,5,640,0,0
551724,5,640,0,0
551744,5,640,0,0
551764,5,639,0,0
551784,5,639,0,0
551804,5,639,0,0
551824,5,639,0,0
551844,5,639,0,0
551864,5,639,0,0
551884,5,639,0,0
551904,5,639,0,0
551924,5,638,0,0
551944,5,638,0,0
551964,5,638,0,0
551984,5,638,0,0
552004,5,638,0,0
552024,5,638,0,0
552044,5,638,0,0
552064,5,638,0,0
552084,5,638,0,0
552104,5,638,0,0
552124,5,637,0,0
552144,5,637,0,0
552164,5,637,0,0
552184,5,637,0,0
552204,5,637,0,0
552224,5,637,0,0
552244,5,637,0,0
552264,5,637,0,0
552284,5,637,0,0
552304,5,637,0,0
552324,5,637,0,0
552344,5,637,0,0
552364,5,637,0,0
552384,5,637,0,0
552404,5,637,0,0
552424,5,637,0,0
552444,5,637,0,0
552464,5,637,0,0
552484,5,636,0,0
552504,5,636,0,0
552524,5,636,0,0
552544,5,636,0,0
552564,5,636,0,0
552584,5,636,0,0
552604,5,636,0,0
552624,5,636,0,0
552644,5,636,0,0
552664,5,636,0,0
552684,5,635,0,0
552704,5,635,0,0
552724,5,635,0,0
552744,5,635,0,0
552764,5,635,0,0
552784,5,635,0,0
552804,5,634,0,0
552824,5,634,0,0
552844,5,634,0,0
552864,5,634,0,0
552884,5,634,0,0
552904,5,634,0,0
552924,5,634,0,0
552944,5,634,0,0
552964,5,634,0,0
552984,5,633,0,0
553004,5,633,0,0
553024,5,633,0,0
553044,5,633,0,0
553064,5,633,0,0
553084,5,633,0,0
553104,5,632,0,0
553124,5,632,0,0
553144,5,632,0,0
553164,5,632,0,0
553184,5,632,0,0
553204,5,632,0,0
553224,5,632,0,0
553244,5,631,0,0
553264,5,631,0,0
553284,5,631,0,0
553304,5,631,0,0
553324,5,631,0,0
553344,5,631,0,0
553364,5,631,0,0
553384,5,631,0,0
553404,5,631,0,0
553424,5,630,0,0
553444,5,630,0,0
553464,5,630,0,0
553484,5,630,0,0
553504,5,630,0,0
553524,5,630,0,0
553544,5,630,0,0
553564,5,630,0,0
553584,5,630,0,0
553604,5,629,0,0
553624,5,629,0,0
553644,5,629,0,0
553664,5,629,0,0
553684,5,629,0,0
553704,5,629,0,0
553724,5,629,0,0
553744,5,629,0,0
553764,5,629,0,0
553784,5,629,0,0
553804,5,628,0,0
553824,5,628,0,0
553844,5,628,0,0
553864,5,628,0,0
553884,5,628,0,0
553904,5,628,0,0
553924,5,628,0,0
553944,5,628,0,0
553964,5,628,0,0
553984,5,628,0,0
554004,5,628,0,0
554024,5,628,0,0
554044,5,628,0,0
554064,5,627,0,0
554084,5,627,0,0
554104,5,627,0,0
554124,5,627,0,0
554144,5,627,0,0
554164,5,627,0,0
554184,5,627,0,0
554204,5,627,0,0
554224,5,626,0,0
554244,5,626,0,0
554264,5,626,0,0
554284,5,626,0,0
554304,5,626,0,0
554324,5,626,0,0
554344,5,626,0,0
554364,5,626,0,0
554384,5,626,0,0
554404,5,626,0,0
554424,5,625,0,0
554444,5,625,0,0
554464,5,625,0,0
554484,5,625,0,0
554504,5,625,0,0
554524,5,625,0,0
554544,5,625,0,0
554564,5,625,0,0
554584,5,625,0,0
554604,5,625,0,0
554624,5,624,0,0
554644,5,624,0,0
554664,5,624,0,0
554684,5,624,0,0
554704,5,624,0,0
554724,5,624,0,0
554744,5,624,0,0
554764,5,624,0,0
554784,5,624,0,0
554804,5,624,0,0
554824,5,624,0,0
554844,5,624,0,0
554864,5,624,0,0
554884,5,624,0,0
554904,5,624,0,0
554924,5,624,0,0
554944,5,624,0,0
554964,5,624,0,0
554984,5,624,0,0
555004,5,624,0,0
555024,5,624,0,0
555044,5,624,0,0
555064,5,624,0,0
555084,5,624,0,0
555104,5,624,0,0
555124,5,624,0,0
555144,5,623,0,0
555164,5,623,0,0
555184,5,623,0,0
555204,5,623,0,0
555224,5,623,0,0
555244,5,623,0,0
555264,5,623,0,0
555284,5,623,0,0
555304,5,623,0,0
555324,5,623,0,0
555344,5,623,0,0
555364,5,623,0,0
555384,5,623,0,0
555404,5,623,0,0
555424,5,622,0,0
555444,5,622,0,0
555464,5,622,0,0
555484,5,622,0,0
555504,5,622,0,0
555524,5,622,0,0
555544,5,622,0,0
555564,5,622,0,0
555584,5,621,0,0
555604,5,621,0,0
555624,5,621,0,0
555644,5,621,0,0
555664,5,621,0,0
555684,5,621,0,0
555704,5,621,0,0
555724,5,620,0,0
555744,5,620,0,0
555764,5,620,0,0
555784,5,620,0,0
555804,5,620,0,0
555824,5,620,0,0
555844,5,619,0,0
555864,5,619,0,0
555884,5,619,0,0
555904,5,619,0,0
555924,5,619,0,0
555944,5,619,0,0
555964,5,618,0,0
555984,5,618,0,0
556004,5,618,0,0
556024,5,618,0,0
556044,5,618,0,0
556064,5,618,0,0
556084,5,618,0,0
556104,5,617,0,0
556124,5,617,0,0
556144,5,617,0,0
556164,5,617,0,0
556184,5,617,0,0
556204,5,617,0,0
556224,5,616,0,0
556244,5,616,0,0
556264,5,616,0,0
556284,5,616,0,0
556304,5,616,0,0
556324,5,616,0,0
556344,5,615,0,0
556364,5,615,0,0
556384,5,615,0,0
556404,5,615,0,0
556424,5,615,0,0
556444,5,615,0,0
556464,5,615,0,0
556484,5,615,0,0
556504,5,615,0,0
556524,5,615,0,0
556544,5,615,0,0
556564,5,615,0,0
556584,5,614,0,0
556604,5,614,0,0
556624,5,614,0,0
556644,5,614,0,0
556664,5,614,0,0
556684,5,614,0,0
556704,5,614,0,0
556724,5,614,0,0
556744,5,614,0,0
556764,5,614,0,0
556784,5,613,0,0
556804,5,613,0,0
556824,5,613,0,0
556844,5,613,0,0
556864,5,613,0,0
556884,5,613,0,0
556904,5,613,0,0
556924,5,613,0,0
556944,5,613,0,0
556964,5,613,0,0
556984,5,612,0,0
557004,5,612,0,0
557024,5,612,0,0
557044,5,612,0,0
557064,5,612,0,0
557084,5,612,0,0
557104,5,612,0,0
557124,5,611,0,0
557144,5,611,0,0
557164,5,611,0,0
557184,5,611,0,0
557204,5,611,0,0
557224,5,611,0,0
557244,5,611,0,0
557264,5,611,0,0
557284,5,611,0,0
557304,5,610,0,0
557324,5,610,0,0
557344,5,610,0,0
557364,5,610,0,0
557384,5,610,0,0
557404,5,610,0,0
557424,5,610,0,0
557444,5,610,0,0
557464,5,610,0,0
557484,5,610,0,0
557504,5,610,0,0
557524,5,610,0,0
557544,5,609,0,0
557564,5,609,0,0
557584,5,609,0,0
557604,5,609,0,0
557624,5,609,0,0
557644,5,609,0,0
557664,5,609,0,0
557684,5,609,0,0
557704,5,609,0,0
557724,5,609,0,0
557744,5,609,0,0
557764,5,609,0,0
557784,5,608,0,0
557804,5,608,0,0
557824,5,608,0,0
557844,5,608,0,0
557864,5,608,0,0
557884,5,608,0,0
557904,5,608,0,0
557924,5,608,0,0
557944,5,608,0,0
557964,5,608,0,0
557984,5,608,0,0
558004,5,607,0,0
558024,5,607,0,0
558044,5,607,0,0
558064,5,607,0,0
558084,5,607,0,0
558104,5,607,0,0
558124,5,607,0,0
558144,5,607,0,0
558164,5,606,0,0
558184,5,606,0,0
558204,5,606,0,0
558224,5,606,0,0
558244,5,606,0,0
558264,5,606,0,0
558284,5,606,0,0
558304,5,606,0,0
558324,5,605,0,0
558344,5,605,0,0
558364,5,605,0,0
558384,5,605,0,0
558404,5,605,0,0
558424,5,605,0,0
558444,5,605,0,0
558464,5,605,0,0
558484,5,605,0,0
558504,5,605,0,0
558524,5,605,0,0
558544,5,605,0,0
558564,5,605,0,0
558584,5,605,0,0
558604,5,605,0,0
558624,5,604,0,0
558644,5,604,0,0
558664,5,604,0,0
558684,5,604,0,0
558704,5,604,0,0
558724,5,604,0,0
558744,5,604,0,0
558764,5,604,0,0
558784,5,604,0,0
558804,5,603,0,0
558824,5,603,0,0
558844,5,603,0,0
558864,5,603,0,0
558884,5,603,0,0
558904,5,603,0,0
558924,5,603,0,0
558944,5,603,0,0
558964,5,602,0,0
558984,5,602,0,0
559004,5,602,0,0
559024,5,602,0,0
559044,5,602,0,0
559064,5,602,0,0
559084,5,602,0,0
559104,5,602,0,0
559124,5,602,0,0
559144,5,601,0,0
559164,5,601,0,0
559184,5,601,0,0
559204,5,601,0,0
559224,5,601,0,0
559244,5,601,0,0
559264,5,601,0,0
559284,5,601,0,0
559304,5,601,0,0
559324,5,601,0,0
559344,5,601,0,0
559364,5,601,0,0
559384,5,601,0,0
559404,5,600,0,0
559424,5,600,0,0
559444,5,600,0,0
559464,5,600,0,0
559484,5,600,0,0
559504,5,600,0,0
559524,5,600,0,0
559544,5,600,0,0
559564,5,600,0,0
559584,5,600,0,0
559604,5,600,0,0
559624,5,600,0,0
559644,5,600,0,0
559664,5,600,0,0
559684,5,599,0,0
559704,5,599,0,0
559724,5,599,0,0
559744,5,599,0,0
559764,5,599,0,0
559784,5,599,0,0
559804,5,598,0,0
559824,5,598,0,0
559844,5,598,0,0
559864,5,598,0,0
559884,5,598,0,0
559904,5,598,0,0
559924,5,598,0,0
559944,5,598,0,0
559964,5,598,0,0
559984,5,597,0,0
560004,5,597,0,0
560024,5,597,0,0
560044,5,597,0,0
560064,5,597,0,0
560084,5,597,0,0
560104,5,597,0,0
560124,5,597,0,0
560144,5,597,0,0
560164,5,597,0,0
560184,5,596,0,0
560204,5,596,0,0
560224,5,596,0,0
560244,5,596,0,0
560264,5,596,0,0
560284,5,596,0,0
560304,5,596,0,0
560324,5,596,0,0
560344,5,595,0,0
560364,5,595,0,0
560384,5,595,0,0
560404,5,595,0,0
560424,5,595,0,0
560444,5,595,0,0
560464,5,595,0,0
560484,5,595,0,0
560504,5,595,0,0
560524,5,595,0,0
560544,5,595,0,0
560564,5,594,0,0
560584,5,594,0,0
560604,5,594,0,0
560624,5,594,0,0
560644,5,594,0,0
560664,5,594,0,0
560684,5,594,0,0
560704,5,594,0,0
560724,5,594,0,0
560744,5,594,0,0
560764,5,594,0,0
560784,5,593,0,0
560804,5,593,0,0
560824,5,593,0,0
560844,5,593,0,0
560864,5,593,0,0
560884,5,593,0,0
560904,5,593,0,0
560924,5,593,0,0
560944,5,593,0,0
560964,5,592,0,0
560984,5,592,0,0
561004,5,592,0,0
561024,5,592,0,0
561044,5,592,0,0
561064,5,592,0,0
561084,5,592,0,0
561104,5,592,0,0
561124,5,592,0,0
561144,5,591,0,0
561164,5,591,0,0
561184,5,591,0,0
561204,5,591,0,0
561224,5,591,0,0
561244,5,591,0,0
561264,5,591,0,0
561284,5,590,0,0
561304,5,590,0,0
561324,5,590,0,0
561344,5,590,0,0
561364,5,590,0,0
561384,5,590,0,0
561404,5,590,0,0
561424,5,590,0,0
561444,5,590,0,0
561464,5,590,0,0
561484,5,590,0,0
561504,5,590,0,0
561524,5,589,0,0
561544,5,589,0,0
561564,5,589,0,0
561584,5,589,0,0
561604,5,589,0,0
561624,5,589,0,0
561644,5,589,0,0
561664,5,589,0,0
561684,5,589,0,0
561704,5,589,0,0
561724,5,588,0,0
561744,5,588,0,0
561764,5,588,0,0
561784,5,588,0,0
561804,5,588,0,0
561824,5,588,0,0
561844,5,588,0,0
561864,5,588,0,0
561884,5,588,0,0
561904,5,588,0,0
561924,5,588,0,0
561944,5,588,0,0
561964,5,588,0,0
561984,5,588,0,0
562004,5,588,0,0
562024,5,588,0,0
562044,5,588,0,0
562064,5,588,0,0
562084,5,588,0,0
562104,5,588,0,0
562124,5,587,0,0
562144,5,587,0,0
562164,5,587,0,0
562184,5,587,0,0
562204,5,587,0,0
562224,5,587,0,0
562244,5,586,0,0
562264,5,586,0,0
562284,5,586,0,0
562304,5,586,0,0
562324,5,586,0,0
562344,5,586,0,0
562364,5,586,0,0
562384,5,586,0,0
562404,5,586,0,0
562424,5,586,0,0
562444,5,585,0,0
562464,5,585,0,0
562484,5,585,0,0
562504,5,585,0,0
562524,5,585,0,0
562544,5,585,0,0
562564,5,585,0,0
562584,5,585,0,0
562604,5,585,0,0
562624,5,584,0,0
562644,5,584,0,0
562664,5,584,0,0
562684,5,584,0,0
562704,5,584,0,0
562724,5,584,0,0
562744,5,584,0,0
562764,5,584,0,0
562784,5,584,0,0
562804,5,584,0,0
562824,5,584,0,0
562844,5,584,0,0
562864,5,584,0,0
562884,5,583,0,0
562904,5,583,0,0
562924,5,583,0,0
562944,5,583,0,0
562964,5,583,0,0
562984,5,583,0,0
563004,5,583,0,0
563024,5,583,0,0
563044,5,583,0,0
563064,5,583,0,0
563084,5,583,0,0
563104,5,583,0,0
563124,5,583,0,0
563144,5,582,0,0
563164,5,582,0,0
563184,5,582,0,0
563204,5,582,0,0
563224,5,582,0,0
563244,5,582,0,0
563264,5,581,0,0
563284,5,581,0,0
563304,5,581,0,0
563324,5,581,0,0
563344,5,581,0,0
563364,5,581,0,0
563384,5,581,0,0
563404,5,580,0,0
563424,5,580,0,0
563444,5,580,0,0
563464,5,580,0,0
563484,5,580,0,0
563504,5,580,0,0
563524,5,580,0,0
563544,5,579,0,0
563564,5,579,0,0
563584,5,579,0,0
563604,5,579,0,0
563624,5,579,0,0
563644,5,579,0,0
563664,5,579,0,0
563684,5,579,0,0
563704,5,579,0,0
563724,5,579,0,0
563744,5,578,0,0
563764,5,578,0,0
563784,5,578,0,0
563804,5,578,0,0
563824,5,578,0,0
563844,5,578,0,0
563864,5,578,0,0
563884,5,578,0,0
563904,5,577,0,0
563924,5,577,0,0
563944,5,577,0,0
563964,5,577,0,0
563984,5,577,0,0
564004,5,577,0,0
564024,5,577,0,0
564044,5,577,0,0
564064,5,577,0,0
564084,5,577,0,0
564104,5,577,0,0
564124,5,577,0,0
564144,5,577,0,0
564164,5,577,0,0
564184,5,577,0,0
564204,5,577,0,0
564224,5,577,0,0
564244,5,577,0,0
564264,5,577,0,0
564284,5,577,0,0
564304,5,577,0,0
564324,5,576,0,0
564344,5,576,0,0
564364,5,576,0,0
564384,5,576,0,0
564404,5,576,0,0
564424,5,576,0,0
564444,5,576,0,0
564464,5,576,0,0
564484,5,576,0,0
564504,5,576,0,0
564524,5,576,0,0
564544,5,576,0,0
564564,5,576,0,0
564584,5,576,0,0
564604,5,576,0,0
564624,5,575,0,0
564644,5,575,0,0
564664,5,575,0,0
564684,5,575,0,0
564704,5,575,0,0
564724,5,575,0,0
564744,5,575,0,0
564764,5,574,0,0
564784,5,574,0,0
564804,5,574,0,0
564824,5,574,0,0
564844,5,574,0,0
564864,5,574,0,0
564884,5,573,0,0
564904,5,573,0,0
564924,5,573,0,0
564944,5,573,0,0
564964,5,573,0,0
564984,5,573,0,0
565004,5,572,0,0
565024,5,572,0,0
565044,5,572,0,0
565064,5,572,0,0
565084,5,572,0,0
565104,5,572,0,0
565124,5,572,0,0
565144,5,572,0,0
565164,5,572,0,0
565184,5,572,0,0
565204,5,571,0,0
565224,5,571,0,0
565244,5,571,0,0
565264,5,571,0,0
565284,5,571,0,0
565304,5,571,0,0
565324,5,571,0,0
565344,5,571,0,0
565364,5,571,0,0
565384,5,571,0,0
565404,5,571,0,0
565424,5,571,0,0
565444,5,570,0,0
565464,5,570,0,0
565484,5,570,0,0
565504,5,570,0,0
565524,5,570,0,0
565544,5,570,0,0
565564,5,570,0,0
565584,5,570,0,0
565604,5,570,0,0
565624,5,570,0,0
565644,5,570,0,0
565664,5,570,0,0
565684,5,569,0,0
565704,5,569,0,0
565724,5,569,0,0
565744,5,569,0,0
565764,5,569,0,0
565784,5,569,0,0
565804,5,569,0,0
565824,5,569,0,0
565844,5,569,0,0
565864,5,568,0,0
565884,5,568,0,0
565904,5,568,0,0
565924,5,568,0,0
565944,5,568,0,0
565964,5,568,0,0
565984,5,568,0,0
566004,5,567,0,0
566024,5,567,0,0
566044,5,567,0,0
566064,5,567,0,0
566084,5,567,0,0
566104,5,567,0,0
566124,5,566,0,0
566144,5,566,0,0
566164,5,566,0,0
566184,5,566,0,0
566204,5,566,0,0
566224,5,566,0,0
566244,5,566,0,0
566264,5,566,0,0
566284,5,565,0,0
566304,5,565,0,0
566324,5,565,0,0
566344,5,565,0,0
566364,5,565,0,0
566384,5,565,0,0
566404,5,565,0,0
566424,5,565,0,0
566444,5,565,0,0
566464,5,565,0,0
566484,5,565,0,0
566504,5,565,0,0
566524,5,565,0,0
566544,5,565,0,0
566564,5,565,0,0
566584,5,564,0,0
566604,5,564,0,0
566624,5,564,0,0
566644,5,564,0,0
566664,5,564,0,0
566684,5,564,0,0
566704,5,564,0,0
566724,5,564,0,0
566744,5,564,0,0
566764,5,564,0,0
566784,5,563,0,0
566804,5,564,0,0
566824,5,563,0,0
566844,5,563,0,0
566864,5,563,0,0
566884,5,563,0,0
566904,5,563,0,0
566924,5,563,0,0
566944,5,563,0,0
566964,5,563,0,0
566984,5,563,0,0
567004,5,562,0,0
567024,5,562,0,0
567044,5,562,0,0
567064,5,562,0,0
567084,5,562,0,0
567104,5,562,0,0
567124,5,562,0,0
567144,5,561,0,0
567164,5,561,0,0
567184,5,561,0,0
567204,5,561,0,0
567224,5,561,0,0
567244,5,561,0,0
567264,5,561,0,0
567284,5,561,0,0
567304,5,560,0,0
567324,5,560,0,0
567344,5,560,0,0
567364,5,560,0,0
567384,5,560,0,0
567404,5,560,0,0
567424,5,560,0,0
567444,5,560,0,0
567464,5,560,0,0
567484,5,560,0,0
567504,5,560,0,0
567524,5,560,0,0
567544,5,560,0,0
567564,5,559,0,0
567584,5,559,0,0
567604,5,559,0,0
567624,5,559,0,0
567644,5,559,0,0
567664,5,559,0,0
567684,5,559,0,0
567704,5,558,0,0
567724,5,558,0,0
567744,5,558,0,0
567764,5,558,0,0
567784,5,558,0,0
567804,5,558,0,0
567824,5,558,0,0
567844,5,558,0,0
567864,5,558,0,0
567884,5,558,0,0
567904,5,558,0,0
567924,5,558,0,0
567944,5,558,0,0
567964,5,557,0,0
567984,5,557,0,0
568004,5,557,0,0
568024,5,557,0,0
568044,5,557,0,0
568064,5,557,0,0
568084,5,557,0,0
568104,5,557,0,0
568124,5,557,0,0
568144,5,557,0,0
568164,5,557,0,0
568184,5,557,0,0
568204,5,557,0,0
568224,5,557,0,0
568244,5,557,0,0
568264,5,556,0,0
568284,5,556,0,0
568304,5,556,0,0
568324,5,556,0,0
568344,5,556,0,0
568364,5,556,0,0
568384,5,556,0,0
568404,5,556,0,0
568424,5,556,0,0
568444,5,556,0,0
568464,5,556,0,0
568484,5,556,0,0
568504,5,555,0,0
568524,5,555,0,0
568544,5,555,0,0
568564,5,555,0,0
568584,5,555,0,0
568604,5,555,0,0
568624,5,554,0,0
568644,5,554,0,0
568664,5,554,0,0
568684,5,554,0,0
568704,5,554,0,0
568724,5,554,0,0
568744,5,554,0,0
568764,5,553,0,0
568784,5,553,0,0
568804,5,553,0,0
568824,5,553,0,0
568844,5,553,0,0
568864,5,553,0,0
568884,5,553,0,0
568904,5,553,0,0
568924,5,553,0,0
568944,5,553,0,0
568964,5,552,0,0
568984,5,552,0,0
569004,5,552,0,0
569024,5,552,0,0
569044,5,552,0,0
569064,5,552,0,0
569084,5,552,0,0
569104,5,552,0,0
569124,5,552,0,0
569144,5,552,0,0
569164,5,551,0,0
569184,5,551,0,0
569204,5,551,0,0
569224,5,551,0,0
569244,5,551,0,0
569264,5,551,0,0
569284,5,551,0,0
569304,5,550,0,0
569324,5,550,0,0
569344,5,550,0,0
569364,5,550,0,0
569384,5,550,0,0
569404,5,550,0,0
569424,5,550,0,0
569444,5,550,0,0
569464,5,550,0,0
569484,5,550,0,0
569504,5,550,0,0
569524,5,550,0,0
569544,5,550,0,0
569564,5,550,0,0
569584,5,549,0,0
569604,5,549,0,0
569624,5,549,0,0
569644,5,549,0,0
569664,5,549,0,0
569684,5,549,0,0
569704,5,549,0,0
569724,5,549,0,0
569744,5,549,0,0
569764,5,549,0,0
569784,5,549,0,0
569804,5,548,0,0
569824,5,548,0,0
569844,5,548,0,0
569864,5,548,0,0
569884,5,548,0,0
569904,5,548,0,0
569924,5,548,0,0
569944,5,548,0,0
569964,5,548,0,0
569984,5,547,0,0
570004,5,547,0,0
570024,5,547,0,0
570044,5,547,0,0
570064,5,547,0,0
570084,5,547,0,0
570104,5,547,0,0
570124,5,547,0,0
570144,5,546,0,0
570164,5,546,0,0
570184,5,546,0,0
570204,5,546,0,0
570224,5,546,0,0
570244,5,546,0,0
570264,5,546,0,0
570284,5,546,0,0
570304,5,546,0,0
570324,5,546,0,0
570344,5,545,0,0
570364,5,545,0,0
570384,5,545,0,0
570404,5,545,0,0
570424,5,545,0,0
570444,5,545,0,0
570464,5,545,0,0
570484,5,545,0,0
570504,5,545,0,0
570524,5,545,0,0
570544,5,545,0,0
570564,5,545,0,0
570584,5,544,0,0
570604,5,544,0,0
570624,5,544,0,0
570644,5,544,0,0
570664,5,544,0,0
570684,5,544,0,0
570704,5,544,0,0
570724,5,544,0,0
570744,5,544,0,0
570764,5,543,0,0
570784,5,543,0,0
570804,5,543,0,0
570824,5,543,0,0
570844,5,543,0,0
570864,5,543,0,0
570884,5,542,0,0
570904,5,542,0,0
570924,5,542,0,0
570944,5,542,0,0
570964,5,542,0,0
570984,5,542,0,0
571004,5,542,0,0
571024,5,542,0,0
571044,5,541,0,0
571064,5,541,0,0
571084,5,541,0,0
571104,5,541,0,0
571124,5,541,0,0
571144,5,541,0,0
571164,5,541,0,0
571184,5,541,0,0
571204,5,541,0,0
571224,5,541,0,0
571244,5,541,0,0
571264,5,541,0,0
571284,5,540,0,0
571304,5,540,0,0
571324,5,540,0,0
571344,5,540,0,0
571364,5,540,0,0
571384,5,540,0,0
571404,5,540,0,0
571424,5,540,0,0
571444,5,540,0,0
571464,5,540,0,0
571484,5,540,0,0
571504,5,540,0,0
571524,5,540,0,0
571544,5,540,0,0
571564,5,540,0,0
571584,5,540,0,0
571604,5,540,0,0
571624,5,540,0,0
571644,5,540,0,0
571664,5,540,0,0
571684,5,539,0,0
571704,5,539,0,0
571724,5,539,0,0
571744,5,539,0,0
571764,5,539,0,0
571784,5,539,0,0
571804,5,539,0,0
571824,5,539,0,0
571844,5,539,0,0
571864,5,539,0,0
571884,5,539,0,0
571904,5,538,0,0
571924,5,538,0,0
571944,5,538,0,0
571964,5,538,0,0
571984,5,538,0,0
572004,5,538,0,0
572024,5,538,0,0
572044,5,538,0,0
572064,5,538,0,0
572084,5,537,0,0
572104,5,537,0,0
572124,5,537,0,0
572144,5,537,0,0
572164,5,537,0,0
572184,5,537,0,0
572204,5,537,0,0
572224,5,537,0,0
572244,5,536,0,0
572264,5,536,0,0
572284,5,536,0,0
572304,5,536,0,0
572324,5,536,0,0
572344,5,536,0,0
572364,5,536,0,0
572384,5,536,0,0
572404,5,536,0,0
572424,5,535,0,0
572444,5,535,0,0
572464,5,535,0,0
572484,5,535,0,0
572504,5,535,0,0
572524,5,535,0,0
572544,5,535,0,0
572564,5,535,0,0
572584,5,535,0,0
572604,5,534,0,0
572624,5,534,0,0
572644,5,534,0,0
572664,5,534,0,0
572684,5,534,0,0
572704,5,534,0,0
572724,5,534,0,0
572744,5,534,0,0
572764,5,534,0,0
572784,5,533,0,0
572804,5,533,0,0
572824,5,533,0,0
572844,5,533,0,0
572864,5,533,0,0
572884,5,533,0,0
572904,5,533,0,0
572924,5,533,0,0
572944,5,533,0,0
572964,5,533,0,0
572984,5,533,0,0
573004,5,532,0,0
573024,5,532,0,0
573044,5,532,0,0
573064,5,532,0,0
573084,5,532,0,0
573104,5,532,0,0
573124,5,532,0,0
573144,5,532,0,0
573164,5,532,0,0
573184,5,532,0,0
573204,5,532,0,0
573224,5,531,0,0
573244,5,531,0,0
573264,5,531,0,0
573284,5,531,0,0
573304,5,531,0,0
573324,5,531,0,0
573344,5,531,0,0
573364,5,531,0,0
573384,5,531,0,0
573404,5,531,0,0
573424,5,531,0,0
573444,5,530,0,0
573464,5,530,0,0
573484,5,530,0,0
573504,5,530,0,0
573524,5,530,0,0
573544,5,530,0,0
573564,5,530,0,0
573584,5,530,0,0
573604,5,530,0,0
573624,5,530,0,0
573644,5,530,0,0
573664,5,530,0,0
573684,5,529,0,0
573704,5,529,0,0
573724,5,529,0,0
573744,5,529,0,0
573764,5,529,0,0
573784,5,529,0,0
573804,5,529,0,0
573824,5,529,0,0
573844,5,529,0,0
573864,5,529,0,0
573884,5,529,0,0
573904,5,529,0,0
573924,5,528,0,0
573944,5,528,0,0
573964,5,528,0,0
573984,5,528,0,0
574004,5,528,0,0
574024,5,528,0,0
574044,5,528,0,0
574064,5,527,0,0
574084,5,527,0,0
574104,5,527,0,0
574124,5,527,0,0
574144,5,527,0,0
574164,5,527,0,0
574184,5,527,0,0
574204,5,527,0,0
574224,5,527,0,0
574244,5,527,0,0
574264,5,527,0,0
574284,5,527,0,0
574304,5,527,0,0
574324,5,526,0,0
574344,5,526,0,0
574364,5,526,0,0
574384,5,526,0,0
574404,5,526,0,0
574424,5,526,0,0
574444,5,526,0,0
574464,5,526,0,0
574484,5,526,0,0
574504,5,526,0,0
574524,5,525,0,0
574544,5,525,0,0
574564,5,525,0,0
574584,5,525,0,0
574604,5,525,0,0
574624,5,525,0,0
574644,5,525,0,0
574664,5,525,0,0
574684,5,525,0,0
574704,5,524,0,0
574724,5,524,0,0
574744,5,524,0,0
574764,5,524,0,0
574784,5,524,0,0
574804,5,524,0,0
574824,5,524,0,0
574844,5,523,0,0
574864,5,523,0,0
574884,5,523,0,0
574904,5,523,0,0
574924,5,523,0,0
574944,5,523,0,0
574964,5,523,0,0
574984,5,523,0,0
575004,5,523,0,0
575024,5,523,0,0
575044,5,523,0,0
575064,5,522,0,0
575084,5,522,0,0
575104,5,522,0,0
575124,5,522,0,0
575144,5,522,0,0
575164,5,522,0,0
575184,5,522,0,0
575204,5,522,0,0
575224,5,522,0,0
575244,5,522,0,0
575264,5,521,0,0
575284,5,521,0,0
575304,5,521,0,0
575324,5,521,0,0
575344,5,521,0,0
575364,5,521,0,0
575384,5,521,0,0
575404,5,521,0,0
575424,5,521,0,0
575444,5,520,0,0
575464,5,520,0,0
575484,5,520,0,0
575504,5,520,0,0
575524,5,520,0,0
575544,5,520,0,0
575564,5,520,0,0
575584,5,520,0,0
575604,5,520,0,0
575624,5,520,0,0
575644,5,520,0,0
575664,5,520,0,0
575684,5,519,0,0
575704,5,519,0,0
575724,5,519,0,0
575744,5,519,0,0
575764,5,519,0,0
575784,5,519,0,0
575804,5,519,0,0
575824,5,519,0,0
575844,5,518,0,0
575864,5,518,0,0
575884,5,518,0,0
575904,5,518,0,0
575924,5,518,0,0
575944,5,518,0,0
575964,5,518,0,0
575984,5,518,0,0
576004,5,518,0,0
576024,5,518,0,0
576044,5,518,0,0
576064,5,517,0,0
576084,5,517,0,0
576104,5,517,0,0
576124,5,517,0,0
576144,5,517,0,0
576164,5,517,0,0
576184,5,517,0,0
576204,5,517,0,0
576224,5,517,0,0
576244,5,517,0,0
576264,5,517,0,0
576284,5,517,0,0
576304,5,516,0,0
576324,5,516,0,0
576344,5,516,0,0
576364,5,516,0,0
576384,5,516,0,0
576404,5,516,0,0
576424,5,516,0,0
576444,5,516,0,0
576464,5,516,0,0
576484,5,516,0,0
576504,5,515,0,0
576524,5,515,0,0
576544,5,515,0,0
576564,5,515,0,0
576584,5,515,0,0
576604,5,515,0,0
576624,5,515,0,0
576644,5,515,0,0
576664,5,515,0,0
576684,5,514,0,0
576704,5,514,0,0
576724,5,514,0,0
576744,5,514,0,0
576764,5,514,0,0
576784,5,514,0,0
576804,5,514,0,0
576824,5,514,0,0
576844,5,514,0,0
576864,5,514,0,0
576884,5,514,0,0
576904,5,514,0,0
576924,5,514,0,0
576944,5,513,0,0
576964,5,513,0,0
576984,5,513,0,0
577004,5,513,0,0
577024,5,513,0,0
577044,5,513,0,0
577064,5,513,0,0
577084,5,513,0,0
577104,5,513,0,0
577124,5,513,0,0
577144,5,513,0,0
577164,5,512,0,0
577184,5,512,0,0
577204,5,512,0,0
577224,5,512,0,0
577244,5,512,0,0
577264,5,512,0,0
577284,5,512,0,0
577304,5,512,0,0
577324,5,512,0,0
577344,5,512,0,0
577364,5,512,0,0
577384,5,512,0,0
577404,5,512,0,0
577424,5,512,0,0
577444,5,512,0,0
577464,5,512,0,0
577484,5,511,0,0
577504,5,511,0,0
577524,5,511,0,0
577544,5,511,0,0
577564,5,511,0,0
577584,5,511,0,0
577604,5,510,0,0
577624,5,510,0,0
577644,5,510,0,0
577664,5,510,0,0
577684,5,510,0,0
577704,5,510,0,0
577724,5,510,0,0
577744,5,509,0,0
577764,5,509,0,0
577784,5,509,0,0
577804,5,509,0,0
577824,5,509,0,0
577844,5,509,0,0
577864,5,509,0,0
577884,5,509,0,0
577904,5,509,0,0
577924,5,509,0,0
577944,5,509,0,0
577964,5,508,0,0
577984,5,508,0,0
578004,5,508,0,0
578024,5,508,0,0
578044,5,508,0,0
578064,5,508,0,0
578084,5,508,0,0
578104,5,508,0,0
578124,5,508,0,0
578144,5,508,0,0
578164,5,508,0,0
578184,5,507,0,0
578204,5,507,0,0
578224,5,507,0,0
578244,5,507,0,0
578264,5,507,0,0
578284,5,507,0,0
578304,5,507,0,0
578324,5,507,0,0
578344,5,507,0,0
578364,5,507,0,0
578384,5,507,0,0
578404,5,507,0,0
578424,5,506,0,0
578444,5,506,0,0
578464,5,506,0,0
578484,5,506,0,0
578504,5,506,0,0
578524,5,506,0,0
578544,5,506,0,0
578564,5,506,0,0
578584,5,505,0,0
578604,5,505,0,0
578624,5,505,0,0
578644,5,505,0,0
578664,5,505,0,0
578684,5,505,0,0
578704,5,505,0,0
578724,5,505,0,0
578744,5,505,0,0
578764,5,505,0,0
578784,5,505,0,0
578804,5,504,0,0
578824,5,504,0,0
578844,5,504,0,0
578864,5,504,0,0
578884,5,504,0,0
578904,5,504,0,0
578924,5,504,0,0
578944,5,504,0,0
578964,5,504,0,0
578984,5,504,0,0
579004,5,503,0,0
579024,5,503,0,0
579044,5,503,0,0
579064,5,503,0,0
579084,5,503,0,0
579104,5,503,0,0
579124,5,503,0,0
579144,5,503,0,0
579164,5,503,0,0
579184,5,502,0,0
579204,5,502,0,0
579224,5,502,0,0
579244,5,502,0,0
579264,5,502,0,0
579284,5,502,0,0
579304,5,502,0,0
579324,5,502,0,0
579344,5,501,0,0
579364,5,501,0,0
579384,5,501,0,0
579404,5,501,0,0
579424,5,501,0,0
579444,5,501,0,0
579464,5,501,0,0
579484,5,501,0,0
579504,5,501,0,0
579524,5,500,0,0
579544,5,500,0,0
579564,5,500,0,0
579584,5,500,0,0
579604,5,500,0,0
579624,5,500,0,0
579644,5,500,0,0
579664,5,500,0,0
579684,5,500,0,0
579704,5,500,0,0
579724,5,500,0,0
579744,5,499,0,0
579764,5,499,0,0
579784,5,499,0,0
579804,5,499,0,0
579824,5,499,0,0
579844,5,499,0,0
579864,5,499,0,0
579884,5,499,0,0
579904,5,499,0,0
579924,5,499,0,0
579944,5,499,0,0
579964,5,499,0,0
579984,5,499,0,0
580004,5,499,0,0
580024,5,499,0,0
580044,5,498,0,0
580064,5,498,0,0
580084,5,498,0,0
580104,5,498,0,0
580124,5,498,0,0
580144,5,498,0,0
580164,5,498,0,0
580184,5,498,0,0
580204,5,497,0,0
580224,5,497,0,0
580244,5,497,0,0
580264,5,497,0,0
580284,5,497,0,0
580304,5,497,0,0
580324,5,497,0,0
580344,5,497,0,0
580364,5,497,0,0
580384,5,497,0,0
580404,5,496,0,0
580424,5,496,0,0
580444,5,496,0,0
580464,5,496,0,0
580484,5,496,0,0
580504,5,496,0,0
580524,5,496,0,0
580544,5,496,0,0
580564,5,495,0,0
580584,5,495,0,0
580604,5,495,0,0
580624,5,495,0,0
580644,5,495,0,0
580664,5,495,0,0
580684,5,495,0,0
580704,5,495,0,0
580724,5,495,0,0
580744,5,495,0,0
580764,5,495,0,0
580784,5,495,0,0
580804,5,494,0,0
580824,5,494,0,0
580844,5,494,0,0
580864,5,494,0,0
580884,5,494,0,0
580904,5,494,0,0
580924,5,494,0,0
580944,5,494,0,0
580964,5,494,0,0
580984,5,493,0,0
581004,5,493,0,0
581024,5,493,0,0
581044,5,493,0,0
581064,5,493,0,0
581084,5,493,0,0
581104,5,493,0,0
581124,5,493,0,0
581144,5,493,0,0
581164,5,492,0,0
581184,5,492,0,0
581204,5,492,0,0
581224,5,492,0,0
581244,5,492,0,0
581264,5,492,0,0
581284,5,492,0,0
581304,5,492,0,0
581324,5,492,0,0
581344,5,491,0,0
581364,5,491,0,0
581384,5,491,0,0
581404,5,491,0,0
581424,5,491,0,0
581444,5,491,0,0
581464,5,491,0,0
581484,5,491,0,0
581504,5,491,0,0
581524,5,490,0,0
581544,5,490,0,0
581564,5,490,0,0
581584,5,490,0,0
581604,5,490,0,0
581624,5,490,0,0
581644,5,490,0,0
581664,5,490,0,0
581684,5,490,0,0
581704,5,490,0,0
581724,5,490,0,0
581744,5,490,0,0
581764,5,489,0,0
581784,5,489,0,0
581804,5,489,0,0
581824,5,489,0,0
581844,5,489,0,0
581864,5,489,0,0
581884,5,489,0,0
581904,5,489,0,0
581924,5,489,0,0
581944,5,489,0,0
581964,5,489,0,0
581984,5,489,0,0
582004,5,488,0,0
582024,5,488,0,0
582044,5,488,0,0
582064,5,488,0,0
582084,5,488,0,0
582104,5,488,0,0
582124,5,488,0,0
582144,5,488,0,0
582164,5,488,0,0
582184,5,488,0,0
582204,5,488,0,0
582224,5,488,0,0
582244,5,488,0,0
582264,5,487,0,0
582284,5,487,0,0
582304,5,487,0,0
582324,5,487,0,0
582344,5,487,0,0
582364,5,487,0,0
582384,5,487,0,0
582404,5,487,0,0
582424,5,487,0,0
582444,5,487,0,0
582464,5,487,0,0
582484,5,487,0,0
582504,5,486,0,0
582524,5,486,0,0
582544,5,486,0,0
582564,5,486,0,0
582584,5,486,0,0
582604,5,486,0,0
582624,5,486,0,0
582644,5,486,0,0
582664,5,486,0,0
582684,5,485,0,0
582704,5,485,0,0
582724,5,485,0,0
582744,5,485,0,0
582764,5,485,0,0
582784,5,485,0,0
582804,5,485,0,0
582824,5,485,0,0
582844,5,485,0,0
582864,5,485,0,0
582884,5,484,0,0
582904,5,484,0,0
582924,5,484,0,0
582944,5,484,0,0
582964,5,484,0,0
582984,5,484,0,0
583004,5,484,0,0
583024,5,484,0,0
583044,5,484,0,0
583064,5,483,0,0
583084,5,483,0,0
583104,5,483,0,0
583124,5,483,0,0
583144,5,483,0,0
583164,5,483,0,0
583184,5,483,0,0
583204,5,482,0,0
583224,5,482,0,0
583244,5,482,0,0
583264,5,482,0,0
583284,5,482,0,0
583304,5,482,0,0
583324,5,482,0,0
583344,5,482,0,0
583364,5,482,0,0
583384,5,482,0,0
583404,5,481,0,0
583424,5,481,0,0
583444,5,481,0,0
583464,5,481,0,0
583484,5,481,0,0
583504,5,481,0,0
583524,5,481,0,0
583544,5,481,0,0
583564,5,481,0,0
583584,5,481,0,0
583604,5,481,0,0
583624,5,481,0,0
583644,5,481,0,0
583664,5,481,0,0
583684,5,481,0,0
583704,5,481,0,0
583724,5,480,0,0
583744,5,480,0,0
583764,5,480,0,0
583784,5,480,0,0
583804,5,480,0,0
583824,5,480,0,0
583844,5,480,0,0
583864,5,480,0,0
583884,5,479,0,0
583904,5,479,0,0
583924,5,479,0,0
583944,5,479,0,0
583964,5,479,0,0
583984,5,479,0,0
584004,5,479,0,0
584024,5,479,0,0
584044,5,479,0,0
584064,5,478,0,0
584084,5,478,0,0
584104,5,478,0,0
584124,5,478,0,0
584144,5,478,0,0
584164,5,478,0,0
584184,5,478,0,0
584204,5,477,0,0
584224,5,477,0,0
584244,5,477,0,0
584264,5,477,0,0
584284,5,477,0,0
584304,5,477,0,0
584324,5,477,0,0
584344,5,477,0,0
584364,5,477,0,0
584384,5,477,0,0
584404,5,476,0,0
584424,5,476,0,0
584444,5,476,0,0
584464,5,476,0,0
584484,5,476,0,0
584504,5,476,0,0
584524,5,476,0,0
584544,5,476,0,0
584564,5,476,0,0
584584,5,476,0,0
584604,5,476,0,0
584624,5,476,0,0
584644,5,475,0,0
584664,5,475,0,0
584684,5,475,0,0
584704,5,475,0,0
584724,5,475,0,0
584744,5,475,0,0
584764,5,475,0,0
584784,5,475,0,0
584804,5,475,0,0
584824,5,475,0,0
584844,5,475,0,0
584864,5,475,0,0
584884,5,474,0,0
584904,5,474,0,0
584924,5,474,0,0
584944,5,474,0,0
584964,5,474,0,0
584984,5,474,0,0
585004,5,474,0,0
585024,5,474,0,0
585044,5,474,0,0
585064,5,473,0,0
585084,5,473,0,0
585104,5,473,0,0
585124,5,473,0,0
585144,5,473,0,0
585164,5,473,0,0
585184,5,473,0,0
585204,5,473,0,0
585224,5,473,0,0
585244,5,472,0,0
585264,5,472,0,0
585284,5,472,0,0
585304,5,472,0,0
585324,5,472,0,0
585344,5,472,0,0
585364,5,472,0,0
585384,5,472,0,0
585404,5,472,0,0
585424,5,472,0,0
585444,5,472,0,0
585464,5,471,0,0
585484,5,471,0,0
585504,5,471,0,0
585524,5,471,0,0
585544,5,471,0,0
585564,5,471,0,0
585584,5,471,0,0
585604,5,471,0,0
585624,5,471,0,0
585644,5,471,0,0
585664,5,471,0,0
585684,5,470,0,0
585704,5,470,0,0
585724,5,470,0,0
585744,5,470,0,0
585764,5,470,0,0
585784,5,470,0,0
585804,5,470,0,0
585824,5,470,0,0
585844,5,470,0,0
585864,5,470,0,0
585884,5,469,0,0
585904,5,469,0,0
585924,5,469,0,0
585944,5,469,0,0
585964,5,469,0,0
585984,5,469,0,0
586004,5,469,0,0
586024,5,469,0,0
586044,5,469,0,0
586064,5,468,0,0
586084,5,468,0,0
586104,5,468,0,0
586124,5,468,0,0
586144,5,468,0,0
586164,5,468,0,0
586184,5,468,0,0
586204,5,468,0,0
586224,5,468,0,0
586244,5,468,0,0
586264,5,468,0,0
586284,5,468,0,0
586304,5,467,0,0
586324,5,467,0,0
586344,5,467,0,0
586364,5,467,0,0
586384,5,467,0,0
586404,5,467,0,0
586424,5,467,0,0
586444,5,467,0,0
586464,5,466,0,0
586484,5,466,0,0
586504,5,466,0,0
586524,5,466,0,0
586544,5,466,0,0
586564,5,466,0,0
586584,5,466,0,0
586604,5,466,0,0
586624,5,465,0,0
586644,5,465,0,0
586664,5,465,0,0
586684,5,465,0,0
586704,5,465,0,0
586724,5,465,0,0
586744,5,465,0,0
586764,5,465,0,0
586784,5,465,0,0
586804,5,465,0,0
586824,5,465,0,0
586844,5,465,0,0
586864,5,464,0,0
586884,5,464,0,0
586904,5,464,0,0
586924,5,464,0,0
586944,5,464,0,0
586964,5,464,0,0
586984,5,464,0,0
587004,5,464,0,0
587024,5,463,0,0
587044,5,463,0,0
587064,5,463,0,0
587084,5,463,0,0
587104,5,463,0,0
587124,5,463,0,0
587144,5,463,0,0
587164,5,463,0,0
587184,5,462,0,0
587204,5,462,0,0
587224,5,462,0,0
587244,5,462,0,0
587264,5,462,0,0
587284,5,462,0,0
587304,5,462,0,0
587324,5,462,0,0
587344,5,462,0,0
587364,5,462,0,0
587384,5,462,0,0
587404,5,462,0,0
587424,5,461,0,0
587444,5,461,0,0
587464,5,461,0,0
587484,5,461,0,0
587504,5,461,0,0
587524,5,461,0,0
587544,5,461,0,0
587564,5,461,0,0
587584,5,461,0,0
587604,5,461,0,0
587624,5,460,0,0
587644,5,460,0,0
587664,5,460,0,0
587684,5,460,0,0
587704,5,460,0,0
587724,5,460,0,0
587744,5,460,0,0
587764,5,460,0,0
587784,5,459,0,0
587804,5,459,0,0
587824,5,459,0,0
587844,5,459,0,0
587864,5,459,0,0
587884,5,459,0,0
587904,5,459,0,0
587924,5,459,0,0
587944,5,459,0,0
587964,5,458,0,0
587984,5,458,0,0
588004,5,458,0,0
588024,5,458,0,0
588044,5,458,0,0
588064,5,458,0,0
588084,5,458,0,0
588104,5,458,0,0
588124,5,458,0,0
588144,5,457,0,0
588164,5,457,0,0
588184,5,457,0,0
588204,5,457,0,0
588224,5,457,0,0
588244,5,457,0,0
588264,5,457,0,0
588284,5,457,0,0
588304,5,457,0,0
588324,5,457,0,0
588344,5,457,0,0
588364,5,457,0,0
588384,5,456,0,0
588404,5,456,0,0
588424,5,456,0,0
588444,5,456,0,0
588464,5,456,0,0
588484,5,456,0,0
588504,5,456,0,0
588524,5,456,0,0
588544,5,456,0,0
588564,5,456,0,0
588584,5,456,0,0
588604,5,456,0,0
588624,5,456,0,0
588644,5,455,0,0
588664,5,455,0,0
588684,5,455,0,0
588704,5,455,0,0
588724,5,455,0,0
588744,5,455,0,0
588764,5,455,0,0
588784,5,455,0,0
588804,5,455,0,0
588824,5,455,0,0
588844,5,455,0,0
588864,5,455,0,0
588884,5,455,0,0
588904,5,455,0,0
588924,5,454,0,0
588944,5,454,0,0
588964,5,454,0,0
588984,5,454,0,0
589004,5,454,0,0
589024,5,454,0,0
589044,5,454,0,0
589064,5,454,0,0
589084,5,454,0,0
589104,5,453,0,0
589124,5,453,0,0
589144,5,453,0,0
589164,5,453,0,0
589184,5,453,0,0
589204,5,453,0,0
589224,5,453,0,0
589244,5,452,0,0
589264,5,452,0,0
589284,5,452,0,0
589304,5,452,0,0
589324,5,452,0,0
589344,5,452,0,0
589364,5,452,0,0
589384,5,452,0,0
589404,5,452,0,0
589424,5,452,0,0
589444,5,452,0,0
589464,5,451,0,0
589484,5,451,0,0
589504,5,451,0,0
589524,5,451,0,0
589544,5,451,0,0
589564,5,451,0,0
589584,5,451,0,0
589604,5,451,0,0
589624,5,451,0,0
589644,5,451,0,0
589664,5,451,0,0
589684,5,451,0,0
589704,5,451,0,0
589724,5,451,0,0
589744,5,451,0,0
589764,5,451,0,0
589784,5,451,0,0
589804,5,450,0,0
589824,5,450,0,0
589844,5,450,0,0
589864,5,450,0,0
589884,5,450,0,0
589904,5,450,0,0
589924,5,450,0,0
589944,5,450,0,0
589964,5,450,0,0
589984,5,450,0,0
590004,5,449,0,0
590024,5,449,0,0
590044,5,449,0,0
590064,5,449,0,0
590084,5,449,0,0
590104,5,449,0,0
590124,5,449,0,0
590144,5,449,0,0
590164,5,448,0,0
590184,5,448,0,0
590204,5,448,0,0
590224,5,448,0,0
590244,5,448,0,0
590264,5,448,0,0
590284,5,448,0,0
590304,5,447,0,0
590324,5,447,0,0
590344,5,447,0,0
590364,5,447,0,0
590384,5,447,0,0
590404,5,447,0,0
590424,5,447,0,0
590444,5,447,0,0
590464,5,447,0,0
590484,5,447,0,0
590504,5,447,0,0
590524,5,447,0,0
590544,5,446,0,0
590564,5,446,0,0
590584,5,446,0,0
590604,5,446,0,0
590624,5,446,0,0
590644,5,446,0,0
590664,5,446,0,0
590684,5,446,0,0
590704,5,446,0,0
590724,5,446,0,0
590744,5,446,0,0
590764,5,446,0,0
590784,5,446,0,0
590804,5,446,0,0
590824,5,445,0,0
590844,5,445,0,0
590864,5,445,0,0
590884,5,445,0,0
590904,5,445,0,0
590924,5,445,0,0
590944,5,445,0,0
590964,5,445,0,0
590984,5,445,0,0
591004,5,445,0,0
591024,5,444,0,0
591044,5,444,0,0
591064,5,444,0,0
591084,5,444,0,0
591104,5,444,0,0
591124,5,444,0,0
591144,5,444,0,0
591164,5,444,0,0
591184,5,444,0,0
591204,5,444,0,0
591224,5,444,0,0
591244,5,443,0,0
591264,5,443,0,0
591284,5,443,0,0
591304,5,443,0,0
591324,5,443,0,0
591344,5,443,0,0
591364,5,443,0,0
591384,5,443,0,0
591404,5,443,0,0
591424,5,443,0,0
591444,5,443,0,0
591464,5,442,0,0
591484,5,442,0,0
591504,5,442,0,0
591524,5,442,0,0
591544,5,442,0,0
591564,5,442,0,0
591584,5,442,0,0
591604,5,442,0,0
591624,5,441,0,0
591644,5,441,0,0
591664,5,441,0,0
591684,5,441,0,0
591704,5,441,0,0
591724,5,441,0,0
591744,5,441,0,0
591764,5,441,0,0
591784,5,441,0,0
591804,5,440,0,0
591824,5,440,0,0
591844,5,440,0,0
591864,5,440,0,0
591884,5,440,0,0
591904,5,440,0,0
591924,5,440,0,0
591944,5,440,0,0
591964,5,440,0,0
591984,5,440,0,0
592004,5,439,0,0
592024,5,439,0,0
592044,5,439,0,0
592064,5,439,0,0
592084,5,439,0,0
592104,5,439,0,0
592124,5,439,0,0
592144,5,439,0,0
592164,5,439,0,0
592184,5,438,0,0
592204,5,438,0,0
592224,5,438,0,0
592244,5,438,0,0
592264,5,438,0,0
592284,5,438,0,0
592304,5,438,0,0
592324,5,438,0,0
592344,5,438,0,0
592364,5,438,0,0
592384,5,437,0,0
592404,5,437,0,0
592424,5,437,0,0
592444,5,437,0,0
592464,5,437,0,0
592484,5,437,0,0
592504,5,437,0,0
592524,5,437,0,0
592544,5,437,0,0
592564,5,437,0,0
592584,5,437,0,0
592604,5,437,0,0
592624,5,437,0,0
592644,5,437,0,0
592664,5,437,0,0
592684,5,436,0,0
592704,5,436,0,0
592724,5,436,0,0
592744,5,436,0,0
592764,5,436,0,0
592784,5,436,0,0
592804,5,436,0,0
592824,5,436,0,0
592844,5,436,0,0
592864,5,436,0,0
592884,5,436,0,0
592904,5,436,0,0
592924,5,436,0,0
592944,5,436,0,0
592964,5,435,0,0
592984,5,435,0,0
593004,5,435,0,0
593024,5,435,0,0
593044,5,435,0,0
593064,5,435,0,0
593084,5,435,0,0
593104,5,435,0,0
593124,5,435,0,0
593144,5,435,0,0
593164,5,434,0,0
593184,5,434,0,0
593204,5,434,0,0
593224,5,434,0,0
593244,5,434,0,0
593264,5,434,0,0
593284,5,433,0,0
593304,5,433,0,0
593324,5,433,0,0
593344,5,433,0,0
593364,5,433,0,0
593384,5,433,0,0
593404,5,433,0,0
593424,5,433,0,0
593444,5,433,0,0
593464,5,433,0,0
593484,5,433,0,0
593504,5,432,0,0
593524,5,432,0,0
593544,5,432,0,0
593564,5,432,0,0
593584,5,432,0,0
593604,5,432,0,0
593624,5,432,0,0
593644,5,431,0,0
593664,5,431,0,0
593684,5,431,0,0
593704,5,431,0,0
593724,5,431,0,0
593744,5,431,0,0
593764,5,431,0,0
593784,5,431,0,0
593804,5,431,0,0
593824,5,431,0,0
593844,5,430,0,0
593864,5,430,0,0
593884,5,430,0,0
593904,5,430,0,0
593924,5,430,0,0
593944,5,430,0,0
593964,5,430,0,0
593984,5,430,0,0
594004,5,430,0,0
594024,5,430,0,0
594044,5,430,0,0
594064,5,429,0,0
594084,5,429,0,0
594104,5,429,0,0
594124,5,429,0,0
594144,5,429,0,0
594164,5,429,0,0
594184,5,429,0,0
594204,5,429,0,0
594224,5,428,0,0
594244,5,428,0,0
594264,5,428,0,0
594284,5,428,0,0
594304,5,428,0,0
594324,5,428,0,0
594344,5,428,0,0
594364,5,427,0,0
594384,5,427,0,0
594404,5,427,0,0
594424,5,427,0,0
594444,5,427,0,0
594464,5,427,0,0
594484,5,427,0,0
594504,5,427,0,0
594524,5,427,0,0
594544,5,426,0,0
594564,5,426,0,0
594584,5,426,0,0
594604,5,426,0,0
594624,5,426,0,0
594644,5,426,0,0
594664,5,426,0,0
594684,5,426,0,0
594704,5,426,0,0
594724,5,426,0,0
594744,5,426,0,0
594764,5,425,0,0
594784,5,425,0,0
594804,5,425,0,0
594824,5,425,0,0
594844,5,425,0,0
594864,5,425,0,0
594884,5,425,0,0
594904,5,424,0,0
594924,5,424,0,0
594944,5,424,0,0
594964,5,424,0,0
594984,5,424,0,0
595004,5,424,0,0
595024,5,424,0,0
595044,5,424,0,0
595064,5,424,0,0
595084,5,423,0,0
595104,5,423,0,0
595124,5,423,0,0
595144,5,423,0,0
595164,5,423,0,0
595184,5,423,0,0
595204,5,423,0,0
595224,5,423,0,0
595244,5,423,0,0
595264,5,423,0,0
595284,5,422,0,0
595304,5,422,0,0
595324,5,422,0,0
595344,5,422,0,0
595364,5,422,0,0
595384,5,422,0,0
595404,5,422,0,0
595424,5,422,0,0
595444,5,422,0,0
595464,5,422,0,0
595484,5,422,0,0
595504,5,422,0,0
595524,5,422,0,0
595544,5,421,0,0
595564,5,421,0,0
595584,5,421,0,0
595604,5,421,0,0
595624,5,421,0,0
595644,5,421,0,0
595664,5,421,0,0
595684,5,421,0,0
595704,5,421,0,0
595724,5,421,0,0
595744,5,421,0,0
595764,5,421,0,0
595784,5,421,0,0
595804,5,420,0,0
595824,5,420,0,0
595844,5,420,0,0
595864,5,420,0,0
595884,5,420,0,0
595904,5,420,0,0
595924,5,420,0,0
595944,5,420,0,0
595964,5,419,0,0
595984,5,419,0,0
596004,5,419,0,0
596024,5,419,0,0
596044,5,419,0,0
596064,5,419,0,0
596084,5,418,0,0
596104,5,418,0,0
596124,5,418,0,0
596144,5,418,0,0
596164,5,418,0,0
596184,5,418,0,0
596204,5,418,0,0
596224,5,418,0,0
596244,5,417,0,0
596264,5,417,0,0
596284,5,417,0,0
596304,5,417,0,0
596324,5,417,0,0
596344,5,417,0,0
596364,5,417,0,0
596384,5,417,0,0
596404,5,417,0,0
596424,5,417,0,0
596444,5,417,0,0
596464,5,417,0,0
596484,5,417,0,0
596504,5,417,0,0
596524,5,417,0,0
596544,5,416,0,0
596564,5,416,0,0
596584,5,416,0,0
596604,5,416,0,0
596624,5,416,0,0
596644,5,416,0,0
596664,5,416,0,0
596684,5,416,0,0
596704,5,416,0,0
596724,5,416,0,0
596744,5,416,0,0
596764,5,416,0,0
596784,5,416,0,0
596804,5,416,0,0
596824,5,416,0,0
596844,5,415,0,0
596864,5,415,0,0
596884,5,415,0,0
596904,5,415,0,0
596924,5,415,0,0
596944,5,415,0,0
596964,5,415,0,0
596984,5,415,0,0
597004,5,415,0,0
597024,5,415,0,0
597044,5,415,0,0
597064,5,415,0,0
597084,5,415,0,0
597104,5,414,0,0
597124,5,414,0,0
597144,5,414,0,0
597164,5,414,0,0
597184,5,414,0,0
597204,5,414,0,0
597224,5,414,0,0
597244,5,414,0,0
597264,5,414,0,0
597284,5,413,0,0
597304,5,413,0,0
597324,5,413,0,0
597344,5,413,0,0
597364,5,413,0,0
597384,5,413,0,0
597404,5,413,0,0
597424,5,412,0,0
597444,5,412,0,0
597464,5,412,0,0
597484,5,412,0,0
597504,5,412,0,0
597524,5,411,0,0
597544,5,411,0,0
597564,5,411,0,0
597584,5,411,0,0
597604,5,411,0,0
597624,5,411,0,0
597644,5,411,0,0
597664,5,411,0,0
597684,5,411,0,0
597704,5,410,0,0
597724,5,410,0,0
597744,5,410,0,0
597764,5,410,0,0
597784,5,410,0,0
597804,5,410,0,0
597824,5,410,0,0
597844,5,410,0,0
597864,5,410,0,0
597884,5,409,0,0
597904,5,409,0,0
597924,5,409,0,0
597944,5,409,0,0
597964,5,409,0,0
597984,5,409,0,0
598004,5,409,0,0
598024,5,409,0,0
598044,5,409,0,0
598064,5,409,0,0
598084,5,408,0,0
598104,5,409,0,0
598124,5,408,0,0
598144,5,408,0,0
598164,5,408,0,0
598184,5,408,0,0
598204,5,408,0,0
598224,5,408,0,0
598244,5,408,0,0
598264,5,408,0,0
598284,5,407,0,0
598304,5,407,0,0
598324,5,407,0,0
598344,5,407,0,0
598364,5,407,0,0
598384,5,407,0,0
598404,5,407,0,0
598424,5,407,0,0
598444,5,407,0,0
598464,5,406,0,0
598484,5,407,0,0
598504,5,406,0,0
598524,5,406,0,0
598544,5,406,0,0
598564,5,406,0,0
598584,5,406,0,0
598604,5,406,0,0
598624,5,406,0,0
598644,5,406,0,0
598664,5,406,0,0
598684,5,406,0,0
598704,5,406,0,0
598724,5,406,0,0
598744,5,406,0,0
598764,5,406,0,0
598784,5,406,0,0
598804,5,406,0,0
598824,5,405,0,0
598844,5,405,0,0
598864,5,405,0,0
598884,5,405,0,0
598904,5,405,0,0
598924,5,405,0,0
598944,5,405,0,0
598964,5,405,0,0
598984,5,405,0,0
599004,5,405,0,0
599024,5,405,0,0
599044,5,404,0,0
599064,5,404,0,0
599084,5,404,0,0
599104,5,404,0,0
599124,5,404,0,0
599144,5,404,0,0
599164,5,404,0,0
599184,5,404,0,0
599204,5,404,0,0
599224,5,404,0,0
599244,5,404,0,0
599264,5,403,0,0
599284,5,403,0,0
599304,5,403,0,0
599324,5,403,0,0
599344,5,403,0,0
599364,5,403,0,0
599384,5,403,0,0
599404,5,403,0,0
599424,5,403,0,0
599444,5,403,0,0
599464,5,403,0,0
599484,5,403,0,0
599504,5,402,0,0
599524,5,403,0,0
599544,5,402,0,0
599564,5,402,0,0
599584,5,402,0,0
599604,5,402,0,0
599624,5,402,0,0
599644,5,402,0,0
599664,5,402,0,0
599684,5,402,0,0
599704,5,402,0,0
599724,5,402,0,0
599744,5,402,0,0
599764,5,402,0,0
599784,5,402,0,0
599804,5,402,0,0
599824,5,402,0,0
599844,5,401,0,0
599864,5,401,0,0
599884,5,401,0,0
599904,5,401,0,0
599924,5,401,0,0
599944,5,401,0,0
599964,5,401,0,0
599984,5,400,0,0
600004,5,400,0,0
600024,5,400,0,0
600044,5,400,0,0
600064,5,400,0,0
600084,5,399,0,0
600104,5,399,0,0
600124,5,399,0,0
600144,5,399,0,0
600164,5,399,0,0
600184,5,398,0,0
600204,5,398,0,0
600224,5,398,0,0
600244,5,398,0,0
600264,5,398,0,0
600284,5,398,0,0
600304,5,398,0,0
600324,5,397,0,0
600344,5,397,0,0
600364,5,397,0,0
600384,5,397,0,0
600404,5,397,0,0
600424,5,397,0,0
600444,5,397,0,0
600464,5,397,0,0
600484,5,397,0,0
600504,5,397,0,0
600524,5,397,0,0
600544,5,397,0,0
600564,5,397,0,0
600584,5,397,0,0
600604,5,397,0,0
600624,5,397,0,0
600644,5,396,0,0
600664,5,396,0,0
600684,5,396,0,0
600704,5,396,0,0
600724,5,396,0,0
600744,5,396,0,0
600764,5,396,0,0
600784,5,396,0,0
600804,5,396,0,0
600824,5,396,0,0
600844,5,396,0,0
600864,5,396,0,0
600884,5,396,0,0
600904,5,395,0,0
600924,5,395,0,0
600944,5,395,0,0
600964,5,395,0,0
600984,5,395,0,0
601004,5,395,0,0
601024,5,395,0,0
601044,5,395,0,0
601064,5,395,0,0
601084,5,395,0,0
601104,5,394,0,0
601124,5,394,0,0
601144,5,394,0,0
601164,5,394,0,0
601184,5,394,0,0
601204,5,394,0,0
601224,5,394,0,0
601244,5,393,0,0
601264,5,393,0,0
601284,5,393,0,0
601304,5,393,0,0
601324,5,393,0,0
601344,5,393,0,0
601364,5,393,0,0
601384,5,392,0,0
601404,5,392,0,0
601424,5,392,0,0
601444,5,392,0,0
601464,5,392,0,0
601484,5,392,0,0
601504,5,392,0,0
601524,5,392,0,0
601544,5,392,0,0
601564,5,392,0,0
601584,5,392,0,0
601604,5,391,0,0
601624,5,391,0,0
601644,5,391,0,0
601664,5,391,0,0
601684,5,391,0,0
601704,5,391,0,0
601724,5,391,0,0
601744,5,391,0,0
601764,5,390,0,0
601784,5,390,0,0
601804,5,390,0,0
601824,5,390,0,0
601844,5,390,0,0
601864,5,390,0,0
601884,5,390,0,0
601904,5,390,0,0
601924,5,390,0,0
601944,5,390,0,0
601964,5,390,0,0
601984,5,389,0,0
602004,5,389,0,0
602024,5,389,0,0
602044,5,389,0,0
602064,5,389,0,0
602084,5,389,0,0
602104,5,389,0,0
602124,5,389,0,0
602144,5,389,0,0
602164,5,389,0,0
602184,5,389,0,0
602204,5,389,0,0
602224,5,389,0,0
602244,5,389,0,0
602264,5,389,0,0
602284,5,389,0,0
602304,5,389,0,0
602324,5,388,0,0
602344,5,388,0,0
602364,5,388,0,0
602384,5,388,0,0
602404,5,388,0,0
602424,5,388,0,0
602444,5,388,0,0
602464,5,388,0,0
602484,5,388,0,0
602504,5,387,0,0
602524,5,387,0,0
602544,5,387,0,0
602564,5,387,0,0
602584,5,387,0,0
602604,5,387,0,0
602624,5,387,0,0
602644,5,387,0,0
602664,5,386,0,0
602684,5,386,0,0
602704,5,386,0,0
602724,5,386,0,0
602744,5,386,0,0
602764,5,386,0,0
602784,5,386,0,0
602804,5,385,0,0
602824,5,385,0,0
602844,5,385,0,0
602864,5,385,0,0
602884,5,385,0,0
602904,5,385,0,0
602924,5,385,0,0
602944,5,385,0,0
602964,5,385,0,0
602984,5,385,0,0
603004,5,385,0,0
603024,5,384,0,0
603044,5,384,0,0
603064,5,384,0,0
603084,5,384,0,0
603104,5,384,0,0
603124,5,384,0,0
603144,5,384,0,0
603164,5,384,0,0
603184,5,384,0,0
603204,5,384,0,0
603224,5,384,0,0
603244,5,384,0,0
603264,5,383,0,0
603284,5,383,0,0
603304,5,383,0,0
603324,5,383,0,0
603344,5,383,0,0
603364,5,383,0,0
603384,5,383,0,0
603404,5,383,0,0
603424,5,383,0,0
603444,5,383,0,0
603464,5,383,0,0
603484,5,383,0,0
603504,5,383,0,0
603524,5,383,0,0
603544,5,383,0,0
603564,5,383,0,0
603584,5,383,0,0
603604,5,383,0,0
603624,5,383,0,0
603644,5,383,0,0
603664,5,383,0,0
603684,5,383,0,0
603704,5,383,0,0
603724,5,382,0,0
603744,5,382,0,0
603764,5,382,0,0
603784,5,382,0,0
603804,5,382,0,0
603824,5,382,0,0
603844,5,381,0,0
603864,5,381,0,0
603884,5,381,0,0
603904,5,381,0,0
603924,5,381,0,0
603944,5,381,0,0
603964,5,381,0,0
603984,5,381,0,0
604004,5,380,0,0
604024,5,380,0,0
604044,5,380,0,0
604064,5,380,0,0
604084,5,380,0,0
604104,5,380,0,0
604124,5,380,0,0
604144,5,380,0,0
604164,5,379,0,0
604184,5,379,0,0
604204,5,379,0,0
604224,5,379,0,0
604244,5,379,0,0
604264,5,379,0,0
604284,5,379,0,0
604304,5,378,0,0
604324,5,378,0,0
604344,5,378,0,0
604364,5,378,0,0
604384,5,378,0,0
604404,5,378,0,0
604424,5,378,0,0
604444,5,378,0,0
604464,5,377,0,0
604484,5,377,0,0
604504,5,377,0,0
604524,5,377,0,0
604544,5,377,0,0
604564,5,377,0,0
604584,5,377,0,0
604604,5,376,0,0
604624,5,376,0,0
604644,5,376,0,0
604664,5,376,0,0
604684,5,376,0,0
604704,5,376,0,0
604724,5,376,0,0
604744,5,375,0,0
604764,5,375,0,0
604784,5,375,0,0
604804,5,375,0,0
604824,5,375,0,0
604844,5,375,0,0
604864,5,374,0,0
604884,5,374,0,0
604904,5,374,0,0
604924,5,374,0,0
604944,5,374,0,0
604964,5,374,0,0
604984,5,374,0,0
605004,5,374,0,0
605024,5,374,0,0
605044,5,374,0,0
605064,5,373,0,0
605084,5,373,0,0
605104,5,373,0,0
605124,5,373,0,0
605144,5,373,0,0
605164,5,373,0,0
605184,5,373,0,0
605204,5,373,0,0
605224,5,373,0,0
605244,5,373,0,0
605264,5,372,0,0
605284,5,372,0,0
605304,5,372,0,0
605324,5,372,0,0
605344,5,372,0,0
605364,5,372,0,0
605384,5,372,0,0
605404,5,372,0,0
605424,5,372,0,0
605444,5,372,0,0
605464,5,372,0,0
605484,5,372,0,0
605504,5,372,0,0
605524,5,372,0,0
605544,5,372,0,0
605564,5,371,0,0
605584,5,371,0,0
605604,5,371,0,0
605624,5,371,0,0
605644,5,371,0,0
605664,5,371,0,0
605684,5,371,0,0
605704,5,371,0,0
605724,5,371,0,0
605744,5,371,0,0
605764,5,370,0,0
605784,5,370,0,0
605804,5,370,0,0
605824,5,370,0,0
605844,5,370,0,0
605864,5,370,0,0
605884,5,370,0,0
605904,5,370,0,0
605924,5,370,0,0
605944,5,370,0,0
605964,5,370,0,0
605984,5,369,0,0
606004,5,369,0,0
606024,5,369,0,0
606044,5,369,0,0
606064,5,369,0,0
606084,5,369,0,0
606104,5,369,0,0
606124,5,369,0,0
606144,5,369,0,0
606164,5,369,0,0
606184,5,369,0,0
606204,5,369,0,0
606224,5,369,0,0
606244,5,368,0,0
606264,5,368,0,0
606284,5,368,0,0
606304,5,368,0,0
606324,5,368,0,0
606344,5,368,0,0
606364,5,368,0,0
606384,5,368,0,0
606404,5,368,0,0
606424,5,368,0,0
606444,5,368,0,0
606464,5,368,0,0
606484,5,368,0,0
606504,5,368,0,0
606524,5,367,0,0
606544,5,367,0,0
606564,5,367,0,0
606584,5,367,0,0
606604,5,367,0,0
606624,5,367,0,0
606644,5,367,0,0
606664,5,367,0,0
606684,5,366,0,0
606704,5,366,0,0
606724,5,366,0,0
606744,5,366,0,0
606764,5,366,0,0
606784,5,366,0,0
606804,5,366,0,0
606824,5,365,0,0
606844,5,365,0,0
606864,5,365,0,0
606884,5,365,0,0
606904,5,365,0,0
606924,5,365,0,0
606944,5,365,0,0
606964,5,365,0,0
606984,5,364,0,0
607004,5,364,0,0
607024,5,364,0,0
607044,5,364,0,0
607064,5,364,0,0
607084,5,364,0,0
607104,5,364,0,0
607124,5,364,0,0
607144,5,363,0,0
607164,5,363,0,0
607184,5,363,0,0
607204,5,363,0,0
607224,5,363,0,0
607244,5,363,0,0
607264,5,363,0,0
607284,5,363,0,0
607304,5,363,0,0
607324,5,363,0,0
607344,5,363,0,0
607364,5,362,0,0
607384,5,362,0,0
607404,5,362,0,0
607424,5,362,0,0
607444,5,362,0,0
607464,5,362,0,0
607484,5,362,0,0
607504,5,362,0,0
607524,5,362,0,0
607544,5,362,0,0
607564,5,362,0,0
607584,5,362,0,0
607604,5,362,0,0
607624,5,362,0,0
607644,5,362,0,0
607664,5,362,0,0
607684,5,362,0,0
607704,5,362,0,0
607724,5,362,0,0
607744,5,362,0,0
607764,5,362,0,0
607784,5,361,0,0
607804,5,361,0,0
607824,5,361,0,0
607844,5,361,0,0
607864,5,361,0,0
607884,5,361,0,0
607904,5,361,0,0
607924,5,361,0,0
607944,5,361,0,0
607964,5,361,0,0
607984,5,361,0,0
608004,5,360,0,0
608024,5,360,0,0
608044,5,360,0,0
608064,5,360,0,0
608084,5,360,0,0
608104,5,360,0,0
608124,5,360,0,0
608144,5,360,0,0
608164,5,359,0,0
608184,5,359,0,0
608204,5,359,0,0
608224,5,359,0,0
608244,5,359,0,0
608264,5,359,0,0
608284,5,358,0,0
608304,5,358,0,0
608324,5,358,0,0
608344,5,358,0,0
608364,5,358,0,0
608384,5,358,0,0
608404,5,358,0,0
608424,5,358,0,0
608444,5,357,0,0
608464,5,357,0,0
608484,5,357,0,0
608504,5,357,0,0
608524,5,357,0,0
608544,5,357,0,0
608564,5,357,0,0
608584,5,357,0,0
608604,5,357,0,0
608624,5,357,0,0
608644,5,356,0,0
608664,5,356,0,0
608684,5,356,0,0
608704,5,356,0,0
608724,5,356,0,0
608744,5,356,0,0
608764,5,356,0,0
608784,5,356,0,0
608804,5,356,0,0
608824,5,356,0,0
608844,5,355,0,0
608864,5,355,0,0
608884,5,355,0,0
608904,5,355,0,0
608924,5,355,0,0
608944,5,355,0,0
608964,5,354,0,0
608984,5,354,0,0
609004,5,354,0,0
609024,5,354,0,0
609044,5,354,0,0
609064,5,354,0,0
609084,5,354,0,0
609104,5,354,0,0
609124,5,354,0,0
609144,5,354,0,0
609164,5,353,0,0
609184,5,353,0,0
609204,5,353,0,0
609224,5,353,0,0
609244,5,353,0,0
609264,5,353,0,0
609284,5,353,0,0
609304,5,353,0,0
609324,5,353,0,0
609344,5,353,0,0
609364,5,353,0,0
609384,5,353,0,0
609404,5,353,0,0
609424,5,352,0,0
609444,5,352,0,0
609464,5,352,0,0
609484,5,352,0,0
609504,5,352,0,0
609524,5,352,0,0
609544,5,352,0,0
609564,5,352,0,0
609584,5,352,0,0
609604,5,352,0,0
609624,5,352,0,0
609644,5,352,0,0
609664,5,351,0,0
609684,5,351,0,0
609704,5,351,0,0
609724,5,351,0,0
609744,5,351,0,0
609764,5,351,0,0
609784,5,351,0,0
609804,5,351,0,0
609824,5,351,0,0
609844,5,351,0,0
609864,5,350,0,0
609884,5,350,0,0
609904,5,350,0,0
609924,5,350,0,0
609944,5,350,0,0
609964,5,350,0,0
609984,5,350,0,0
610004,5,350,0,0
610024,5,350,0,0
610044,5,350,0,0
610064,5,349,0,0
610084,5,349,0,0
610104,5,349,0,0
610124,5,349,0,0
610144,5,349,0,0
610164,5,349,0,0
610184,5,349,0,0
610204,5,349,0,0
610224,5,348,0,0
610244,5,348,0,0
610264,5,348,0,0
610284,5,348,0,0
610304,5,348,0,0
610324,5,348,0,0
610344,5,347,0,0
610364,5,347,0,0
610384,5,347,0,0
610404,5,347,0,0
610424,5,347,0,0
610444,5,347,0,0
610464,5,347,0,0
610484,5,347,0,0
610504,5,347,0,0
610524,5,346,0,0
610544,5,346,0,0
610564,5,346,0,0
610584,5,346,0,0
610604,5,346,0,0
610624,5,346,0,0
610644,5,346,0,0
610664,5,345,0,0
610684,5,345,0,0
610704,5,345,0,0
610724,5,345,0,0
610744,5,345,0,0
610764,5,345,0,0
610784,5,345,0,0
610804,5,345,0,0
610824,5,345,0,0
610844,5,345,0,0
610864,5,345,0,0
610884,5,344,0,0
610904,5,344,0,0
610924,5,344,0,0
610944,5,344,0,0
610964,5,344,0,0
610984,5,344,0,0
611004,5,344,0,0
611024,5,344,0,0
611044,5,344,0,0
611064,5,344,0,0
611084,5,344,0,0
611104,5,343,0,0
611124,5,343,0,0
611144,5,343,0,0
611164,5,343,0,0
611184,5,343,0,0
611204,5,343,0,0
611224,5,343,0,0
611244,5,343,0,0
611264,5,343,0,0
611284,5,343,0,0
611304,5,343,0,0
611324,5,343,0,0
611344,5,343,0,0
611364,5,342,0,0
611384,5,342,0,0
611404,5,342,0,0
611424,5,342,0,0
611444,5,342,0,0
611464,5,342,0,0
611484,5,342,0,0
611504,5,342,0,0
611524,5,342,0,0
611544,5,341,0,0
611564,5,341,0,0
611584,5,341,0,0
611604,5,341,0,0
611624,5,341,0,0
611644,5,341,0,0
611664,5,341,0,0
611684,5,341,0,0
611704,5,341,0,0
611724,5,341,0,0
611744,5,341,0,0
611764,5,340,0,0
611784,5,341,0,0
611804,5,340,0,0
611824,5,340,0,0
611844,5,340,0,0
611864,5,340,0,0
611884,5,340,0,0
611904,5,340,0,0
611924,5,340,0,0
611944,5,340,0,0
611964,5,340,0,0
611984,5,340,0,0
612004,5,339,0,0
612024,5,339,0,0
612044,5,339,0,0
612064,5,339,0,0
612084,5,339,0,0
612104,5,339,0,0
612124,5,339,0,0
612144,5,339,0,0
612164,5,339,0,0
612184,5,338,0,0
612204,5,338,0,0
612224,5,338,0,0
612244,5,338,0,0
612264,5,338,0,0
612284,5,338,0,0
612304,5,338,0,0
612324,5,338,0,0
612344,5,337,0,0
612364,5,337,0,0
612384,5,337,0,0
612404,5,337,0,0
612424,5,337,0,0
612444,5,337,0,0
612464,5,337,0,0
612484,5,336,0,0
612504,5,336,0,0
612524,5,336,0,0
612544,5,336,0,0
612564,5,336,0,0
612584,5,336,0,0
612604,5,336,0,0
612624,5,336,0,0
612644,5,336,0,0
612664,5,336,0,0
612684,5,336,0,0
612704,5,336,0,0
612724,5,336,0,0
612744,5,336,0,0
612764,5,336,0,0
612784,5,336,0,0
612804,5,336,0,0
612824,5,336,0,0
612844,5,335,0,0
612864,5,335,0,0
612884,5,335,0,0
612904,5,335,0,0
612924,5,335,0,0
612944,5,335,0,0
612964,5,335,0,0
612984,5,335,0,0
613004,5,335,0,0
613024,5,335,0,0
613044,5,335,0,0
613064,5,335,0,0
613084,5,335,0,0
613104,5,334,0,0
613124,5,334,0,0
613144,5,334,0,0
613164,5,334,0,0
613184,5,334,0,0
613204,5,334,0,0
613224,5,334,0,0
613244,5,333,0,0
613264,5,333,0,0
613284,5,333,0,0
613304,5,333,0,0
613324,5,333,0,0
613344,5,333,0,0
613364,5,333,0,0
613384,5,333,0,0
613404,5,333,0,0
613424,5,333,0,0
613444,5,333,0,0
613464,5,333,0,0
613484,5,333,0,0
613504,5,333,0,0
613524,5,333,0,0
613544,5,332,0,0
613564,5,332,0,0
613584,5,332,0,0
613604,5,332,0,0
613624,5,332,0,0
613644,5,332,0,0
613664,5,332,0,0
613684,5,332,0,0
613704,5,332,0,0
613724,5,332,0,0
613744,5,332,0,0
613764,5,331,0,0
613784,5,331,0,0
613804,5,331,0,0
613824,5,331,0,0
613844,5,330,0,0
613864,5,330,0,0
613884,5,330,0,0
613904,5,330,0,0
613924,5,330,0,0
613944,5,329,0,0
613964,5,329,0,0
613984,5,329,0,0
614004,5,329,0,0
614024,5,329,0,0
614044,5,329,0,0
614064,5,329,0,0
614084,5,329,0,0
614104,5,328,0,0
614124,5,328,0,0
614144,5,328,0,0
614164,5,328,0,0
614184,5,328,0,0
614204,5,328,0,0
614224,5,328,0,0
614244,5,327,0,0
614264,5,327,0,0
614284,5,327,0,0
614304,5,327,0,0
614324,5,327,0,0
614344,5,327,0,0
614364,5,327,0,0
614384,5,327,0,0
614404,5,327,0,0
614424,5,327,0,0
614444,5,327,0,0
614464,5,326,0,0
614484,5,326,0,0
614504,5,326,0,0
614524,5,326,0,0
614544,5,326,0,0
614564,5,326,0,0
614584,5,326,0,0
614604,5,326,0,0
614624,5,326,0,0
614644,5,326,0,0
614664,5,326,0,0
614684,5,326,0,0
614704,5,326,0,0
614724,5,326,0,0
614744,5,326,0,0
614764,5,325,0,0
614784,5,325,0,0
614804,5,325,0,0
614824,5,325,0,0
614844,5,325,0,0
614864,5,325,0,0
614884,5,325,0,0
614904,5,325,0,0
614924,5,325,0,0
614944,5,324,0,0
614964,5,324,0,0
614984,5,324,0,0
615004,5,324,0,0
615024,5,324,0,0
615044,5,324,0,0
615064,5,324,0,0
615084,5,324,0,0
615104,5,324,0,0
615124,5,324,0,0
615144,5,323,0,0
615164,5,323,0,0
615184,5,323,0,0
615204,5,323,0,0
615224,5,323,0,0
615244,5,323,0,0
615264,5,323,0,0
615284,5,323,0,0
615304,5,323,0,0
615324,5,322,0,0
615344,5,322,0,0
615364,5,322,0,0
615384,5,322,0,0
615404,5,322,0,0
615424,5,322,0,0
615444,5,322,0,0
615464,5,322,0,0
615484,5,322,0,0
615504,5,321,0,0
615524,5,321,0,0
615544,5,321,0,0
615564,5,321,0,0
615584,5,321,0,0
615604,5,321,0,0
615624,5,321,0,0
615644,5,321,0,0
615664,5,321,0,0
615684,5,321,0,0
615704,5,321,0,0
615724,5,321,0,0
615744,5,320,0,0
615764,5,320,0,0
615784,5,320,0,0
615804,5,320,0,0
615824,5,320,0,0
615844,5,320,0,0
615864,5,320,0,0
615884,5,320,0,0
615904,5,320,0,0
615924,5,320,0,0
615944,5,320,0,0
615964,5,319,0,0
615984,5,319,0,0
616004,5,319,0,0
616024,5,319,0,0
616044,5,319,0,0
616064,5,319,0,0
616084,5,319,0,0
616104,5,319,0,0
616124,5,318,0,0
616144,5,318,0,0
616164,5,318,0,0
616184,5,318,0,0
616204,5,318,0,0
616224,5,318,0,0
616244,5,318,0,0
616264,5,318,0,0
616284,5,318,0,0
616304,5,317,0,0
616324,5,317,0,0
616344,5,317,0,0
616364,5,317,0,0
616384,5,317,0,0
616404,5,317,0,0
616424,5,317,0,0
616444,5,317,0,0
616464,5,317,0,0
616484,5,317,0,0
616504,5,316,0,0
616524,5,316,0,0
616544,5,316,0,0
616564,5,316,0,0
616584,5,316,0,0
616604,5,316,0,0
616624,5,316,0,0
616644,5,316,0,0
616664,5,316,0,0
616684,5,316,0,0
616704,5,316,0,0
616724,5,316,0,0
616744,5,315,0,0
616764,5,315,0,0
616784,5,315,0,0
616804,5,315,0,0
616824,5,315,0,0
616844,5,315,0,0
616864,5,315,0,0
616884,5,315,0,0
616904,5,315,0,0
616924,5,315,0,0
616944,5,315,0,0
616964,5,315,0,0
616984,5,314,0,0
617004,5,314,0,0
617024,5,314,0,0
617044,5,314,0,0
617064,5,314,0,0
617084,5,314,0,0
617104,5,314,0,0
617124,5,314,0,0
617144,5,314,0,0
617164,5,313,0,0
617184,5,313,0,0
617204,5,313,0,0
617224,5,313,0,0
617244,5,313,0,0
617264,5,313,0,0
617284,5,313,0,0
617304,5,312,0,0
617324,5,312,0,0
617344,5,312,0,0
617364,5,312,0,0
617384,5,312,0,0
617404,5,312,0,0
617424,5,312,0,0
617444,5,311,0,0
617464,5,311,0,0
617484,5,311,0,0
617504,5,311,0,0
617524,5,311,0,0
617544,5,311,0,0
617564,5,311,0,0
617584,5,311,0,0
617604,5,310,0,0
617624,5,310,0,0
617644,5,310,0,0
617664,5,310,0,0
617684,5,310,0,0
617704,5,310,0,0
617724,5,310,0,0
617744,5,310,0,0
617764,5,309,0,0
617784,5,309,0,0
617804,5,309,0,0
617824,5,309,0,0
617844,5,309,0,0
617864,5,309,0,0
617884,5,309,0,0
617904,5,309,0,0
617924,5,309,0,0
617944,5,309,0,0
617964,5,308,0,0
617984,5,308,0,0
618004,5,308,0,0
618024,5,308,0,0
618044,5,308,0,0
618064,5,308,0,0
618084,5,308,0,0
618104,5,308,0,0
618124,5,308,0,0
618144,5,307,0,0
618164,5,307,0,0
618184,5,307,0,0
618204,5,307,0,0
618224,5,307,0,0
618244,5,307,0,0
618264,5,307,0,0
618284,5,307,0,0
618304,5,307,0,0
618324,5,306,0,0
618344,5,306,0,0
618364,5,306,0,0
618384,5,306,0,0
618404,5,306,0,0
618424,5,306,0,0
618444,5,306,0,0
618464,5,306,0,0
618484,5,306,0,0
618504,5,306,0,0
618524,5,306,0,0
618544,5,306,0,0
618564,5,305,0,0
618584,5,305,0,0
618604,5,305,0,0
618624,5,305,0,0
618644,5,305,0,0
618664,5,305,0,0
618684,5,305,0,0
618704,5,305,0,0
618724,5,305,0,0
618744,5,305,0,0
618764,5,305,0,0
618784,5,304,0,0
618804,5,304,0,0
618824,5,304,0,0
618844,5,304,0,0
618864,5,304,0,0
618884,5,304,0,0
618904,5,304,0,0
618924,5,304,0,0
618944,5,303,0,0
618964,5,303,0,0
618984,5,303,0,0
619004,5,303,0,0
619024,5,303,0,0
619044,5,303,0,0
619064,5,303,0,0
619084,5,303,0,0
619104,5,303,0,0
619124,5,302,0,0
619144,5,302,0,0
619164,5,302,0,0
619184,5,302,0,0
619204,5,302,0,0
619224,5,302,0,0
619244,5,302,0,0
619264,5,302,0,0
619284,5,301,0,0
619304,5,301,0,0
619324,5,301,0,0
619344,5,301,0,0
619364,5,301,0,0
619384,5,301,0,0
619404,5,301,0,0
619424,5,301,0,0
619444,5,301,0,0
619464,5,300,0,0
619484,5,300,0,0
619504,5,300,0,0
619524,5,300,0,0
619544,5,300,0,0
619564,5,301,0,0
619584,5,301,0,0
619604,5,300,0,0
619624,5,300,0,0
619644,5,300,0,0
619664,5,300,0,0
619684,5,300,0,0
619704,5,300,0,0
619724,5,300,0,0
619744,5,300,0,0
619764,5,300,0,0
619784,5,300,0,0
619804,5,300,0,0
619824,5,300,0,0
619844,5,300,0,0
619864,5,300,0,0
619884,5,299,0,0
619904,5,299,0,0
619924,5,299,0,0
619944,5,299,0,0
619964,5,299,0,0
619984,5,299,0,0
620004,5,299,0,0
620024,5,299,0,0
620044,5,299,0,0
620064,5,299,0,0
620084,5,299,0,0
620104,5,299,0,0
620124,5,298,0,0
620144,5,298,0,0
620164,5,298,0,0
620184,5,298,0,0
620204,5,298,0,0
620224,5,298,0,0
620244,5,298,0,0
620264,5,297,0,0
620284,5,297,0,0
620304,5,297,0,0
620324,5,297,0,0
620344,5,297,0,0
620364,5,297,0,0
620384,5,296,0,0
620404,5,296,0,0
620424,5,296,0,0
620444,5,296,0,0
620464,5,296,0,0
620484,5,296,0,0
620504,5,296,0,0
620524,5,296,0,0
620544,5,295,0,0
620564,5,295,0,0
620584,5,295,0,0
620604,5,295,0,0
620624,5,295,0,0
620644,5,295,0,0
620664,5,295,0,0
620684,5,295,0,0
620704,5,295,0,0
620724,5,294,0,0
620744,5,294,0,0
620764,5,294,0,0
620784,5,294,0,0
620804,5,294,0,0
620824,5,294,0,0
620844,5,294,0,0
620864,5,294,0,0
620884,5,294,0,0
620904,5,294,0,0
620924,5,293,0,0
620944,5,293,0,0
620964,5,293,0,0
620984,5,293,0,0
621004,5,293,0,0
621024,5,293,0,0
621044,5,293,0,0
621064,5,293,0,0
621084,5,293,0,0
621104,5,293,0,0
621124,5,293,0,0
621144,5,293,0,0
621164,5,293,0,0
621184,5,293,0,0
621204,5,293,0,0
621224,5,293,0,0
621244,5,293,0,0
621264,5,293,0,0
621284,5,293,0,0
621304,5,293,0,0
621324,5,293,0,0
621344,5,293,0,0
621364,5,292,0,0
621384,5,292,0,0
621404,5,292,0,0
621424,5,292,0,0
621444,5,292,0,0
621464,5,292,0,0
621484,5,292,0,0
621504,5,292,0,0
621524,5,291,0,0
621544,5,291,0,0
621564,5,291,0,0
621584,5,291,0,0
621604,5,291,0,0
621624,5,291,0,0
621644,5,291,0,0
621664,5,291,0,0
621684,5,290,0,0
621704,5,290,0,0
621724,5,290,0,0
621744,5,290,0,0
621764,5,290,0,0
621784,5,290,0,0
621804,5,290,0,0
621824,5,289,0,0
621844,5,289,0,0
621864,5,289,0,0
621884,5,289,0,0
621904,5,289,0,0
621924,5,289,0,0
621944,5,289,0,0
621964,5,288,0,0
621984,5,288,0,0
622004,5,288,0,0
622024,5,288,0,0
622044,5,288,0,0
622064,5,288,0,0
622084,5,288,0,0
622104,5,288,0,0
622124,5,287,0,0
622144,5,287,0,0
622164,5,287,0,0
622184,5,287,0,0
622204,5,287,0,0
622224,5,287,0,0
622244,5,287,0,0
622264,5,287,0,0
622284,5,287,0,0
622304,5,286,0,0
622324,5,286,0,0
622344,5,286,0,0
622364,5,286,0,0
622384,5,286,0,0
622404,5,286,0,0
622424,5,286,0,0
622444,5,286,0,0
622464,5,286,0,0
622484,5,286,0,0
622504,5,285,0,0
622524,5,285,0,0
622544,5,285,0,0
622564,5,285,0,0
622584,5,285,0,0
622604,5,285,0,0
622624,5,285,0,0
622644,5,285,0,0
622664,5,285,0,0
622684,5,285,0,0
622704,5,284,0,0
622724,5,284,0,0
622744,5,284,0,0
622764,5,284,0,0
622784,5,284,0,0
622804,5,284,0,0
622824,5,284,0,0
622844,5,284,0,0
622864,5,284,0,0
622884,5,283,0,0
622904,5,283,0,0
622924,5,283,0,0
622944,5,283,0,0
622964,5,283,0,0
622984,5,283,0,0
623004,5,283,0,0
623024,5,283,0,0
623044,5,283,0,0
623064,5,283,0,0
623084,5,283,0,0
623104,5,282,0,0
623124,5,282,0,0
623144,5,282,0,0
623164,5,282,0,0
623184,5,282,0,0
623204,5,282,0,0
623224,5,282,0,0
623244,5,282,0,0
623264,5,281,0,0
623284,5,281,0,0
623304,5,281,0,0
623324,5,281,0,0
623344,5,281,0,0
623364,5,281,0,0
623384,5,280,0,0
623404,5,280,0,0
623424,5,280,0,0
623444,5,280,0,0
623464,5,280,0,0
623484,5,280,0,0
623504,5,280,0,0
623524,5,280,0,0
623544,5,280,0,0
623564,5,279,0,0
623584,5,279,0,0
623604,5,279,0,0
623624,5,279,0,0
623644,5,279,0,0
623664,5,279,0,0
623684,5,279,0,0
623704,5,279,0,0
623724,5,279,0,0
623744,5,279,0,0
623764,5,279,0,0
623784,5,279,0,0
623804,5,279,0,0
623824,5,279,0,0
623844,5,279,0,0
623864,5,279,0,0
623884,5,279,0,0
623904,5,279,0,0
623924,5,279,0,0
623944,5,278,0,0
623964,5,278,0,0
623984,5,278,0,0
624004,5,278,0,0
624024,5,278,0,0
624044,5,278,0,0
624064,5,278,0,0
624084,5,278,0,0
624104,5,278,0,0
624124,5,278,0,0
624144,5,278,0,0
624164,5,278,0,0
624184,5,278,0,0
624204,5,278,0,0
624224,5,277,0,0
624244,5,277,0,0
624264,5,277,0,0
624284,5,277,0,0
624304,5,277,0,0
624324,5,277,0,0
624344,5,277,0,0
624364,5,277,0,0
624384,5,276,0,0
624404,5,276,0,0
624424,5,276,0,0
624444,5,276,0,0
624464,5,276,0,0
624484,5,276,0,0
624504,5,276,0,0
624524,5,276,0,0
624544,5,275,0,0
624564,5,275,0,0
624584,5,275,0,0
624604,5,275,0,0
624624,5,275,0,0
624644,5,275,0,0
624664,5,275,0,0
624684,5,275,0,0
624704,5,274,0,0
624724,5,274,0,0
624744,5,274,0,0
624764,5,274,0,0
624784,5,274,0,0
624804,5,274,0,0
624824,5,274,0,0
624844,5,274,0,0
624864,5,274,0,0
624884,5,274,0,0
624904,5,274,0,0
624924,5,273,0,0
624944,5,273,0,0
624964,5,273,0,0
624984,5,273,0,0
625004,5,273,0,0
625024,5,273,0,0
625044,5,273,0,0
625064,5,273,0,0
625084,5,273,0,0
625104,5,272,0,0
625124,5,272,0,0
625144,5,272,0,0
625164,5,272,0,0
625184,5,272,0,0
625204,5,272,0,0
625224,5,272,0,0
625244,5,272,0,0
625264,5,272,0,0
625284,5,272,0,0
625304,5,271,0,0
625324,5,271,0,0
625344,5,271,0,0
625364,5,271,0,0
625384,5,271,0,0
625404,5,271,0,0
625424,5,271,0,0
625444,5,271,0,0
625464,5,271,0,0
625484,5,270,0,0
625504,5,270,0,0
625524,5,270,0,0
625544,5,270,0,0
625564,5,270,0,0
625584,5,270,0,0
625604,5,270,0,0
625624,5,270,0,0
625644,5,269,0,0
625664,5,269,0,0
625684,5,269,0,0
625704,5,269,0,0
625724,5,269,0,0
625744,5,269,0,0
625764,5,269,0,0
625784,5,269,0,0
625804,5,269,0,0
625824,5,269,0,0
625844,5,269,0,0
625864,5,269,0,0
625884,5,269,0,0
625904,5,269,0,0
625924,5,268,0,0
625944,5,268,0,0
625964,5,268,0,0
625984,5,268,0,0
626004,5,268,0,0
626024,5,268,0,0
626044,5,268,0,0
626064,5,267,0,0
626084,5,267,0,0
626104,5,267,0,0
626124,5,267,0,0
626144,5,267,0,0
626164,5,267,0,0
626184,5,267,0,0
626204,5,267,0,0
626224,5,267,0,0
626244,5,266,0,0
626264,5,266,0,0
626284,5,266,0,0
626304,5,266,0,0
626324,5,266,0,0
626344,5,266,0,0
626364,5,266,0,0
626384,5,266,0,0
626404,5,265,0,0
626424,5,265,0,0
626444,5,265,0,0
626464,5,265,0,0
626484,5,265,0,0
626504,5,265,0,0
626524,5,265,0,0
626544,5,265,0,0
626564,5,265,0,0
626584,5,265,0,0
626604,5,264,0,0
626624,5,264,0,0
626644,5,264,0,0
626664,5,264,0,0
626684,5,264,0,0
626704,5,264,0,0
626724,5,263,0,0
626744,5,263,0,0
626764,5,263,0,0
626784,5,263,0,0
626804,5,263,0,0
626824,5,263,0,0
626844,5,262,0,0
626864,5,262,0,0
626884,5,262,0,0
626904,5,262,0,0
626924,5,262,0,0
626944,5,261,0,0
626964,5,261,0,0
626984,5,261,0,0
627004,5,261,0,0
627024,5,261,0,0
627044,5,261,0,0
627064,5,260,0,0
627084,5,260,0,0
627104,5,260,0,0
627124,5,260,0,0
627144,5,260,0,0
627164,5,260,0,0
627184,5,260,0,0
627204,5,260,0,0
627224,5,259,0,0
627244,5,259,0,0
627264,5,259,0,0
627284,5,259,0,0
627304,5,259,0,0
627324,5,259,0,0
627344,5,259,0,0
627364,5,259,0,0
627384,5,259,0,0
627404,5,259,0,0
627424,5,258,0,0
627444,5,258,0,0
627464,5,258,0,0
627484,5,258,0,0
627504,5,258,0,0
627524,5,258,0,0
627544,5,258,0,0
627564,5,258,0,0
627584,5,258,0,0
627604,5,258,0,0
627624,5,257,0,0
627644,5,257,0,0
627664,5,257,0,0
627684,5,257,0,0
627704,5,257,0,0
627724,5,257,0,0
627744,5,257,0,0
627764,5,257,0,0
627784,5,257,0,0
627804,5,257,0,0
627824,5,256,0,0
627844,5,256,0,0
627864,5,256,0,0
627884,5,256,0,0
627904,5,256,0,0
627924,5,256,0,0
627944,5,255,0,0
627964,5,255,0,0
627984,5,255,0,0
628004,5,255,0,0
628024,5,255,0,0
628044,5,255,0,0
628064,5,254,0,0
628084,5,254,0,0
628104,5,254,0,0
628124,5,254,0,0
628144,5,254,0,0
628164,5,254,0,0
628184,5,254,0,0
628204,5,253,0,0
628224,5,253,0,0
628244,5,253,0,0
628264,5,253,0,0
628284,5,253,0,0
628304,5,253,0,0
628324,5,253,0,0
628344,5,253,0,0
628364,5,253,0,0
628384,5,252,0,0
628404,5,252,0,0
628424,5,252,0,0
628444,5,252,0,0
628464,5,252,0,0
628484,5,252,0,0
628504,5,251,0,0
628524,5,251,0,0
628544,5,251,0,0
628564,5,251,0,0
628584,5,251,0,0
628604,5,251,0,0
628624,5,251,0,0
628644,5,250,0,0
628664,5,250,0,0
628684,5,250,0,0
628704,5,250,0,0
628724,5,250,0,0
628744,5,250,0,0
628764,5,250,0,0
628784,5,250,0,0
628804,5,250,0,0
628824,5,250,0,0
628844,5,249,0,0
628864,5,249,0,0
628884,5,249,0,0
628904,5,249,0,0
628924,5,249,0,0
628944,5,249,0,0
628964,5,249,0,0
628984,5,249,0,0
629004,5,249,0,0
629024,5,249,0,0
629044,5,249,0,0
629064,5,249,0,0
629084,5,249,0,0
629104,5,249,0,0
629124,5,248,0,0
629144,5,248,0,0
629164,5,248,0,0
629184,5,248,0,0
629204,5,248,0,0
629224,5,248,0,0
629244,5,248,0,0
629264,5,248,0,0
629284,5,248,0,0
629304,5,248,0,0
629324,5,248,0,0
629344,5,247,0,0
629364,5,247,0,0
629384,5,247,0,0
629404,5,247,0,0
629424,5,247,0,0
629444,5,247,0,0
629464,5,247,0,0
629484,5,247,0,0
629504,5,247,0,0
629524,5,247,0,0
629544,5,246,0,0
629564,5,246,0,0
629584,5,246,0,0
629604,5,246,0,0
629624,5,246,0,0
629644,5,246,0,0
629664,5,245,0,0
629684,5,245,0,0
629704,5,245,0,0
629724,5,245,0,0
629744,5,245,0,0
629764,5,245,0,0
629784,5,244,0,0
629804,5,244,0,0
629824,5,244,0,0
629844,5,244,0,0
629864,5,244,0,0
629884,5,243,0,0
629904,5,243,0,0
629924,5,243,0,0
629944,5,243,0,0
629964,5,243,0,0
629984,5,243,0,0
630004,5,242,0,0
630024,5,242,0,0
630044,5,242,0,0
630064,5,242,0,0
630084,5,242,0,0
630104,5,242,0,0
630124,5,242,0,0
630144,5,242,0,0
630164,5,241,0,0
630184,5,241,0,0
630204,5,241,0,0
630224,5,241,0,0
630244,5,241,0,0
630264,5,241,0,0
630284,5,241,0,0
630304,5,241,0,0
630324,5,241,0,0
630344,5,241,0,0
630364,5,240,0,0
630384,5,240,0,0
630404,5,240,0,0
630424,5,240,0,0
630444,5,240,0,0
630464,5,240,0,0
630484,5,239,0,0
630504,5,239,0,0
630524,5,239,0,0
630544,5,239,0,0
630564,5,239,0,0
630584,5,238,0,0
630604,5,238,0,0
630624,5,238,0,0
630644,5,238,0,0
630664,5,238,0,0
630684,5,238,0,0
630704,5,237,0,0
630724,5,237,0,0
630744,5,237,0,0
630764,5,237,0,0
630784,5,237,0,0
630804,5,237,0,0
630824,5,237,0,0
630844,5,236,0,0
630864,5,236,0,0
630884,5,236,0,0
630904,5,236,0,0
630924,5,236,0,0
630944,5,236,0,0
630964,5,236,0,0
630984,5,236,0,0
631004,5,236,0,0
631024,5,235,0,0
631044,5,235,0,0
631064,5,235,0,0
631084,5,235,0,0
631104,5,235,0,0
631124,5,235,0,0
631144,5,235,0,0
631164,5,235,0,0
631184,5,234,0,0
631204,5,234,0,0
631224,5,234,0,0
631244,5,234,0,0
631264,5,234,0,0
631284,5,234,0,0
631304,5,234,0,0
631324,5,234,0,0
631344,5,234,0,0
631364,5,234,0,0
631384,5,233,0,0
631404,5,233,0,0
631424,5,233,0,0
631444,5,233,0,0
631464,5,233,0,0
631484,5,233,0,0
631504,5,232,0,0
631524,5,232,0,0
631544,5,232,0,0
631564,5,232,0,0
631584,5,232,0,0
631604,5,232,0,0
631624,5,232,0,0
631644,5,231,0,0
631664,5,231,0,0
631684,5,231,0,0
631704,5,231,0,0
631724,5,231,0,0
631744,5,231,0,0
631764,5,231,0,0
631784,5,231,0,0
631804,5,231,0,0
631824,5,231,0,0
631844,5,231,0,0
631864,5,231,0,0
631884,5,230,0,0
631904,5,230,0,0
631924,5,230,0,0
631944,5,230,0,0
631964,5,230,0,0
631984,5,230,0,0
632004,5,230,0,0
632024,5,230,0,0
632044,5,230,0,0
632064,5,230,0,0
632084,5,230,0,0
632104,5,229,0,0
632124,5,229,0,0
632144,5,229,0,0
632164,5,229,0,0
632184,5,229,0,0
632204,5,229,0,0
632224,5,228,0,0
632244,5,228,0,0
632264,5,228,0,0
632284,5,228,0,0
632304,5,228,0,0
632324,5,228,0,0
632344,5,228,0,0
632364,5,228,0,0
632384,5,228,0,0
632404,5,228,0,0
632424,5,228,0,0
632444,5,228,0,0
632464,5,228,0,0
632484,5,228,0,0
632504,5,228,0,0
632524,5,227,0,0
632544,5,227,0,0
632564,5,227,0,0
632584,5,227,0,0
632604,5,227,0,0
632624,5,227,0,0
632644,5,227,0,0
632664,5,226,0,0
632684,5,226,0,0
632704,5,226,0,0
632724,5,226,0,0
632744,5,226,0,0
632764,5,225,0,0
632784,5,225,0,0
632804,5,225,0,0
632824,5,225,0,0
632844,5,225,0,0
632864,5,224,0,0
632884,5,224,0,0
632904,5,224,0,0
632924,5,224,0,0
632944,5,224,0,0
632964,5,223,0,0
632984,5,223,0,0
633004,5,223,0,0
633024,5,223,0,0
633044,5,223,0,0
633064,5,223,0,0
633084,5,223,0,0
633104,5,223,0,0
633124,5,223,0,0
633144,5,222,0,0
633164,5,222,0,0
633184,5,222,0,0
633204,5,222,0,0
633224,5,222,0,0
633244,5,222,0,0
633264,5,222,0,0
633284,5,222,0,0
633304,5,222,0,0
633324,5,222,0,0
633344,5,221,0,0
633364,5,221,0,0
633384,5,221,0,0
633404,5,221,0,0
633424,5,221,0,0
633444,5,221,0,0
633464,5,221,0,0
633484,5,221,0,0
633504,5,221,0,0
633524,5,221,0,0
633544,5,221,0,0
633564,5,221,0,0
633584,5,221,0,0
633604,5,221,0,0
633624,5,221,0,0
633644,5,221,0,0
633664,5,220,0,0
633684,5,220,0,0
633704,5,220,0,0
633724,5,220,0,0
633744,5,220,0,0
633764,5,220,0,0
633784,5,220,0,0
633804,5,220,0,0
633824,5,220,0,0
633844,5,219,0,0
633864,5,219,0,0
633884,5,219,0,0
633904,5,219,0,0
633924,5,219,0,0
633944,5,219,0,0
633964,5,219,0,0
633984,5,218,0,0
634004,5,218,0,0
634024,5,218,0,0
634044,5,218,0,0
634064,5,218,0,0
634084,5,218,0,0
634104,5,217,0,0
634124,5,217,0,0
634144,5,217,0,0
634164,5,217,0,0
634184,5,217,0,0
634204,5,216,0,0
634224,5,216,0,0
634244,5,216,0,0
634264,5,216,0,0
634284,5,215,0,0
634304,5,215,0,0
634324,5,215,0,0
634344,5,215,0,0
634364,5,215,0,0
634384,5,215,0,0
634404,5,215,0,0
634424,5,215,0,0
634444,5,214,0,0
634464,5,214,0,0
634484,5,214,0,0
634504,5,214,0,0
634524,5,214,0,0
634544,5,214,0,0
634564,5,214,0,0
634584,5,214,0,0
634604,5,213,0,0
634624,5,213,0,0
634644,5,213,0,0
634664,5,213,0,0
634684,5,213,0,0
634704,5,213,0,0
634724,5,213,0,0
634744,5,213,0,0
634764,5,212,0,0
634784,5,212,0,0
634804,5,212,0,0
634824,5,212,0,0
634844,5,212,0,0
634864,5,212,0,0
634884,5,212,0,0
634904,5,212,0,0
634924,5,211,0,0
634944,5,211,0,0
634964,5,211,0,0
634984,5,211,0,0
635004,5,211,0,0
635024,5,211,0,0
635044,5,211,0,0
635064,5,211,0,0
635084,5,210,0,0
635104,5,210,0,0
635124,5,210,0,0
635144,5,210,0,0
635164,5,210,0,0
635184,5,210,0,0
635204,5,210,0,0
635224,5,210,0,0
635244,5,210,0,0
635264,5,209,0,0
635284,5,209,0,0
635304,5,209,0,0
635324,5,209,0,0
635344,5,209,0,0
635364,5,209,0,0
635384,5,209,0,0
635404,5,209,0,0
635424,5,209,0,0
635444,5,209,0,0
635464,5,209,0,0
635484,5,208,0,0
635504,5,208,0,0
635524,5,208,0,0
635544,5,208,0,0
635564,5,208,0,0
635584,5,208,0,0
635604,5,208,0,0
635624,5,208,0,0
635644,5,208,0,0
635664,5,208,0,0
635684,5,208,0,0
635704,5,207,0,0
635724,5,207,0,0
635744,5,207,0,0
635764,5,207,0,0
635784,5,207,0,0
635804,5,207,0,0
635824,5,207,0,0
635844,5,207,0,0
635864,5,207,0,0
635884,5,206,0,0
635904,5,206,0,0
635924,5,206,0,0
635944,5,206,0,0
635964,5,206,0,0
635984,5,206,0,0
636004,5,206,0,0
636024,5,206,0,0
636044,5,205,0,0
636064,5,205,0,0
636084,5,205,0,0
636104,5,205,0,0
636124,5,205,0,0
636144,5,205,0,0
636164,5,205,0,0
636184,5,204,0,0
636204,5,205,0,0
636224,5,204,0,0
636244,5,204,0,0
636264,5,204,0,0
636284,5,204,0,0
636304,5,204,0,0
636324,5,204,0,0
636344,5,204,0,0
636364,5,204,0,0
636384,5,204,0,0
636404,5,204,0,0
636424,5,203,0,0
636444,5,203,0,0
636464,5,203,0,0
636484,5,203,0,0
636504,5,203,0,0
636524,5,203,0,0
636544,5,203,0,0
636564,5,203,0,0
636584,5,203,0,0
636604,5,203,0,0
636624,5,203,0,0
636644,5,202,0,0
636664,5,202,0,0
636684,5,202,0,0
636704,5,202,0,0
636724,5,202,0,0
636744,5,202,0,0
636764,5,202,0,0
636784,5,202,0,0
636804,5,201,0,0
636824,5,201,0,0
636844,5,201,0,0
636864,5,201,0,0
636884,5,201,0,0
636904,5,201,0,0
636924,5,201,0,0
636944,5,201,0,0
636964,5,201,0,0
636984,5,201,0,0
637004,5,200,0,0
637024,5,200,0,0
637044,5,200,0,0
637064,5,200,0,0
637084,5,200,0,0
637104,5,200,0,0
637124,5,200,0,0
637144,5,200,0,0
637164,5,200,0,0
637184,5,199,0,0
637204,5,199,0,0
637224,5,199,0,0
637244,5,199,0,0
637264,5,199,0,0
637284,5,199,0,0
637304,5,199,0,0
637324,5,199,0,0
637344,5,199,0,0
637364,5,199,0,0
637384,5,198,0,0
637404,5,198,0,0
637424,5,198,0,0
637444,5,198,0,0
637464,5,198,0,0
637484,5,198,0,0
637504,5,198,0,0
637524,5,198,0,0
637544,5,198,0,0
637564,5,198,0,0
637584,5,198,0,0
637604,5,197,0,0
637624,5,197,0,0
637644,5,197,0,0
637664,5,197,0,0
637684,5,197,0,0
637704,5,197,0,0
637724,5,197,0,0
637744,5,196,0,0
637764,5,196,0,0
637784,5,196,0,0
637804,5,196,0,0
637824,5,196,0,0
637844,5,196,0,0
637864,5,195,0,0
637884,5,195,0,0
637904,5,195,0,0
637924,5,195,0,0
637944,5,195,0,0
637964,5,195,0,0
637984,5,195,0,0
638004,5,195,0,0
638024,5,195,0,0
638044,5,194,0,0
638064,5,194,0,0
638084,5,194,0,0
638104,5,194,0,0
638124,5,194,0,0
638144,5,194,0,0
638164,5,194,0,0
638184,5,194,0,0
638204,5,194,0,0
638224,5,194,0,0
638244,5,193,0,0
638264,5,193,0,0
638284,5,193,0,0
638304,5,193,0,0
638324,5,193,0,0
638344,5,193,0,0
638364,5,192,0,0
638384,5,192,0,0
638404,5,192,0,0
638424,5,192,0,0
638444,5,192,0,0
638464,5,192,0,0
638484,5,192,0,0
638504,5,191,0,0
638524,5,191,0,0
638544,5,191,0,0
638564,5,191,0,0
638584,5,191,0,0
638604,5,191,0,0
638624,5,191,0,0
638644,5,191,0,0
638664,5,191,0,0
638684,5,190,0,0
638704,5,190,0,0
638724,5,190,0,0
638744,5,190,0,0
638764,5,190,0,0
638784,5,190,0,0
638804,5,190,0,0
638824,5,189,0,0
638844,5,189,0,0
638864,5,189,0,0
638884,5,189,0,0
638904,5,189,0,0
638924,5,189,0,0
638944,5,189,0,0
638964,5,189,0,0
638984,5,189,0,0
639004,5,188,0,0
639024,5,188,0,0
639044,5,188,0,0
639064,5,188,0,0
639084,5,188,0,0
639104,5,188,0,0
639124,5,188,0,0
639144,5,188,0,0
639164,5,187,0,0
639184,5,187,0,0
639204,5,187,0,0
639224,5,187,0,0
639244,5,187,0,0
639264,5,187,0,0
639284,5,187,0,0
639304,5,187,0,0
639324,5,186,0,0
639344,5,186,0,0
639364,5,186,0,0
639384,5,186,0,0
639404,5,186,0,0
639424,5,186,0,0
639444,5,186,0,0
639464,5,185,0,0
639484,5,185,0,0
639504,5,185,0,0
639524,5,185,0,0
639544,5,185,0,0
639564,5,185,0,0
639584,5,185,0,0
639604,5,185,0,0
639624,5,184,0,0
639644,5,184,0,0
639664,5,184,0,0
639684,5,184,0,0
639704,5,184,0,0
639724,5,184,0,0
639744,5,184,0,0
639764,5,183,0,0
639784,5,183,0,0
639804,5,183,0,0
639824,5,183,0,0
639844,5,183,0,0
639864,5,183,0,0
639884,5,183,0,0
639904,5,182,0,0
639924,5,182,0,0
639944,5,182,0,0
639964,5,182,0,0
639984,5,182,0,0
640004,5,182,0,0
640024,5,182,0,0
640044,5,181,0,0
640064,5,181,0,0
640084,5,181,0,0
640104,5,181,0,0
640124,5,181,0,0
640144,5,181,0,0
640164,5,181,0,0
640184,5,181,0,0
640204,5,181,0,0
640224,5,181,0,0
640244,5,180,0,0
640264,5,180,0,0
640284,5,180,0,0
640304,5,180,0,0
640324,5,180,0,0
640344,5,180,0,0
640364,5,180,0,0
640384,5,180,0,0
640404,5,180,0,0
640424,5,180,0,0
640444,5,180,0,0
640464,5,179,0,0
640484,5,179,0,0
640504,5,179,0,0
640524,5,179,0,0
640544,5,179,0,0
640564,5,179,0,0
640584,5,179,0,0
640604,5,179,0,0
640624,5,179,0,0
640644,5,179,0,0
640664,5,178,0,0
640684,5,178,0,0
640704,5,178,0,0
640724,5,178,0,0
640744,5,178,0,0
640764,5,178,0,0
640784,5,178,0,0
640804,5,178,0,0
640824,5,178,0,0
640844,5,177,0,0
640864,5,177,0,0
640884,5,177,0,0
640904,5,177,0,0
640924,5,177,0,0
640944,5,177,0,0
640964,5,177,0,0
640984,5,177,0,0
641004,5,177,0,0
641024,5,177,0,0
641044,5,177,0,0
641064,5,176,0,0
641084,5,176,0,0
641104,5,176,0,0
641124,5,176,0,0
641144,5,176,0,0
641164,5,176,0,0
641184,5,176,0,0
641204,5,176,0,0
641224,5,175,0,0
641244,5,175,0,0
641264,5,175,0,0
641284,5,175,0,0
641304,5,175,0,0
641324,5,175,0,0
641344,5,175,0,0
641364,5,175,0,0
641384,5,174,0,0
641404,5,174,0,0
641424,5,174,0,0
641444,5,174,0,0
641464,5,174,0,0
641484,5,174,0,0
641504,5,174,0,0
641524,5,174,0,0
641544,5,173,0,0
641564,5,173,0,0
641584,5,173,0,0
641604,5,173,0,0
641624,5,173,0,0
641644,5,173,0,0
641664,5,172,0,0
641684,5,172,0,0
641704,5,172,0,0
641724,5,172,0,0
641744,5,172,0,0
641764,5,172,0,0
641784,5,172,0,0
641804,5,172,0,0
641824,5,172,0,0
641844,5,172,0,0
641864,5,171,0,0
641884,5,171,0,0
641904,5,171,0,0
641924,5,171,0,0
641944,5,171,0,0
641964,5,171,0,0
641984,5,171,0,0
642004,5,171,0,0
642024,5,171,0,0
642044,5,171,0,0
642064,5,171,0,0
642084,5,171,0,0
642104,5,170,0,0
642124,5,170,0,0
642144,5,170,0,0
642164,5,170,0,0
642184,5,170,0,0
642204,5,170,0,0
642224,5,170,0,0
642244,5,170,0,0
642264,5,170,0,0
642284,5,170,0,0
642304,5,170,0,0
642324,5,169,0,0
642344,5,169,0,0
642364,5,169,0,0
642384,5,169,0,0
642404,5,169,0,0
642424,5,169,0,0
642444,5,169,0,0
642464,5,169,0,0
642484,5,169,0,0
642504,5,169,0,0
642524,5,169,0,0
642544,5,169,0,0
642564,5,169,0,0
642584,5,168,0,0
642604,5,168,0,0
642624,5,168,0,0
642644,5,168,0,0
642664,5,168,0,0
642684,5,168,0,0
642704,5,167,0,0
642724,5,167,0,0
642744,5,167,0,0
642764,5,167,0,0
642784,5,167,0,0
642804,5,166,0,0
642824,5,166,0,0
642844,5,166,0,0
642864,5,166,0,0
642884,5,166,0,0
642904,5,166,0,0
642924,5,166,0,0
642944,5,166,0,0
642964,5,165,0,0
642984,5,165,0,0
643004,5,165,0,0
643024,5,165,0,0
643044,5,165,0,0
643064,5,165,0,0
643084,5,165,0,0
643104,5,165,0,0
643124,5,164,0,0
643144,5,164,0,0
643164,5,164,0,0
643184,5,164,0,0
643204,5,164,0,0
643224,5,164,0,0
643244,5,164,0,0
643264,5,164,0,0
643284,5,164,0,0
643304,5,163,0,0
643324,5,163,0,0
643344,5,163,0,0
643364,5,163,0,0
643384,5,163,0,0
643404,5,163,0,0
643424,5,163,0,0
643444,5,163,0,0
643464,5,163,0,0
643484,5,163,0,0
643504,5,162,0,0
643524,5,162,0,0
643544,5,162,0,0
643564,5,162,0,0
643584,5,162,0,0
643604,5,162,0,0
643624,5,162,0,0
643644,5,162,0,0
643664,5,162,0,0
643684,5,161,0,0
643704,5,161,0,0
643724,5,161,0,0
643744,5,161,0,0
643764,5,161,0,0
643784,5,161,0,0
643804,5,161,0,0
643824,5,160,0,0
643844,5,160,0,0
643864,5,160,0,0
643884,5,160,0,0
643904,5,160,0,0
643924,5,160,0,0
643944,5,160,0,0
643964,5,160,0,0
643984,5,159,0,0
644004,5,159,0,0
644024,5,159,0,0
644044,5,159,0,0
644064,5,159,0,0
644084,5,159,0,0
644104,5,158,0,0
644124,5,158,0,0
644144,5,158,0,0
644164,5,158,0,0
644184,5,158,0,0
644204,5,157,0,0
644224,5,157,0,0
644244,5,157,0,0
644264,5,157,0,0
644284,5,157,0,0
644304,5,157,0,0
644324,5,156,0,0
644344,5,156,0,0
644364,5,156,0,0
644384,5,156,0,0
644404,5,156,0,0
644424,5,156,0,0
644444,5,156,0,0
644464,5,156,0,0
644484,5,155,0,0
644504,5,155,0,0
644524,5,155,0,0
644544,5,155,0,0
644564,5,155,0,0
644584,5,155,0,0
644604,5,155,0,0
644624,5,155,0,0
644644,5,154,0,0
644664,5,154,0,0
644684,5,154,0,0
644704,5,154,0,0
644724,5,154,0,0
644744,5,154,0,0
644764,5,154,0,0
644784,5,154,0,0
644804,5,154,0,0
644824,5,154,0,0
644844,5,154,0,0
644864,5,153,0,0
644884,5,153,0,0
644904,5,153,0,0
644924,5,153,0,0
644944,5,153,0,0
644964,5,153,0,0
644984,5,153,0,0
645004,5,153,0,0
645024,5,153,0,0
645044,5,153,0,0
645064,5,153,0,0
645084,5,153,0,0
645104,5,152,0,0
645124,5,152,0,0
645144,5,152,0,0
645164,5,152,0,0
645184,5,152,0,0
645204,5,152,0,0
645224,5,152,0,0
645244,5,151,0,0
645264,5,151,0,0
645284,5,151,0,0
645304,5,151,0,0
645324,5,151,0,0
645344,5,151,0,0
645364,5,150,0,0
645384,5,150,0,0
645404,5,150,0,0
645424,5,150,0,0
645444,5,150,0,0
645464,5,150,0,0
645484,5,150,0,0
645504,5,150,0,0
645524,5,150,0,0
645544,5,150,0,0
645564,5,150,0,0
645584,5,149,0,0
645604,5,149,0,0
645624,5,149,0,0
645644,5,149,0,0
645664,5,149,0,0
645684,5,149,0,0
645704,5,149,0,0
645724,5,149,0,0
645744,5,148,0,0
645764,5,148,0,0
645784,5,148,0,0
645804,5,148,0,0
645824,5,148,0,0
645844,5,148,0,0
645864,5,148,0,0
645884,5,148,0,0
645904,5,148,0,0
645924,5,148,0,0
645944,5,147,0,0
645964,5,147,0,0
645984,5,147,0,0
646004,5,147,0,0
646024,5,147,0,0
646044,5,147,0,0
646064,5,147,0,0
646084,5,147,0,0
646104,5,147,0,0
646124,5,147,0,0
646144,5,147,0,0
646164,5,146,0,0
646184,5,146,0,0
646204,5,146,0,0
646224,5,146,0,0
646244,5,146,0,0
646264,5,146,0,0
646284,5,146,0,0
646304,5,146,0,0
646324,5,146,0,0
646344,5,146,0,0
646364,5,145,0,0
646384,5,145,0,0
646404,5,145,0,0
646424,5,145,0,0
646444,5,145,0,0
646464,5,145,0,0
646484,5,145,0,0
646504,5,145,0,0
646524,5,145,0,0
646544,5,145,0,0
646564,5,145,0,0
646584,5,145,0,0
646604,5,145,0,0
646624,5,144,0,0
646644,5,144,0,0
646664,5,144,0,0
646684,5,144,0,0
646704,5,144,0,0
646724,5,144,0,0
646744,5,144,0,0
646764,5,143,0,0
646784,5,143,0,0
646804,5,143,0,0
646824,5,143,0,0
646844,5,143,0,0
646864,5,143,0,0
646884,5,142,0,0
646904,5,142,0,0
646924,5,142,0,0
646944,5,142,0,0
646964,5,142,0,0
646984,5,142,0,0
647004,5,141,0,0
647024,5,141,0,0
647044,5,141,0,0
647064,5,141,0,0
647084,5,141,0,0
647104,5,141,0,0
647124,5,141,0,0
647144,5,141,0,0
647164,5,141,0,0
647184,5,140,0,0
647204,5,140,0,0
647224,5,140,0,0
647244,5,140,0,0
647264,5,140,0,0
647284,5,140,0,0
647304,5,140,0,0
647324,5,140,0,0
647344,5,140,0,0
647364,5,139,0,0
647384,5,139,0,0
647404,5,139,0,0
647424,5,139,0,0
647444,5,139,0,0
647464,5,139,0,0
647484,5,139,0,0
647504,5,139,0,0
647524,5,138,0,0
647544,5,138,0,0
647564,5,138,0,0
647584,5,138,0,0
647604,5,138,0,0
647624,5,138,0,0
647644,5,138,0,0
647664,5,138,0,0
647684,5,137,0,0
647704,5,137,0,0
647724,5,137,0,0
647744,5,137,0,0
647764,5,137,0,0
647784,5,137,0,0
647804,5,137,0,0
647824,5,137,0,0
647844,5,137,0,0
647864,5,137,0,0
647884,5,137,0,0
647904,5,137,0,0
647924,5,136,0,0
647944,5,136,0,0
647964,5,136,0,0
647984,5,136,0,0
648004,5,136,0,0
648024,5,136,0,0
648044,5,136,0,0
648064,5,136,0,0
648084,5,136,0,0
648104,5,136,0,0
648124,5,135,0,0
648144,5,135,0,0
648164,5,135,0,0
648184,5,135,0,0
648204,5,135,0,0
648224,5,135,0,0
648244,5,134,0,0
648264,5,134,0,0
648284,5,134,0,0
648304,5,134,0,0
648324,5,134,0,0
648344,5,134,0,0
648364,5,133,0,0
648384,5,133,0,0
648404,5,133,0,0
648424,5,133,0,0
648444,5,133,0,0
648464,5,132,0,0
648484,5,132,0,0
648504,5,132,0,0
648524,5,132,0,0
648544,5,132,0,0
648564,5,131,0,0
648584,5,131,0,0
648604,5,131,0,0
648624,5,131,0,0
648644,5,131,0,0
648664,5,131,0,0
648684,5,131,0,0
648704,5,130,0,0
648724,5,130,0,0
648744,5,130,0,0
648764,5,130,0,0
648784,5,130,0,0
648804,5,130,0,0
648824,5,130,0,0
648844,5,130,0,0
648864,5,130,0,0
648884,5,129,0,0
648904,5,129,0,0
648924,5,129,0,0
648944,5,129,0,0
648964,5,129,0,0
648984,5,129,0,0
649004,5,128,0,0
649024,5,128,0,0
649044,5,128,0,0
649064,5,128,0,0
649084,5,128,0,0
649104,5,128,0,0
649124,5,128,0,0
649144,5,128,0,0
649164,5,127,0,0
649184,5,127,0,0
649204,5,127,0,0
649224,5,127,0,0
649244,5,127,0,0
649264,5,127,0,0
649284,5,127,0,0
649304,5,127,0,0
649324,5,126,0,0
649344,5,126,0,0
649364,5,126,0,0
649384,5,126,0,0
649404,5,126,0,0
649424,5,126,0,0
649444,5,126,0,0
649464,5,126,0,0
649484,5,126,0,0
649504,5,126,0,0
649524,5,126,0,0
649544,5,125,0,0
649564,5,125,0,0
649584,5,125,0,0
649604,5,125,0,0
649624,5,125,0,0
649644,5,125,0,0
649664,5,125,0,0
649684,5,125,0,0
649704,5,125,0,0
649724,5,125,0,0
649744,5,125,0,0
649764,5,125,0,0
649784,5,125,0,0
649804,5,124,0,0
649824,5,124,0,0
649844,5,124,0,0
649864,5,124,0,0
649884,5,124,0,0
649904,5,124,0,0
649924,5,124,0,0
649944,5,124,0,0
649964,5,124,0,0
649984,5,123,0,0
650004,5,123,0,0
650024,5,123,0,0
650044,5,123,0,0
650064,5,123,0,0
650084,5,123,0,0
650104,5,123,0,0
650124,5,123,0,0
650144,5,122,0,0
650164,5,122,0,0
650184,5,122,0,0
650204,5,122,0,0
650224,5,122,0,0
650244,5,122,0,0
650264,5,122,0,0
650284,5,122,0,0
650304,5,121,0,0
650324,5,121,0,0
650344,5,121,0,0
650364,5,121,0,0
650384,5,121,0,0
650404,5,121,0,0
650424,5,121,0,0
650444,5,121,0,0
650464,5,121,0,0
650484,5,121,0,0
650504,5,121,0,0
650524,5,120,0,0
650544,5,120,0,0
650564,5,120,0,0
650584,5,120,0,0
650604,5,120,0,0
650624,5,120,0,0
650644,5,120,0,0
650664,5,120,0,0
650684,5,120,0,0
650704,5,120,0,0
650724,5,119,0,0
650744,5,119,0,0
650764,5,119,0,0
650784,5,119,0,0
650804,5,119,0,0
650824,5,119,0,0
650844,5,118,0,0
650864,5,118,0,0
650884,5,118,0,0
650904,5,118,0,0
650924,5,118,0,0
650944,5,118,0,0
650964,5,118,0,0
650984,5,117,0,0
651004,5,117,0,0
651024,5,117,0,0
651044,5,117,0,0
651064,5,117,0,0
651084,5,117,0,0
651104,5,116,0,0
651124,5,116,0,0
651144,5,116,0,0
651164,5,116,0,0
651184,5,116,0,0
651204,5,116,0,0
651224,5,115,0,0
651244,5,115,0,0
651264,5,115,0,0
651284,5,115,0,0
651304,5,115,0,0
651324,5,115,0,0
651344,5,115,0,0
651364,5,115,0,0
651384,5,115,0,0
651404,5,115,0,0
651424,5,115,0,0
651444,5,115,0,0
651464,5,114,0,0
651484,5,114,0,0
651504,5,114,0,0
651524,5,114,0,0
651544,5,114,0,0
651564,5,114,0,0
651584,5,114,0,0
651604,5,114,0,0
651624,5,114,0,0
651644,5,114,0,0
651664,5,113,0,0
651684,5,113,0,0
651704,5,113,0,0
651724,5,113,0,0
651744,5,113,0,0
651764,5,113,0,0
651784,5,113,0,0
651804,5,113,0,0
651824,5,113,0,0
651844,5,113,0,0
651864,5,113,0,0
651884,5,112,0,0
651904,5,112,0,0
651924,5,112,0,0
651944,5,112,0,0
651964,5,112,0,0
651984,5,112,0,0
652004,5,112,0,0
652024,5,112,0,0
652044,5,111,0,0
652064,5,111,0,0
652084,5,111,0,0
652104,5,111,0,0
652124,5,111,0,0
652144,5,111,0,0
652164,5,111,0,0
652184,5,110,0,0
652204,5,110,0,0
652224,5,110,0,0
652244,5,110,0,0
652264,5,110,0,0
652284,5,110,0,0
652304,5,109,0,0
652324,5,109,0,0
652344,5,109,0,0
652364,5,109,0,0
652384,5,109,0,0
652404,5,109,0,0
652424,5,108,0,0
652444,5,108,0,0
652464,5,108,0,0
652484,5,108,0,0
652504,5,108,0,0
652524,5,108,0,0
652544,5,107,0,0
652564,5,107,0,0
652584,5,107,0,0
652604,5,107,0,0
652624,5,107,0,0
652644,5,107,0,0
652664,5,107,0,0
652684,5,107,0,0
652704,5,106,0,0
652724,5,106,0,0
652744,5,106,0,0
652764,5,106,0,0
652784,5,106,0,0
652804,5,106,0,0
652824,5,106,0,0
652844,5,106,0,0
652864,5,105,0,0
652884,5,105,0,0
652904,5,105,0,0
652924,5,105,0,0
652944,5,105,0,0
652964,5,105,0,0
652984,5,105,0,0
653004,5,105,0,0
653024,5,104,0,0
653044,5,104,0,0
653064,5,104,0,0
653084,5,104,0,0
653104,5,104,0,0
653124,5,104,0,0
653144,5,104,0,0
653164,5,103,0,0
653184,5,103,0,0
653204,5,103,0,0
653224,5,103,0,0
653244,5,103,0,0
653264,5,103,0,0
653284,5,103,0,0
653304,5,103,0,0
653324,5,103,0,0
653344,5,102,0,0
653364,5,102,0,0
653384,5,102,0,0
653404,5,102,0,0
653424,5,102,0,0
653444,5,102,0,0
653464,5,102,0,0
653484,5,101,0,0
653504,5,101,0,0
653524,5,101,0,0
653544,5,101,0,0
653564,5,101,0,0
653584,5,101,0,0
653604,5,101,0,0
653624,5,101,0,0
653644,5,101,0,0
653664,5,100,0,0
653684,5,100,0,0
653704,5,100,0,0
653724,5,100,0,0
653744,5,100,0,0
653764,5,100,0,0
653784,5,100,0,0
653804,5,100,0,0
653824,5,100,0,0
653844,5,100,0,0
653864,5,100,0,0
653884,5,100,0,0
653904,5,100,0,0
653924,5,100,0,0
653944,5,99,0,0
653964,5,99,0,0
653984,5,99,0,0
654004,5,99,0,0
654024,5,99,0,0
654044,5,99,0,0
654064,5,99,0,0
654084,5,99,0,0
654104,5,99,0,0
654124,5,98,0,0
654144,5,98,0,0
654164,5,98,0,0
654184,5,98,0,0
654204,5,98,0,0
654224,5,98,0,0
654244,5,98,0,0
654264,5,98,0,0
654284,5,98,0,0
654304,5,98,0,0
654324,5,97,0,0
654344,5,97,0,0
654364,5,97,0,0
654384,5,97,0,0
654404,5,97,0,0
654424,5,97,0,0
654444,5,97,0,0
654464,5,97,0,0
654484,5,96,0,0
654504,5,96,0,0
654524,5,96,0,0
654544,5,96,0,0
654564,5,96,0,0
654584,5,96,0,0
654604,5,96,0,0
654624,5,95,0,0
654644,5,95,0,0
654664,5,95,0,0
654684,5,95,0,0
654704,5,95,0,0
654724,5,95,0,0
654744,5,95,0,0
654764,5,95,0,0
654784,5,94,0,0
654804,5,94,0,0
654824,5,94,0,0
654844,5,94,0,0
654864,5,94,0,0
654884,5,94,0,0
654904,5,94,0,0
654924,5,94,0,0
654944,5,93,0,0
654964,5,93,0,0
654984,5,93,0,0
655004,5,93,0,0
655024,5,93,0,0
655044,5,93,0,0
655064,5,92,0,0
655084,5,92,0,0
655104,5,92,0,0
655124,5,92,0,0
655144,5,92,0,0
655164,5,92,0,0
655184,5,91,0,0
655204,5,91,0,0
655224,5,91,0,0
655244,5,91,0,0
655264,5,91,0,0
655284,5,91,0,0
655304,5,91,0,0
655324,5,91,0,0
655344,5,90,0,0
655364,5,90,0,0
655384,5,90,0,0
655404,5,90,0,0
655424,5,90,0,0
655444,5,90,0,0
655464,5,90,0,0
655484,5,90,0,0
655504,5,90,0,0
655524,5,90,0,0
655544,5,90,0,0
655564,5,90,0,0
655584,5,90,0,0
655604,5,90,0,0
655624,5,90,0,0
655644,5,89,0,0
655664,5,89,0,0
655684,5,89,0,0
655704,5,89,0,0
655724,5,89,0,0
655744,5,89,0,0
655764,5,89,0,0
655784,5,89,0,0
655804,5,89,0,0
655824,5,89,0,0
655844,5,88,0,0
655864,5,88,0,0
655884,5,88,0,0
655904,5,88,0,0
655924,5,88,0,0
655944,5,88,0,0
655964,5,88,0,0
655984,5,88,0,0
656004,5,87,0,0
656024,5,87,0,0
656044,5,87,0,0
656064,5,87,0,0
656084,5,87,0,0
656104,5,87,0,0
656124,5,87,0,0
656144,5,86,0,0
656164,5,86,0,0
656184,5,86,0,0
656204,5,86,0,0
656224,5,86,0,0
656244,5,86,0,0
656264,5,85,0,0
656284,5,85,0,0
656304,5,85,0,0
656324,5,85,0,0
656344,5,85,0,0
656364,5,85,0,0
656384,5,84,0,0
656404,5,84,0,0
656424,5,84,0,0
656444,5,84,0,0
656464,5,84,0,0
656484,5,84,0,0
656504,5,84,0,0
656524,5,84,0,0
656544,5,83,0,0
656564,5,83,0,0
656584,5,83,0,0
656604,5,83,0,0
656624,5,83,0,0
656644,5,83,0,0
656664,5,83,0,0
656684,5,83,0,0
656704,5,82,0,0
656724,5,82,0,0
656744,5,82,0,0
656764,5,82,0,0
656784,5,82,0,0
656804,5,82,0,0
656824,5,82,0,0
656844,5,81,0,0
656864,5,81,0,0
656884,5,81,0,0
656904,5,81,0,0
656924,5,81,0,0
656944,5,81,0,0
656964,5,81,0,0
656984,5,80,0,0
657004,5,80,0,0
657024,5,80,0,0
657044,5,80,0,0
657064,5,80,0,0
657084,5,80,0,0
657104,5,80,0,0
657124,5,79,0,0
657144,5,79,0,0
657164,5,79,0,0
657184,5,79,0,0
657204,5,79,0,0
657224,5,79,0,0
657244,5,79,0,0
657264,5,79,0,0
657284,5,79,0,0
657304,5,78,0,0
657324,5,78,0,0
657344,5,78,0,0
657364,5,78,0,0
657384,5,78,0,0
657404,5,78,0,0
657424,5,78,0,0
657444,5,78,0,0
657464,5,77,0,0
657484,5,77,0,0
657504,5,77,0,0
657524,5,77,0,0
657544,5,77,0,0
657564,5,77,0,0
657584,5,77,0,0
657604,5,77,0,0
657624,5,77,0,0
657644,5,77,0,0
657664,5,77,0,0
657684,5,77,0,0
657704,5,76,0,0
657724,5,76,0,0
657744,5,76,0,0
657764,5,76,0,0
657784,5,76,0,0
657804,5,76,0,0
657824,5,76,0,0
657844,5,76,0,0
657864,5,76,0,0
657884,5,75,0,0
657904,5,75,0,0
657924,5,75,0,0
657944,5,75,0,0
657964,5,75,0,0
657984,5,75,0,0
658004,5,75,0,0
658024,5,75,0,0
658044,5,75,0,0
658064,5,75,0,0
658084,5,75,0,0
658104,5,74,0,0
658124,5,74,0,0
658144,5,74,0,0
658164,5,74,0,0
658184,5,74,0,0
658204,5,74,0,0
658224,5,74,0,0
658244,5,74,0,0
658264,5,74,0,0
658284,5,74,0,0
658304,5,74,0,0
658324,5,73,0,0
658344,5,73,0,0
658364,5,73,0,0
658384,5,73,0,0
658404,5,73,0,0
658424,5,73,0,0
658444,5,73,0,0
658464,5,73,0,0
658484,5,73,0,0
658504,5,73,0,0
658524,5,73,0,0
658544,5,73,0,0
658564,5,73,0,0
658584,5,72,0,0
658604,5,72,0,0
658624,5,72,0,0
658644,5,72,0,0
658664,5,72,0,0
658684,5,72,0,0
658704,5,71,0,0
658724,5,71,0,0
658744,5,71,0,0
658764,5,71,0,0
658784,5,71,0,0
658804,5,71,0,0
658824,5,71,0,0
658844,5,71,0,0
658864,5,70,0,0
658884,5,70,0,0
658904,5,70,0,0
658924,5,70,0,0
658944,5,69,0,0
658964,5,69,0,0
658984,5,69,0,0
659004,5,69,0,0
659024,5,69,0,0
659044,5,69,0,0
659064,5,69,0,0
659084,5,68,0,0
659104,5,68,0,0
659124,5,68,0,0
659144,5,68,0,0
659164,5,68,0,0
659184,5,68,0,0
659204,5,68,0,0
659224,5,67,0,0
659244,5,67,0,0
659264,5,67,0,0
659284,5,67,0,0
659304,5,67,0,0
659324,5,67,0,0
659344,5,67,0,0
659364,5,67,0,0
659384,5,67,0,0
659404,5,67,0,0
659424,5,67,0,0
659444,5,67,0,0
659464,5,67,0,0
659484,5,66,0,0
659504,5,66,0,0
659524,5,66,0,0
659544,5,66,0,0
659564,5,66,0,0
659584,5,66,0,0
659604,5,66,0,0
659624,5,66,0,0
659644,5,66,0,0
659664,5,66,0,0
659684,5,66,0,0
659704,5,66,0,0
659724,5,65,0,0
659744,5,65,0,0
659764,5,65,0,0
659784,5,65,0,0
659804,5,65,0,0
659824,5,65,0,0
659844,5,65,0,0
659864,5,65,0,0
659884,5,65,0,0
659904,5,64,0,0
659924,5,64,0,0
659944,5,64,0,0
659964,5,64,0,0
659984,5,64,0,0
660004,5,63,0,0
660024,5,63,0,0
660044,5,63,0,0
660064,5,63,0,0
660084,5,63,0,0
660104,5,63,0,0
660124,5,62,0,0
660144,5,62,0,0
660164,5,62,0,0
660184,5,62,0,0
660204,5,62,0,0
660224,5,62,0,0
660244,5,62,0,0
660264,5,61,0,0
660284,5,61,0,0
660304,5,61,0,0
660324,5,61,0,0
660344,5,61,0,0
660364,5,61,0,0
660384,5,61,0,0
660404,5,60,0,0
660424,5,60,0,0
660444,5,60,0,0
660464,5,60,0,0
660484,5,60,0,0
660504,5,60,0,0
660524,5,60,0,0
660544,5,60,0,0
660564,5,59,0,0
660584,5,59,0,0
660604,5,59,0,0
660624,5,59,0,0
660644,5,59,0,0
660664,5,59,0,0
660684,5,59,0,0
660704,5,59,0,0
660724,5,58,0,0
660744,5,58,0,0
660764,5,58,0,0
660784,5,58,0,0
660804,5,58,0,0
660824,5,58,0,0
660844,5,58,0,0
660864,5,58,0,0
660884,5,57,0,0
660904,5,57,0,0
660924,5,57,0,0
660944,5,57,0,0
660964,5,57,0,0
660984,5,57,0,0
661004,5,57,0,0
661024,5,57,0,0
661044,5,57,0,0
661064,5,57,0,0
661084,5,56,0,0
661104,5,56,0,0
661124,5,56,0,0
661144,5,56,0,0
661164,5,56,0,0
661184,5,56,0,0
661204,5,56,0,0
661224,5,56,0,0
661244,5,56,0,0
661264,5,56,0,0
661284,5,55,0,0
661304,5,55,0,0
661324,5,55,0,0
661344,5,55,0,0
661364,5,55,0,0
661384,5,55,0,0
661404,5,55,0,0
661424,5,54,0,0
661444,5,54,0,0
661464,5,54,0,0
661484,5,54,0,0
661504,5,54,0,0
661524,5,54,0,0
661544,5,54,0,0
661564,5,54,0,0
661584,5,53,0,0
661604,5,53,0,0
661624,5,53,0,0
661644,5,53,0,0
661664,5,53,0,0
661684,5,53,0,0
661704,5,52,0,0
661724,5,52,0,0
661744,5,52,0,0
661764,5,52,0,0
661784,5,52,0,0
661804,5,52,0,0
661824,5,52,0,0
661844,5,52,0,0
661864,5,52,0,0
661884,5,52,0,0
661904,5,52,0,0
661924,5,51,0,0
661944,5,51,0,0
661964,5,51,0,0
661984,5,51,0,0
662004,5,51,0,0
662024,5,51,0,0
662044,5,51,0,0
662064,5,50,0,0
662084,5,50,0,0
662104,5,50,0,0
662124,5,50,0,0
662144,5,50,0,0
662164,5,50,0,0
662184,5,50,0,0
662204,5,50,0,0
662224,5,50,0,0
662244,5,50,0,0
662264,5,50,0,0
662284,5,49,0,0
662304,5,49,0,0
662324,5,49,0,0
662344,5,49,0,0
662364,5,49,0,0
662384,5,49,0,0
662404,5,49,0,0
662424,5,49,0,0
662444,5,49,0,0
662464,5,49,0,0
662484,5,49,0,0
662504,5,49,0,0
662524,5,49,0,0
662544,5,49,0,0
662564,5,48,0,0
662584,5,48,0,0
662604,5,48,0,0
662624,5,48,0,0
662644,5,48,0,0
662664,5,48,0,0
662684,5,48,0,0
662704,5,48,0,0
662724,5,47,0,0
662744,5,47,0,0
662764,5,47,0,0
662784,5,47,0,0
662804,5,47,0,0
662824,5,47,0,0
662844,5,47,0,0
662864,5,46,0,0
662884,5,46,0,0
662904,5,46,0,0
662924,5,46,0,0
662944,5,46,0,0
662964,5,46,0,0
662984,5,46,0,0
663004,5,46,0,0
663024,5,45,0,0
663044,5,45,0,0
663064,5,45,0,0
663084,5,45,0,0
663104,5,45,0,0
663124,5,45,0,0
663144,5,45,0,0
663164,5,45,0,0
663184,5,45,0,0
663204,5,45,0,0
663224,5,44,0,0
663244,5,44,0,0
663264,5,44,0,0
663284,5,44,0,0
663304,5,44,0,0
663324,5,44,0,0
663344,5,44,0,0
663364,5,44,0,0
663384,5,43,0,0
663404,5,43,0,0
663424,5,43,0,0
663444,5,43,0,0
663464,5,43,0,0
663484,5,43,0,0
663504,5,43,0,0
663524,5,43,0,0
663544,5,42,0,0
663564,5,42,0,0
663584,5,42,0,0
663604,5,42,0,0
663624,5,42,0,0
663644,5,42,0,0
663664,5,41,0,0
663684,5,41,0,0
663704,5,41,0,0
663724,5,41,0,0
663744,5,41,0,0
663764,5,41,0,0
663784,5,41,0,0
663804,5,40,0,0
663824,5,40,0,0
663844,5,40,0,0
663864,5,40,0,0
663884,5,40,0,0
663904,5,40,0,0
663924,5,40,0,0
663944,5,39,0,0
663964,5,39,0,0
663984,5,39,0,0
664004,5,39,0,0
664024,5,39,0,0
664044,5,39,0,0
664064,5,39,0,0
664084,5,39,0,0
664104,5,38,0,0
664124,5,38,0,0
664144,5,38,0,0
664164,5,38,0,0
664184,5,38,0,0
664204,5,38,0,0
664224,5,38,0,0
664244,5,37,0,0
664264,5,37,0,0
664284,5,37,0,0
664304,5,37,0,0
664324,5,37,0,0
664344,5,37,0,0
664364,5,37,0,0
664384,5,37,0,0
664404,5,37,0,0
664424,5,36,0,0
664444,5,36,0,0
664464,5,36,0,0
664484,5,36,0,0
664504,5,36,0,0
664524,5,36,0,0
664544,5,36,0,0
664564,5,36,0,0
664584,5,36,0,0
664604,5,35,0,0
664624,5,35,0,0
664644,5,35,0,0
664664,5,35,0,0
664684,5,35,0,0
664704,5,35,0,0
664724,5,35,0,0
664744,5,35,0,0
664764,5,34,0,0
664784,5,34,0,0
664804,5,34,0,0
664824,5,34,0,0
664844,5,34,0,0
664864,5,34,0,0
664884,5,34,0,0
664904,5,34,0,0
664924,5,34,0,0
664944,5,34,0,0
664964,5,33,0,0
664984,5,33,0,0
665004,5,33,0,0
665024,5,33,0,0
665044,5,33,0,0
665064,5,33,0,0
665084,5,33,0,0
665104,5,33,0,0
665124,5,32,0,0
665144,5,32,0,0
665164,5,32,0,0
665184,5,32,0,0
665204,5,32,0,0
665224,5,32,0,0
665244,5,32,0,0
665264,5,32,0,0
665284,5,32,0,0
665304,5,31,0,0
665324,5,31,0,0
665344,5,31,0,0
665364,5,31,0,0
665384,5,31,0,0
665404,5,31,0,0
665424,5,31,0,0
665444,5,31,0,0
665464,5,31,0,0
665484,5,31,0,0
665504,5,31,0,0
665524,5,30,0,0
665544,5,30,0,0
665564,5,30,0,0
665584,5,30,0,0
665604,5,30,0,0
665624,5,30,0,0
665644,5,30,0,0
665664,5,30,0,0
665684,5,29,0,0
665704,5,29,0,0
665724,5,29,0,0
665744,5,29,0,0
665764,5,29,0,0
665784,5,29,0,0
665804,5,29,0,0
665824,5,28,0,0
665844,5,28,0,0
665864,5,28,0,0
665884,5,28,0,0
665904,5,28,0,0
665924,5,28,0,0
665944,5,28,0,0
665964,5,27,0,0
665984,5,27,0,0
666004,5,27,0,0
666024,5,27,0,0
666044,5,27,0,0
666064,5,27,0,0
666084,5,27,0,0
666104,5,26,0,0
666124,5,26,0,0
666144,5,26,0,0
666164,5,26,0,0
666184,5,26,0,0
666204,5,26,0,0
666224,5,26,0,0
666244,5,26,0,0
666264,5,26,0,0
666284,5,26,0,0
666304,5,26,0,0
666324,5,26,0,0
666344,5,26,0,0
666364,5,26,0,0
666384,5,25,0,0
666404,5,25,0,0
666424,5,25,0,0
666444,5,25,0,0
666464,5,25,0,0
666484,5,25,0,0
666504,5,25,0,0
666524,5,25,0,0
666544,5,25,0,0
666564,5,25,0,0
666584,5,24,0,0
666604,5,24,0,0
666624,5,24,0,0
666644,5,24,0,0
666664,5,24,0,0
666684,5,24,0,0
666704,5,24,0,0
666724,5,24,0,0
666744,5,23,0,0
666764,5,23,0,0
666784,5,23,0,0
666804,5,23,0,0
666824,5,23,0,0
666844,5,23,0,0
666864,5,23,0,0
666884,5,23,0,0
666904,5,22,0,0
666924,5,22,0,0
666944,5,22,0,0
666964,5,22,0,0
666984,5,22,0,0
667004,5,22,0,0
667024,5,21,0,0
667044,5,21,0,0
667064,5,21,0,0
667084,5,21,0,0
667104,5,21,0,0
667124,5,21,0,0
667144,5,21,0,0
667164,5,21,0,0
667184,5,20,0,0
667204,5,20,0,0
667224,5,20,0,0
667244,5,20,0,0
667264,5,20,0,0
667284,5,20,0,0
667304,5,19,0,0
667324,5,19,0,0
667344,5,19,0,0
667364,5,19,0,0
667384,5,19,0,0
667404,5,19,0,0
667424,5,18,0,0
667444,5,18,0,0
667464,5,18,0,0
667484,5,18,0,0
667504,5,18,0,0
667524,5,18,0,0
667544,5,17,0,0
667564,5,17,0,0
667584,5,17,0,0
667604,5,17,0,0
667624,5,17,0,0
667644,5,17,0,0
667664,5,17,0,0
667684,5,16,0,0
667704,5,16,0,0
667724,5,16,0,0
667744,5,16,0,0
667764,5,16,0,0
667784,5,16,0,0
667804,5,16,0,0
667824,5,16,0,0
667844,5,16,0,0
667864,5,16,0,0
667884,5,16,0,0
667904,5,15,0,0
667924,5,15,0,0
667944,5,15,0,0
667964,5,15,0,0
667984,5,15,0,0
668004,5,15,0,0
668024,5,15,0,0
668044,5,15,0,0
668064,5,15,0,0
668084,5,15,0,0
668104,5,15,0,0
668124,5,15,0,0
668144,5,15,0,0
668164,5,15,0,0
668184,5,15,0,0
668204,5,14,0,0
668224,5,14,0,0
668244,5,14,0,0
668264,5,14,0,0
668284,5,14,0,0
668304,5,14,0,0
668324,5,14,0,0
668344,5,14,0,0
668364,5,14,0,0
668384,5,14,0,0
668404,5,14,0,0
668424,5,13,0,0
668444,5,13,0,0
668464,5,13,0,0
668484,5,13,0,0
668504,5,13,0,0
668524,5,13,0,0
668544,5,13,0,0
668564,5,13,0,0
668584,5,12,0,0
668604,5,12,0,0
668624,5,12,0,0
668644,5,12,0,0
668664,5,12,0,0
668684,5,12,0,0
668704,5,11,0,0
668724,5,11,0,0
668744,5,11,0,0
668764,5,11,0,0
668784,5,11,0,0
668804,5,11,0,0
668824,5,11,0,0
668844,5,11,0,0
668864,5,11,0,0
668884,5,10,0,0
668904,5,10,0,0
668924,5,10,0,0
668944,5,10,0,0
668964,5,10,0,0
668984,5,10,0,0
669004,5,10,0,0
669024,5,10,0,0
669044,5,9,0,0
669064,5,9,0,0
669084,5,9,0,0
669104,5,9,0,0
669124,5,9,0,0
669144,5,9,0,0
669164,5,9,0,0
669184,5,9,0,0
669204,5,8,0,0
669224,5,8,0,0
669244,5,8,0,0
669264,5,8,0,0
669284,5,8,0,0
669304,5,8,0,0
669324,5,7,0,0
669344,5,7,0,0
669364,5,7,0,0
669384,5,7,0,0
669404,5,7,0,0
669424,5,7,0,0
669444,5,7,0,0
669464,5,7,0,0
669484,5,6,0,0
669504,5,6,0,0
669524,5,6,0,0
669544,5,6,0,0
669564,5,6,0,0
669584,5,6,0,0
669604,5,6,0,0
669624,5,6,0,0
669644,5,6,0,0
669664,5,5,0,0
669684,5,5,0,0
669704,5,5,0,0
669724,5,5,0,0
669744,5,5,0,0
669764,5,5,0,0
669784,5,5,0,0
669804,5,5,0,0
669824,5,5,0,0
669844,5,5,0,0
669864,5,5,0,0
669884,5,5,0,0
669904,5,5,0,0
669924,5,4,0,0
669944,5,4,0,0
669964,5,4,0,0
669984,5,4,0,0
670004,5,4,0,0
670024,5,4,0,0
670044,5,4,0,0
670064,5,3,0,0
670084,5,3,0,0
670104,5,3,0,0
670124,5,3,0,0
670144,5,3,0,0
670164,5,3,0,0
670184,5,3,0,0
670204,5,3,0,0
670224,5,3,0,0
670244,5,2,0,0
670264,5,2,0,0
670284,5,2,0,0
670304,5,2,0,0
670324,5,2,0,0
670344,5,2,0,0
670364,5,2,0,0
670384,5,2,0,0
670404,5,2,0,0
670424,5,2,0,0
670444,5,1,0,0
670464,5,1,0,0
670484,5,1,0,0
670504,5,1,0,0
670524,5,1,0,0
670544,5,1,0,0
670564,5,1,0,0
670584,5,1,0,0
670604,5,0,0,0
670624,5,0,0,0
670644,5,0,0,0
670664,5,0,0,0
670684,5,0,0,0
670704,5,0,0,0
670724,5,0,0,0
670744,5,0,0,0
670764,5,0,0,0
670784,5,0,0,0
670804,5,0,0,0
670824,5,0,0,0
670844,5,0,0,0
670864,5,0,0,0
670884,5,-1,0,0
670904,5,-1,0,0
670924,5,-1,0,0
670944,5,-1,0,0
670964,5,-1,0,0
670984,5,-1,0,0
671004,5,-1,0,0
671024,5,-1,0,0
671044,5,-1,0,0
671064,5,-1,0,0
671084,5,-2,0,0
671104,5,-2,0,0
671124,5,-2,0,0
671144,5,-2,0,0
671164,5,-2,0,0
671184,5,-2,0,0
671204,5,-2,0,0
671224,5,-2,0,0
671244,5,-2,0,0
671264,5,-2,0,0
671284,5,-2,0,0
671304,5,-2,0,0
671324,5,-2,0,0
671344,5,-2,0,0
671364,5,-2,0,0
671384,5,-2,0,0
671404,5,-2,0,0
671424,5,-2,0,0
671444,5,-3,0,0
671464,5,-3,0,0
671484,5,-3,0,0
671504,5,-3,0,0
671524,5,-3,0,0
671544,5,-3,0,0
671564,5,-3,0,0
671584,5,-3,0,0
671604,5,-3,0,0
671624,5,-3,0,0
671644,5,-3,0,0
671664,5,-3,0,0
671684,5,-3,0,0
671704,5,-4,0,0
671724,5,-4,0,0
671744,5,-4,0,0
671764,5,-4,0,0
671784,5,-4,0,0
671804,5,-4,0,0
671824,5,-4,0,0
671844,5,-4,0,0
671864,5,-4,0,0
671884,5,-4,0,0
671904,5,-4,0,0
671924,5,-4,0,0
671944,5,-4,0,0
671964,5,-4,0,0
671984,5,-4,0,0
672004,5,-4,0,0
672024,5,-4,0,0
672044,5,-4,0,0
672064,5,-4,0,0
672084,5,-4,0,0
672104,5,-4,0,0
672124,5,-4,0,0
672144,5,-4,0,0
672164,5,-4,0,0
672184,5,-4,0,0
672204,5,-4,0,0
672224,5,-4,0,0
672244,5,-4,0,0
672264,5,-4,0,0
672284,5,-4,0,0
672304,5,-4,0,0
672324,5,-4,0,0
672344,5,-4,0,0
672364,5,-4,0,0
672384,5,-4,0,0
672404,5,-4,0,0
672424,5,-4,0,0
672444,5,-4,0,0
672464,5,-4,0,0
672484,5,-4,0,0
672504,5,-4,0,0
672524,5,-4,0,0
672544,5,-4,0,0
672564,5,-4,0,0
672584,5,-4,0,0
672604,5,-4,0,0
672624,5,-4,0,0
672644,5,-4,0,0
672664,5,-4,0,0
672684,5,-4,0,0
672704,5,-4,0,0
672724,5,-4,0,0
672744,5,-4,0,0
672764,5,-4,0,0
672784,5,-4,0,0
672804,5,-4,0,0
672824,5,-4,0,0
672844,5,-4,0,0
672864,5,-4,0,0
672884,5,-4,0,0
672904,5,-4,0,0
672924,5,-4,0,0
672944,5,-4,0,0
672964,5,-4,0,0
672984,5,-4,0,0
673004,5,-4,0,0
673024,5,-4,0,0
673044,5,-4,0,0
673064,5,-4,0,0
673084,5,-4,0,0
673104,5,-4,0,0
673124,5,-4,0,0
673144,5,-4,0,0
673164,5,-4,0,0
673184,5,-5,0,0
673204,5,-5,0,0
673224,5,-5,0,0
673244,5,-5,0,0
673264,5,-4,0,0
673284,5,-4,0,0
673304,5,-4,0,0
673324,5,-4,0,0
673344,5,-4,0,0
673364,5,-4,0,0
673384,5,-4,0,0
673404,5,-4,0,0
673424,5,-4,0,0
673444,5,-5,0,0
673464,5,-4,0,0
673484,5,-5,0,0
673504,5,-5,0,0
673524,5,-5,0,0
673544,5,-4,0,0
673564,5,-4,0,0
673584,5,-5,0,0
673604,5,-5,0,0
673624,5,-5,0,0
673644,5,-4,0,0
673664,5,-5,0,0
673684,5,-4,0,0
673704,5,-4,0,0
673724,5,-4,0,0
673744,5,-4,0,0
673764,5,-4,0,0
673784,5,-4,0,0
673804,5,-4,0,0
673824,5,-4,0,0
673844,5,-4,0,0
673864,5,-4,0,0
673884,5,-4,0,0
673904,5,-4,0,0
673924,5,-4,0,0
673944,5,-4,0,0
673964,5,-4,0,0
673984,5,-4,0,0
674004,5,-4,0,0
674024,5,-4,0,0
674044,5,-4,0,0
674064,5,-4,0,0
674084,5,-4,0,0
674104,5,-4,0,0
674124,5,-4,0,0
674144,5,-4,0,0
674164,5,-4,0,0
674184,5,-4,0,0
674204,5,-5,0,0
674224,5,-5,0,0
674244,5,-4,0,0
674264,5,-5,0,0
674284,5,-5,0,0
674304,5,-5,0,0
674324,5,-5,0,0
674344,5,-5,0,0
674364,5,-5,0,0
674384,5,-5,0,0
674404,5,-5,0,0
674424,5,-5,0,0
674444,5,-5,0,0
674464,5,-4,0,0
674484,5,-5,0,0
674504,5,-5,0,0
674524,5,-5,0,0
674544,5,-5,0,0
674564,5,-4,0,0
674584,5,-4,0,0
674604,5,-4,0,0
674624,5,-4,0,0
674644,5,-4,0,0
674664,5,-4,0,0
674684,5,-4,0,0
674704,5,-5,0,0
674724,5,-5,0,0
674744,5,-5,0,0
674764,5,-5,0,0
674784,5,-5,0,0
674804,5,-4,0,0
674824,5,-4,0,0
674844,5,-4,0,0
674864,5,-4,0,0
674884,5,-5,0,0
674904,5,-5,0,0
674924,5,-5,0,0
674944,5,-5,0,0
674964,5,-5,0,0
674984,5,-5,0,0
675004,5,-5,0,0
675024,5,-5,0,0
675044,5,-5,0,0
675064,5,-5,0,0
675084,5,-5,0,0
675104,5,-5,0,0
675124,5,-5,0,0
675144,5,-5,0,0
675164,5,-5,0,0
675184,5,-5,0,0
675204,5,-5,0,0
675224,5,-5,0,0
675244,5,-5,0,0
675264,5,-5,0,0
675284,5,-5,0,0
675304,5,-5,0,0
675324,5,-5,0,0
675344,5,-5,0,0
675364,5,-5,0,0
675384,5,-5,0,0
675404,5,-5,0,0
675424,5,-5,0,0
675444,5,-4,0,0
675464,5,-4,0,0
675484,5,-4,0,0
675504,5,-4,0,0
675524,5,-4,0,0
675544,5,-4,0,0
675564,5,-4,0,0
675584,5,-4,0,0
675604,5,-4,0,0
675624,5,-4,0,0
675644,5,-4,0,0
675664,5,-5,0,0
675684,5,-5,0,0
675704,5,-5,0,0
675724,5,-4,0,0
675744,5,-4,0,0
675764,5,-4,0,0
675784,5,-4,0,0
675804,5,-5,0,0
675824,5,-4,0,0
675844,5,-4,0,0
675864,5,-4,0,0
675884,5,-4,0,0
675904,5,-4,0,0
675924,5,-4,0,0
675944,5,-4,0,0
675964,5,-4,0,0
675984,5,-4,0,0
676004,5,-4,0,0
676024,5,-4,0,0
676044,5,-4,0,0
676064,5,-4,0,0
676084,5,-4,0,0
676104,6,-4,0,0
676124,6,-5,0,0
676144,6,-5,0,0
676164,6,-5,0,0
676184,6,-4,0,0
676204,6,-5,0,0
676224,6,-4,0,0
676244,6,-4,0,0
676264,6,-4,0,0
676284,6,-5,0,0
676304,6,-4,0,0
676324,6,-4,0,0
676344,6,-4,0,0
676364,6,-4,0,0
676384,6,-4,0,0
676404,6,-4,0,0
676424,6,-4,0,0
676444,6,-4,0,0
676464,6,-4,0,0
676484,6,-4,0,0
676504,6,-4,0,0
676524,6,-4,0,0
676544,6,-4,0,0
676564,6,-4,0,0
676584,6,-4,0,0
676604,6,-4,0,0
676624,6,-4,0,0
676644,6,-4,0,0
676664,6,-4,0,0
676684,6,-4,0,0
676704,6,-4,0,0
676724,6,-5,0,0
676744,6,-4,0,0
676764,6,-4,0,0
676784,6,-4,0,0
676804,6,-4,0,0
676824,6,-4,0,0
676844,6,-4,0,0
676864,6,-4,0,0
676884,6,-4,0,0
676904,6,-4,0,0
676924,6,-4,0,0
676944,6,-4,0,0
676964,6,-4,0,0
676984,6,-4,0,0
677004,6,-4,0,0
677024,6,-4,0,0
677044,6,-4,0,0
677064,6,-4,0,0
677084,6,-5,0,0
677104,6,-4,0,0
677124,6,-5,0,0
677144,6,-5,0,0
677164,6,-4,0,0
677184,6,-4,0,0
677204,6,-4,0,0
677224,6,-4,0,0
677244,6,-4,0,0
677264,6,-4,0,0
677284,6,-4,0,0
677304,6,-4,0,0
677324,6,-4,0,0
677344,6,-4,0,0
677364,6,-4,0,0
677384,6,-4,0,0
677404,6,-4,0,0
677424,6,-4,0,0
677444,6,-4,0,0
677464,6,-4,0,0
677484,6,-4,0,0
677504,6,-4,0,0
677524,6,-4,0,0
677544,6,-4,0,0
677564,6,-4,0,0
677584,6,-4,0,0
677604,6,-4,0,0
677624,6,-4,0,0
677644,6,-4,0,0
677664,6,-4,0,0
677684,6,-4,0,0
677704,6,-4,0,0
677724,6,-5,0,0
677744,6,-5,0,0
677764,6,-4,0,0
677784,6,-4,0,0
677804,6,-4,0,0
677824,6,-4,0,0
677844,6,-5,0,0
677864,6,-4,0,0
677884,6,-5,0,0
677904,6,-5,0,0
677924,6,-4,0,0
677944,6,-4,0,0
677964,6,-4,0,0
677984,6,-4,0,0
678004,6,-4,0,0
678024,6,-4,0,0
678044,6,-4,0,0
678064,6,-4,0,0
678084,6,-4,0,0
678104,6,-5,0,0
678124,6,-5,0,0
678144,6,-5,0,0
678164,6,-5,0,0
678184,6,-4,0,0
678204,6,-4,0,0
678224,6,-5,0,0
678244,6,-4,0,0
678264,6,-4,0,0
678284,6,-5,0,0
678304,6,-5,0,0
678324,6,-5,0,0
678344,6,-5,0,0
678364,6,-5,0,0
678384,6,-5,0,0
678404,6,-5,0,0
678424,6,-5,0,0
678444,6,-4,0,0
678464,6,-4,0,0
678484,6,-4,0,0
678504,6,-4,0,0
678524,6,-4,0,0
678544,6,-5,0,0
678564,6,-5,0,0
678584,6,-5,0,0
678604,6,-4,0,0
678624,6,-4,0,0
678644,6,-4,0,0
678664,6,-4,0,0
678684,6,-4,0,0
678704,6,-4,0,0
678724,6,-4,0,0
678744,6,-5,0,0
678764,6,-4,0,0
678784,6,-4,0,0
678804,6,-4,0,0
678824,6,-4,0,0
678844,6,-4,0,0
678864,6,-4,0,0
678884,6,-4,0,0
678904,6,-4,0,0
678924,6,-4,0,0
678944,6,-4,0,0
678964,6,-4,0,0
678984,6,-5,0,0
679004,6,-5,0,0
679024,6,-5,0,0
679044,6,-5,0,0
679064,6,-5,0,0
679084,6,-5,0,0
679104,6,-4,0,0
679124,6,-4,0,0
679144,6,-5,0,0
679164,6,-4,0,0
679184,6,-4,0,0
679204,6,-4,0,0
679224,6,-4,0,0
679244,6,-4,0,0
679264,6,-4,0,0
679284,6,-4,0,0
679304,6,-4,0,0
679324,6,-4,0,0
679344,6,-4,0,0
679364,6,-4,0,0
679384,6,-4,0,0
679404,6,-4,0,0
679424,6,-4,0,0
679444,6,-4,0,0
679464,6,-4,0,0
679484,6,-4,0,0
679504,6,-5,0,0
679524,6,-5,0,0
679544,6,-5,0,0
679564,6,-5,0,0
679584,6,-5,0,0
679604,6,-5,0,0
679624,6,-4,0,0
679644,6,-5,0,0
679664,6,-5,0,0
679684,6,-4,0,0
679704,6,-4,0,0
679724,6,-4,0,0
679744,6,-5,0,0
679764,6,-4,0,0
679784,6,-4,0,0
679804,6,-4,0,0
679824,6,-5,0,0
679844,6,-5,0,0
679864,6,-5,0,0
679884,6,-5,0,0
679904,6,-4,0,0
679924,6,-5,0,0
679944,6,-5,0,0
679964,6,-5,0,0
679984,6,-5,0,0
680004,6,-5,0,0
680024,6,-5,0,0
680044,6,-5,0,0
680064,6,-5,0,0
680084,6,-5,0,0
680104,6,-5,0,0
680124,6,-5,0,0
680144,6,-5,0,0
680164,6,-5,0,0
680184,6,-5,0,0
680204,6,-5,0,0
680224,6,-5,0,0
680244,6,-5,0,0
680264,6,-5,0,0
680284,6,-5,0,0
680304,6,-5,0,0
680324,6,-5,0,0
680344,6,-5,0,0
680364,6,-5,0,0
680384,6,-5,0,0
680404,6,-4,0,0
680424,6,-4,0,0
680444,6,-4,0,0
680464,6,-4,0,0
680484,6,-4,0,0
680504,6,-5,0,0
680524,6,-5,0,0
680544,6,-5,0,0
680564,6,-5,0,0
680584,6,-4,0,0
680604,6,-4,0,0
680624,6,-5,0,0
680644,6,-5,0,0
680664,6,-5,0,0
680684,6,-5,0,0
680704,6,-5,0,0
680724,6,-5,0,0
680744,6,-5,0,0
680764,6,-5,0,0
680784,6,-5,0,0
680804,6,-5,0,0
680824,6,-5,0,0
680844,6,-5,0,0
680864,6,-5,0,0
680884,6,-5,0,0
680904,6,-5,0,0
680924,6,-5,0,0
680944,6,-4,0,0
680964,6,-4,0,0
680984,6,-4,0,0
681004,6,-4,0,0
681024,6,-4,0,0
681044,6,-5,0,0
681064,6,-5,0,0
681084,6,-5,0,0
681104,6,-5,0,0
681124,6,-5,0,0
681144,6,-4,0,0
681164,6,-5,0,0
681184,6,-4,0,0
681204,6,-4,0,0
681224,6,-4,0,0
681244,6,-4,0,0
681264,6,-4,0,0
681284,6,-4,0,0
681304,6,-4,0,0
681324,6,-4,0,0
681344,6,-4,0,0
681364,6,-4,0,0
681384,6,-4,0,0
681404,6,-4,0,0
681424,6,-4,0,0
681444,6,-5,0,0
681464,6,-4,0,0
681484,6,-4,0,0
681504,6,-4,0,0
681524,6,-4,0,0
681544,6,-4,0,0
681564,6,-4,0,0
681584,6,-4,0,0
681604,6,-4,0,0
681624,6,-4,0,0
681644,6,-4,0,0
681664,6,-4,0,0
681684,6,-5,0,0
681704,6,-5,0,0
681724,6,-5,0,0
681744,6,-5,0,0
681764,6,-5,0,0
681784,6,-5,0,0
681804,6,-5,0,0
681824,6,-5,0,0
681844,6,-5,0,0
681864,6,-5,0,0
681884,6,-5,0,0
681904,6,-5,0,0
681924,6,-5,0,0
681944,6,-5,0,0
681964,6,-5,0,0
681984,6,-4,0,0
682004,6,-4,0,0
682024,6,-4,0,0
682044,6,-4,0,0
682064,6,-4,0,0
682084,6,-4,0,0
682104,6,-5,0,0
682124,6,-5,0,0
682144,6,-5,0,0
682164,6,-5,0,0
682184,6,-5,0,0
682204,6,-5,0,0
682224,6,-5,0,0
682244,6,-5,0,0
682264,6,-4,0,0
682284,6,-4,0,0
682304,6,-4,0,0
682324,6,-4,0,0
682344,6,-4,0,0
682364,6,-4,0,0
682384,6,-4,0,0
682404,6,-4,0,0
682424,6,-4,0,0
682444,6,-4,0,0
682464,6,-4,0,0
682484,6,-4,0,0
682504,6,-4,0,0
682524,6,-4,0,0
682544,6,-4,0,0
682564,6,-4,0,0
682584,6,-4,0,0
682604,6,-4,0,0
682624,6,-4,0,0
682644,6,-4,0,0
682664,6,-4,0,0
682684,6,-4,0,0
682704,6,-4,0,0
682724,6,-4,0,0
682744,6,-4,0,0
682764,6,-4,0,0
682784,6,-5,0,0
682804,6,-5,0,0
682824,6,-4,0,0
682844,6,-4,0,0
682864,6,-4,0,0
682884,6,-4,0,0
682904,6,-4,0,0
682924,6,-4,0,0
682944,6,-4,0,0
682964,6,-4,0,0
682984,6,-4,0,0
683004,6,-5,0,0
683024,6,-5,0,0
683044,6,-5,0,0
683064,6,-4,0,0
683084,6,-4,0,0
683104,6,-4,0,0
683124,6,-4,0,0
683144,6,-4,0,0
683164,6,-4,0,0
683184,6,-4,0,0
683204,6,-4,0,0
683224,6,-4,0,0
683244,6,-5,0,0
683264,6,-4,0,0
683284,6,-4,0,0
683304,6,-5,0,0
683324,6,-5,0,0
683344,6,-5,0,0
683364,6,-4,0,0
683384,6,-4,0,0
683404,6,-4,0,0
683424,6,-5,0,0
683444,6,-5,0,0
683464,6,-5,0,0
683484,6,-5,0,0
683504,6,-5,0,0
683524,6,-5,0,0
683544,6,-5,0,0
683564,6,-5,0,0
683584,6,-5,0,0
683604,6,-5,0,0
683624,6,-5,0,0
683644,6,-5,0,0
683664,6,-5,0,0
683684,6,-5,0,0
683704,6,-5,0,0
683724,6,-4,0,0
683744,6,-4,0,0
683764,6,-4,0,0
683784,6,-4,0,0
683804,6,-4,0,0
683824,6,-4,0,0
683844,6,-4,0,0
683864,6,-4,0,0
683884,6,-4,0,0
683904,6,-5,0,0
683924,6,-5,0,0
683944,6,-5,0,0
683964,6,-5,0,0
683984,6,-5,0,0
684004,6,-5,0,0
684024,6,-5,0,0
684044,6,-5,0,0
684064,6,-4,0,0
684084,6,-5,0,0
684104,6,-5,0,0
684124,6,-4,0,0
684144,6,-4,0,0
684164,6,-4,0,0
684184,6,-5,0,0
684204,6,-5,0,0
684224,6,-5,0,0
684244,6,-5,0,0
684264,6,-5,0,0
684284,6,-5,0,0
684304,6,-5,0,0
684324,6,-4,0,0
684344,6,-4,0,0
684364,6,-5,0,0
684384,6,-4,0,0
684404,6,-4,0,0
684424,6,-4,0,0
684444,6,-4,0,0
684464,6,-4,0,0
684484,6,-4,0,0
684504,6,-4,0,0
684524,6,-4,0,0
684544,6,-4,0,0
684564,6,-4,0,0
684584,6,-4,0,0
684604,6,-4,0,0
684624,6,-4,0,0
684644,6,-4,0,0
684664,6,-4,0,0
684684,6,-4,0,0
684704,6,-4,0,0
684724,6,-4,0,0
684744,6,-4,0,0
684764,6,-4,0,0
684784,6,-4,0,0
684804,6,-4,0,0
684824,6,-4,0,0
684844,6,-4,0,0
684864,6,-4,0,0
684884,6,-4,0,0
684904,6,-5,0,0
684924,6,-4,0,0
684944,6,-4,0,0
684964,6,-4,0,0
684984,6,-4,0,0
685004,6,-4,0,0
685024,6,-4,0,0
685044,6,-4,0,0
685064,6,-4,0,0
685084,6,-4,0,0
685104,6,-4,0,0
685124,6,-4,0,0
685144,6,-4,0,0
685164,6,-4,0,0
685184,6,-4,0,0
685204,6,-4,0,0
685224,6,-4,0,0
685244,6,-4,0,0
685264,6,-4,0,0
685284,6,-4,0,0
685304,6,-4,0,0
685324,6,-4,0,0
685344,6,-4,0,0
685364,6,-5,0,0
685384,6,-5,0,0
685404,6,-5,0,0
685424,6,-5,0,0
685444,6,-4,0,0
685464,6,-5,0,0
685484,6,-5,0,0
685504,6,-4,0,0
685524,6,-5,0,0
685544,6,-4,0,0
685564,6,-4,0,0
685584,6,-4,0,0
685604,6,-4,0,0
685624,6,-4,0,0
685644,6,-5,0,0
685664,6,-4,0,0
685684,6,-4,0,0
685704,6,-5,0,0
685724,6,-4,0,0
685744,6,-4,0,0
685764,6,-4,0,0
685784,6,-4,0,0
685804,6,-4,0,0
685824,6,-4,0,0
685844,6,-4,0,0
685864,6,-4,0,0
685884,6,-4,0,0
685904,6,-4,0,0
685924,6,-4,0,0
685944,6,-4,0,0
685964,6,-4,0,0
685984,6,-4,0,0
686004,6,-4,0,0
686024,6,-4,0,0
686044,6,-5,0,0
686064,6,-5,0,0
686084,6,-5,0,0
686104,6,-5,0,0
686124,6,-5,0,0
686144,6,-5,0,0
686164,6,-5,0,0
686184,6,-5,0,0
686204,6,-5,0,0
686224,6,-4,0,0
686244,6,-4,0,0
686264,6,-4,0,0
686284,6,-5,0,0
686304,6,-5,0,0
686324,6,-5,0,0
686344,6,-5,0,0
686364,6,-5,0,0
686384,6,-5,0,0
686404,6,-5,0,0
686424,6,-5,0,0
686444,6,-5,0,0
686464,6,-5,0,0
686484,6,-5,0,0
686504,6,-5,0,0
686524,6,-5,0,0
686544,6,-5,0,0
686564,6,-5,0,0
686584,6,-5,0,0
686604,6,-5,0,0
686624,6,-5,0,0
686644,6,-5,0,0
686664,6,-5,0,0
686684,6,-4,0,0
686704,6,-4,0,0
686724,6,-4,0,0
686744,6,-4,0,0
686764,6,-4,0,0
686784,6,-4,0,0
686804,6,-4,0,0
686824,6,-4,0,0
686844,6,-5,0,0
686864,6,-4,0,0
686884,6,-4,0,0
686904,6,-4,0,0
686924,6,-5,0,0
686944,6,-5,0,0
686964,6,-5,0,0
686984,6,-5,0,0
687004,6,-5,0,0
687024,6,-5,0,0
687044,6,-5,0,0
687064,6,-5,0,0
687084,6,-5,0,0
687104,6,-4,0,0
687124,6,-5,0,0
687144,6,-4,0,0
687164,6,-4,0,0
687184,6,-4,0,0
687204,6,-4,0,0
687224,6,-4,0,0
687244,6,-4,0,0
687264,6,-5,0,0
687284,6,-5,0,0
687304,6,-5,0,0
687324,6,-5,0,0
687344,6,-5,0,0
687364,6,-5,0,0
687384,6,-5,0,0
687404,6,-5,0,0
687424,6,-5,0,0
687444,6,-4,0,0
687464,6,-4,0,0
687484,6,-4,0,0
687504,6,-4,0,0
687524,6,-5,0,0
687544,6,-4,0,0
687564,6,-5,0,0
687584,6,-5,0,0
687604,6,-4,0,0
687624,6,-4,0,0
687644,6,-4,0,0
687664,6,-4,0,0
687684,6,-4,0,0
687704,6,-4,0,0
687724,6,-4,0,0
687744,6,-4,0,0
687764,6,-4,0,0
687784,6,-5,0,0
687804,6,-5,0,0
687824,6,-4,0,0
687844,6,-4,0,0
687864,6,-4,0,0
687884,6,-5,0,0
687904,6,-5,0,0
687924,6,-5,0,0
687944,6,-5,0,0
687964,6,-5,0,0
687984,6,-5,0,0
688004,6,-5,0,0
688024,6,-5,0,0
688044,6,-5,0,0
688064,6,-5,0,0
688084,6,-4,0,0
688104,6,-5,0,0
688124,6,-5,0,0
688144,6,-4,0,0
688164,6,-4,0,0
688184,6,-4,0,0
688204,6,-4,0,0
688224,6,-4,0,0
688244,6,-4,0,0
688264,6,-4,0,0
688284,6,-5,0,0
688304,6,-4,0,0
688324,6,-5,0,0
688344,6,-5,0,0
688364,6,-5,0,0
688384,6,-5,0,0
688404,6,-5,0,0
688424,6,-4,0,0
688444,6,-5,0,0
688464,6,-5,0,0
688484,6,-5,0,0
688504,6,-5,0,0
688524,6,-5,0,0
688544,6,-5,0,0
688564,6,-5,0,0
688584,6,-5,0,0
688604,6,-5,0,0
688624,6,-5,0,0
688644,6,-5,0,0
688664,6,-5,0,0
688684,6,-5,0,0
688704,6,-5,0,0
688724,6,-5,0,0
688744,6,-5,0,0
688764,6,-5,0,0
688784,6,-5,0,0
688804,6,-5,0,0
688824,6,-5,0,0
688844,6,-5,0,0
688864,6,-4,0,0
688884,6,-4,0,0
688904,6,-5,0,0
688924,6,-5,0,0
688944,6,-5,0,0
688964,6,-5,0,0
688984,6,-5,0,0
689004,6,-5,0,0
689024,6,-5,0,0
689044,6,-5,0,0
689064,6,-5,0,0
689084,6,-5,0,0
689104,6,-5,0,0
689124,6,-5,0,0
689144,6,-5,0,0
689164,6,-5,0,0
689184,6,-5,0,0
689204,6,-4,0,0
689224,6,-4,0,0
689244,6,-4,0,0
689264,6,-4,0,0
689284,6,-4,0,0
689304,6,-5,0,0
689324,6,-4,0,0
689344,6,-4,0,0
689364,6,-4,0,0
689384,6,-5,0,0
689404,6,-5,0,0
689424,6,-5,0,0
689444,6,-5,0,0
689464,6,-5,0,0
689484,6,-4,0,0
689504,6,-5,0,0
689524,6,-5,0,0
689544,6,-5,0,0
689564,6,-5,0,0
689584,6,-5,0,0
689604,6,-5,0,0
689624,6,-5,0,0
689644,6,-5,0,0
689664,6,-5,0,0
689684,6,-5,0,0
689704,6,-4,0,0
689724,6,-5,0,0
689744,6,-5,0,0
689764,6,-5,0,0
689784,6,-4,0,0
689804,6,-4,0,0
689824,6,-4,0,0
689844,6,-4,0,0
689864,6,-4,0,0
689884,6,-5,0,0
689904,6,-5,0,0
689924,6,-4,0,0
689944,6,-4,0,0
689964,6,-4,0,0
689984,6,-4,0,0
690004,6,-4,0,0
690024,6,-5,0,0
690044,6,-4,0,0
690064,6,-5,0,0
690084,6,-4,0,0
690104,6,-5,0,0
690124,6,-4,0,0
690144,6,-4,0,0
690164,6,-4,0,0
690184,6,-5,0,0
690204,6,-4,0,0
690224,6,-4,0,0
690244,6,-4,0,0
690264,6,-5,0,0
690284,6,-5,0,0
690304,6,-5,0,0
690324,6,-5,0,0
690344,6,-5,0,0
690364,6,-5,0,0
690384,6,-5,0,0
690404,6,-5,0,0
690424,6,-5,0,0
690444,6,-5,0,0
690464,6,-5,0,0
690484,6,-4,0,0
690504,6,-5,0,0
690524,6,-5,0,0
690544,6,-5,0,0
690564,6,-5,0,0
690584,6,-5,0,0
690604,6,-5,0,0
690624,6,-5,0,0
690644,6,-5,0,0
690664,6,-5,0,0
690684,6,-5,0,0
690704,6,-4,0,0
690724,6,-5,0,0
690744,6,-4,0,0
690764,6,-4,0,0
690784,6,-4,0,0
690804,6,-4,0,0
690824,6,-4,0,0
690844,6,-5,0,0
690864,6,-5,0,0
690884,6,-5,0,0
690904,6,-5,0,0
690924,6,-5,0,0
690944,6,-5,0,0
690964,6,-5,0,0
690984,6,-5,0,0
691004,6,-5,0,0
691024,6,-5,0,0
691044,6,-5,0,0
691064,6,-5,0,0
691084,6,-5,0,0
691104,6,-5,0,0
691124,6,-4,0,0
691144,6,-4,0,0
691164,6,-4,0,0
691184,6,-5,0,0
691204,6,-5,0,0
691224,6,-5,0,0
691244,6,-5,0,0
691264,6,-5,0,0
691284,6,-5,0,0
691304,6,-4,0,0
691324,6,-4,0,0
691344,6,-4,0,0
691364,6,-5,0,0
691384,6,-5,0,0
691404,6,-5,0,0
691424,6,-5,0,0
691444,6,-5,0,0
691464,6,-5,0,0
691484,6,-5,0,0
691504,6,-5,0,0
691524,6,-5,0,0
691544,6,-5,0,0
691564,6,-5,0,0
691584,6,-5,0,0
691604,6,-5,0,0
691624,6,-5,0,0
691644,6,-5,0,0
691664,6,-4,0,0
691684,6,-5,0,0
691704,6,-5,0,0
691724,6,-5,0,0
691744,6,-5,0,0
691764,6,-5,0,0
691784,6,-5,0,0
691804,6,-5,0,0
691824,6,-5,0,0
691844,6,-5,0,0
691864,6,-5,0,0
691884,6,-5,0,0
691904,6,-5,0,0
691924,6,-5,0,0
691944,6,-5,0,0
691964,6,-5,0,0
691984,6,-5,0,0
692004,6,-5,0,0
692024,6,-4,0,0
692044,6,-4,0,0
692064,6,-5,0,0
692084,6,-4,0,0
692104,6,-4,0,0
692124,6,-4,0,0
692144,6,-4,0,0
692164,6,-5,0,0
692184,6,-5,0,0
692204,6,-4,0,0
692224,6,-5,0,0
692244,6,-4,0,0
692264,6,-4,0,0
692284,6,-5,0,0
692304,6,-4,0,0
692324,6,-4,0,0
692344,6,-5,0,0
692364,6,-5,0,0
692384,6,-5,0,0
692404,6,-5,0,0
692424,6,-5,0,0
692444,6,-5,0,0
692464,6,-5,0,0
692484,6,-5,0,0
692504,6,-5,0,0
692524,6,-5,0,0
692544,6,-5,0,0
692564,6,-5,0,0
692584,6,-5,0,0
692604,6,-5,0,0
692624,6,-5,0,0
692644,6,-5,0,0
692664,6,-4,0,0
692684,6,-4,0,0
692704,6,-4,0,0
692724,6,-4,0,0
692744,6,-4,0,0
692764,6,-5,0,0
692784,6,-5,0,0
692804,6,-5,0,0
692824,6,-5,0,0
692844,6,-5,0,0
692864,6,-5,0,0
692884,6,-5,0,0
692904,6,-5,0,0
692924,6,-5,0,0
692944,6,-5,0,0
692964,6,-4,0,0
692984,6,-4,0,0
693004,6,-4,0,0
693024,6,-4,0,0
693044,6,-4,0,0
693064,6,-5,0,0
693084,6,-5,0,0
693104,6,-4,0,0
693124,6,-4,0,0
693144,6,-4,0,0
693164,6,-5,0,0
693184,6,-5,0,0
693204,6,-4,0,0
693224,6,-4,0,0
693244,6,-4,0,0
693264,6,-5,0,0
693284,6,-5,0,0
693304,6,-4,0,0
693324,6,-4,0,0
693344,6,-4,0,0
693364,6,-5,0,0
693384,6,-5,0,0
693404,6,-4,0,0
693424,6,-5,0,0
693444,6,-5,0,0
693464,6,-5,0,0
693484,6,-5,0,0
693504,6,-5,0,0
693524,6,-5,0,0
693544,6,-5,0,0
693564,6,-5,0,0
693584,6,-5,0,0
693604,6,-5,0,0
693624,6,-5,0,0
693644,6,-5,0,0
693664,6,-5,0,0
693684,6,-5,0,0
693704,6,-4,0,0
693724,6,-4,0,0
693744,6,-4,0,0
693764,6,-5,0,0
693784,6,-5,0,0
693804,6,-5,0,0
693824,6,-5,0,0
693844,6,-4,0,0
693864,6,-4,0,0
693884,6,-4,0,0
693904,6,-4,0,0
693924,6,-4,0,0
693944,6,-5,0,0
693964,6,-4,0,0
693984,6,-5,0,0
694004,6,-4,0,0
694024,6,-5,0,0
694044,6,-5,0,0
694064,6,-5,0,0
694084,6,-5,0,0
694104,6,-5,0,0
694124,6,-5,0,0
694144,6,-5,0,0
694164,6,-5,0,0
694184,6,-5,0,0
694204,6,-5,0,0
694224,6,-5,0,0
694244,6,-5,0,0
694264,6,-5,0,0
694284,6,-5,0,0
694304,6,-5,0,0
694324,6,-5,0,0
694344,6,-5,0,0
694364,6,-5,0,0
694384,6,-5,0,0
694404,6,-5,0,0
694424,6,-5,0,0
694444,6,-5,0,0
694464,6,-5,0,0
694484,6,-4,0,0
694504,6,-5,0,0
694524,6,-5,0,0
694544,6,-4,0,0
694564,6,-4,0,0
694584,6,-4,0,0
694604,6,-4,0,0
694624,6,-4,0,0
694644,6,-4,0,0
694664,6,-4,0,0
694684,6,-4,0,0
694704,6,-4,0,0
694724,6,-4,0,0
694744,6,-4,0,0
694764,6,-4,0,0
694784,6,-4,0,0
694804,6,-4,0,0
694824,6,-4,0,0
694844,6,-4,0,0
694864,6,-4,0,0
694884,6,-4,0,0
694904,6,-4,0,0
694924,6,-4,0,0
694944,6,-4,0,0
694964,6,-4,0,0
694984,6,-4,0,0
695004,6,-4,0,0
695024,6,-4,0,0
695044,6,-4,0,0
695064,6,-4,0,0
695084,6,-4,0,0
695104,6,-4,0,0
695124,6,-4,0,0
695144,6,-4,0,0
695164,6,-4,0,0
695184,6,-4,0,0
695204,6,-4,0,0
695224,6,-4,0,0
695244,6,-4,0,0
695264,6,-4,0,0
695284,6,-4,0,0
695304,6,-4,0,0
695324,6,-4,0,0
695344,6,-4,0,0
695364,6,-4,0,0
695384,6,-4,0,0
695404,6,-4,0,0
695424,6,-4,0,0
695444,6,-4,0,0
695464,6,-5,0,0
695484,6,-5,0,0
695504,6,-5,0,0
695524,6,-5,0,0
695544,6,-5,0,0
695564,6,-5,0,0
695584,6,-5,0,0
695604,6,-5,0,0
695624,6,-5,0,0
695644,6,-4,0,0
695664,6,-4,0,0
695684,6,-4,0,0
695704,6,-5,0,0
695724,6,-4,0,0
695744,6,-5,0,0
695764,6,-4,0,0
695784,6,-4,0,0
695804,6,-4,0,0
695824,6,-4,0,0
695844,6,-4,0,0
695864,6,-4,0,0
695884,6,-4,0,0
695904,6,-4,0,0
695924,6,-4,0,0
695944,6,-4,0,0
695964,6,-4,0,0
695984,6,-4,0,0
696004,6,-4,0,0
696024,6,-4,0,0
696044,6,-4,0,0
696064,6,-4,0,0
696084,6,-4,0,0
696104,6,-4,0,0
696124,6,-5,0,0
696144,6,-5,0,0
696164,6,-5,0,0
696184,6,-5,0,0
696204,6,-5,0,0
696224,6,-5,0,0
696244,6,-5,0,0
696264,6,-5,0,0
696284,6,-5,0,0
696304,6,-5,0,0
696324,6,-5,0,0
696344,6,-5,0,0
696364,6,-5,0,0
696384,6,-5,0,0
696404,6,-4,0,0
696424,6,-5,0,0
696444,6,-5,0,0
696464,6,-5,0,0
696484,6,-4,0,0
696504,6,-4,0,0
696524,6,-4,0,0
696544,6,-5,0,0
696564,6,-5,0,0
696584,6,-4,0,0
696604,6,-5,0,0
696624,6,-4,0,0
696644,6,-4,0,0
696664,6,-4,0,0
696684,6,-5,0,0
696704,6,-5,0,0
696724,6,-5,0,0
696744,6,-5,0,0
696764,6,-5,0,0
696784,6,-4,0,0
696804,6,-4,0,0
696824,6,-4,0,0
696844,6,-4,0,0
696864,6,-4,0,0
696884,6,-4,0,0
696904,6,-4,0,0
696924,6,-4,0,0
696944,6,-4,0,0
696964,6,-4,0,0
696984,6,-4,0,0
697004,6,-4,0,0
697024,6,-4,0,0
697044,6,-4,0,0
697064,6,-4,0,0
697084,6,-4,0,0
697104,6,-4,0,0
697124,6,-4,0,0
697144,6,-4,0,0
697164,6,-4,0,0
697184,6,-4,0,0
697204,6,-4,0,0
697224,6,-4,0,0
697244,6,-4,0,0
697264,6,-4,0,0
697284,6,-4,0,0
697304,6,-4,0,0
697324,6,-4,0,0
697344,6,-4,0,0
697364,6,-5,0,0
697384,6,-4,0,0
697404,6,-4,0,0
697424,6,-5,0,0
697444,6,-4,0,0
697464,6,-4,0,0
697484,6,-4,0,0
697504,6,-4,0,0
697524,6,-4,0,0
697544,6,-4,0,0
697564,6,-4,0,0
697584,6,-4,0,0
697604,6,-4,0,0
697624,6,-4,0,0
697644,6,-4,0,0
697664,6,-5,0,0
697684,6,-5,0,0
697704,6,-5,0,0
697724,6,-5,0,0
697744,6,-5,0,0
697764,6,-5,0,0
697784,6,-4,0,0
697804,6,-4,0,0
697824,6,-4,0,0
697844,6,-5,0,0
697864,6,-4,0,0
697884,6,-5,0,0
697904,6,-5,0,0
697924,6,-4,0,0
697944,6,-5,0,0
697964,6,-4,0,0
697984,6,-5,0,0
698004,6,-5,0,0
698024,6,-5,0,0
698044,6,-5,0,0
698064,6,-5,0,0
698084,6,-5,0,0
698104,6,-4,0,0
698124,6,-4,0,0
698144,6,-4,0,0
698164,6,-5,0,0
698184,6,-5,0,0
698204,6,-5,0,0
698224,6,-5,0,0
698244,6,-5,0,0
698264,6,-5,0,0
698284,6,-5,0,0
698304,6,-5,0,0
698324,6,-5,0,0
698344,6,-4,0,0
698364,6,-4,0,0
698384,6,-4,0,0
698404,6,-4,0,0
698424,6,-4,0,0
698444,6,-4,0,0
698464,6,-4,0,0
698484,6,-4,0,0
698504,6,-4,0,0
698524,6,-4,0,0
698544,6,-4,0,0
698564,6,-4,0,0
698584,6,-4,0,0
698604,6,-4,0,0
698624,6,-4,0,0
698644,6,-4,0,0
698664,6,-5,0,0
698684,6,-5,0,0
698704,6,-4,0,0
698724,6,-4,0,0
698744,6,-4,0,0
698764,6,-4,0,0
698784,6,-4,0,0
698804,6,-4,0,0
698824,6,-4,0,0
698844,6,-5,0,0
698864,6,-5,0,0
698884,6,-5,0,0
698904,6,-4,0,0
698924,6,-4,0,0
698944,6,-4,0,0
698964,6,-4,0,0
698984,6,-5,0,0
699004,6,-5,0,0
699024,6,-4,0,0
699044,6,-4,0,0
699064,6,-5,0,0
699084,6,-4,0,0
699104,6,-4,0,0
699124,6,-4,0,0
699144,6,-4,0,0
699164,6,-4,0,0
699184,6,-4,0,0
699204,6,-4,0,0
699224,6,-4,0,0
699244,6,-4,0,0
699264,6,-4,0,0
699284,6,-4,0,0
699304,6,-5,0,0
699324,6,-5,0,0
699344,6,-5,0,0
699364,6,-4,0,0
699384,6,-4,0,0
699404,6,-4,0,0
699424,6,-4,0,0
699444,6,-4,0,0
699464,6,-4,0,0
699484,6,-4,0,0
699504,6,-4,0,0
699524,6,-4,0,0
699544,6,-4,0,0
699564,6,-4,0,0
699584,6,-4,0,0
699604,6,-4,0,0
699624,6,-4,0,0
699644,6,-4,0,0
699664,6,-4,0,0
699684,6,-4,0,0
699704,6,-4,0,0
699724,6,-4,0,0
699744,6,-4,0,0
699764,6,-4,0,0
699784,6,-4,0,0
699804,6,-4,0,0
699824,6,-4,0,0
699844,6,-4,0,0
699864,6,-4,0,0
699884,6,-4,0,0
699904,6,-5,0,0
699924,6,-5,0,0
699944,6,-5,0,0
699964,6,-5,0,0
699984,6,-5,0,0
700004,6,-5,0,0
700024,6,-5,0,0
700044,6,-5,0,0
700064,6,-5,0,0
700084,6,-5,0,0
700104,6,-5,0,0
700124,6,-4,0,0
700144,6,-5,0,0
700164,6,-5,0,0
700184,6,-4,0,0
700204,6,-4,0,0
700224,6,-5,0,0
700244,6,-5,0,0
700264,6,-4,0,0
700284,6,-4,0,0
700304,6,-4,0,0
700324,6,-4,0,0
700344,6,-4,0,0
700364,6,-4,0,0
700384,6,-4,0,0
700404,6,-4,0,0
700424,6,-4,0,0
700444,6,-4,0,0
700464,6,-4,0,0
700484,6,-4,0,0
700504,6,-5,0,0
700524,6,-5,0,0
700544,6,-5,0,0
700564,6,-5,0,0
700584,6,-4,0,0
700604,6,-5,0,0
700624,6,-5,0,0
700644,6,-5,0,0
700664,6,-5,0,0
700684,6,-5,0,0
700704,6,-5,0,0
700724,6,-5,0,0
700744,6,-5,0,0
700764,6,-5,0,0
700784,6,-5,0,0
700804,6,-5,0,0
700824,6,-5,0,0
700844,6,-5,0,0
700864,6,-5,0,0
700884,6,-4,0,0
700904,6,-5,0,0
700924,6,-4,0,0
700944,6,-5,0,0
700964,6,-5,0,0
700984,6,-5,0,0
701004,6,-4,0,0
701024,6,-5,0,0
701044,6,-5,0,0
701064,6,-4,0,0
701084,6,-4,0,0
701104,6,-4,0,0
701124,6,-4,0,0
701144,6,-4,0,0
701164,6,-5,0,0
701184,6,-5,0,0
701204,6,-5,0,0
701224,6,-4,0,0
701244,6,-4,0,0
701264,6,-5,0,0
701284,6,-5,0,0
701304,6,-5,0,0
701324,6,-5,0,0
701344,6,-5,0,0
701364,6,-5,0,0
701384,6,-5,0,0
701404,6,-5,0,0
701424,6,-5,0,0
701444,6,-5,0,0
701464,6,-5,0,0
701484,6,-5,0,0
701504,6,-5,0,0
701524,6,-5,0,0
701544,6,-5,0,0
701564,6,-5,0,0
701584,6,-5,0,0
701604,6,-5,0,0
701624,6,-5,0,0
701644,6,-5,0,0
701664,6,-5,0,0
701684,6,-5,0,0
701704,6,-5,0,0
701724,6,-5,0,0
701744,6,-5,0,0
701764,6,-5,0,0
701784,6,-5,0,0
701804,6,-5,0,0
701824,6,-5,0,0
701844,6,-5,0,0
701864,6,-5,0,0
701884,6,-5,0,0
701904,6,-5,0,0
701924,6,-5,0,0
701944,6,-5,0,0
701964,6,-5,0,0
701984,6,-5,0,0
702004,6,-5,0,0
702024,6,-5,0,0
702044,6,-5,0,0
702064,6,-5,0,0
702084,6,-5,0,0
702104,6,-5,0,0
702124,6,-5,0,0
702144,6,-5,0,0
702164,6,-5,0,0
702184,6,-5,0,0
702204,6,-5,0,0
702224,6,-5,0,0
702244,6,-5,0,0
702264,6,-4,0,0
702284,6,-5,0,0
702304,6,-5,0,0
702324,6,-5,0,0
702344,6,-5,0,0
702364,6,-5,0,0
702384,6,-4,0,0
702404,6,-4,0,0
702424,6,-4,0,0
702444,6,-4,0,0
702464,6,-4,0,0
702484,6,-4,0,0
702504,6,-5,0,0
702524,6,-5,0,0
702544,6,-5,0,0
702564,6,-5,0,0
702584,6,-5,0,0
702604,6,-5,0,0
702624,6,-5,0,0
702644,6,-5,0,0
702664,6,-5,0,0
702684,6,-5,0,0
702704,6,-5,0,0
702724,6,-5,0,0
702744,6,-5,0,0
702764,6,-5,0,0
702784,6,-5,0,0
702804,6,-5,0,0
702824,6,-4,0,0
702844,6,-4,0,0
702864,6,-4,0,0
702884,6,-4,0,0
702904,6,-4,0,0
702924,6,-4,0,0
702944,6,-4,0,0
702964,6,-5,0,0
702984,6,-5,0,0
703004,6,-4,0,0
703024,6,-5,0,0
703044,6,-5,0,0
703064,6,-5,0,0
703084,6,-5,0,0
703104,6,-5,0,0
703124,6,-5,0,0
703144,6,-5,0,0
703164,6,-5,0,0
703184,6,-5,0,0
703204,6,-5,0,0
703224,6,-5,0,0
703244,6,-5,0,0
703264,6,-5,0,0
703284,6,-5,0,0
703304,6,-5,0,0
703324,6,-5,0,0
703344,6,-5,0,0
703364,6,-5,0,0
703384,6,-4,0,0
703404,6,-4,0,0
703424,6,-5,0,0
703444,6,-4,0,0
703464,6,-4,0,0
703484,6,-5,0,0
703504,6,-4,0,0
703524,6,-4,0,0
703544,6,-4,0,0
703564,6,-4,0,0
703584,6,-4,0,0
703604,6,-4,0,0
703624,6,-4,0,0
703644,6,-5,0,0
703664,6,-5,0,0
703684,6,-4,0,0
703704,6,-5,0,0
703724,6,-5,0,0
703744,6,-5,0,0
703764,6,-5,0,0
703784,6,-5,0,0
703804,6,-5,0,0
703824,6,-5,0,0
703844,6,-5,0,0
703864,6,-5,0,0
703884,6,-5,0,0
703904,6,-4,0,0
703924,6,-5,0,0
703944,6,-5,0,0
703964,6,-5,0,0
703984,6,-5,0,0
704004,6,-5,0,0
704024,6,-5,0,0
704044,6,-5,0,0
704064,6,-5,0,0
704084,6,-5,0,0
704104,6,-5,0,0
704124,6,-5,0,0
704144,6,-5,0,0
704164,6,-5,0,0
704184,6,-5,0,0
704204,6,-5,0,0
704224,6,-5,0,0
704244,6,-5,0,0
704264,6,-5,0,0
704284,6,-5,0,0
704304,6,-5,0,0
704324,6,-5,0,0
704344,6,-5,0,0
704364,6,-5,0,0
704384,6,-5,0,0
704404,6,-5,0,0
704424,6,-5,0,0
704444,6,-5,0,0
704464,6,-5,0,0
704484,6,-5,0,0
704504,6,-5,0,0
704524,6,-5,0,0
704544,6,-5,0,0
704564,6,-5,0,0
704584,6,-5,0,0
704604,6,-5,0,0
704624,6,-5,0,0
704644,6,-5,0,0
704664,6,-5,0,0
704684,6,-5,0,0
704704,6,-5,0,0
704724,6,-5,0,0
704744,6,-5,0,0
704764,6,-5,0,0
704784,6,-5,0,0
704804,6,-5,0,0
704824,6,-5,0,0
704844,6,-5,0,0
704864,6,-4,0,0
704884,6,-5,0,0
704904,6,-5,0,0
704924,6,-5,0,0
704944,6,-5,0,0
704964,6,-5,0,0
704984,6,-5,0,0
705004,6,-5,0,0
705024,6,-5,0,0
705044,6,-5,0,0
705064,6,-5,0,0
705084,6,-5,0,0
705104,6,-5,0,0
705124,6,-5,0,0
705144,6,-5,0,0
705164,6,-5,0,0
705184,6,-5,0,0
705204,6,-5,0,0
705224,6,-5,0,0
705244,6,-5,0,0
705264,6,-4,0,0
705284,6,-5,0,0
705304,6,-5,0,0
705324,6,-4,0,0
705344,6,-5,0,0
705364,6,-5,0,0
705384,6,-5,0,0
705404,6,-5,0,0
705424,6,-4,0,0
705444,6,-5,0,0
705464,6,-5,0,0
705484,6,-5,0,0
705504,6,-4,0,0
705524,6,-5,0,0
705544,6,-4,0,0
705564,6,-4,0,0
705584,6,-5,0,0
705604,6,-4,0,0
705624,6,-4,0,0
705644,6,-4,0,0
705664,6,-4,0,0
705684,6,-4,0,0
705704,6,-4,0,0
705724,6,-5,0,0
705744,6,-4,0,0
705764,6,-5,0,0
705784,6,-4,0,0
705804,6,-4,0,0
705824,6,-4,0,0
705844,6,-4,0,0
705864,6,-4,0,0
705884,6,-4,0,0
705904,6,-4,0,0
705924,6,-4,0,0
705944,6,-4,0,0
705964,6,-4,0,0
705984,6,-4,0,0
706004,6,-4,0,0
706024,6,-4,0,0
706044,6,-4,0,0
706064,6,-4,0,0
706084,6,-4,0,0
706104,6,-4,0,0
706124,6,-5,0,0
